,p_val,avg_log2FC,pct.1,pct.2,p_val_adj
Prr15,2.55E-25,3.738096528,0.615,0.091,5.95E-21
Arxes1,4.96E-22,3.574737605,0.642,0.207,1.16E-17
Cyp26a1,6.17E-15,3.543868256,0.406,0.055,1.44E-10
Npy1r,3.13E-31,3.28779803,0.866,0.427,7.30E-27
Wfdc17,5.09E-09,3.137991848,0.23,0.018,0.000118612
A630023A22Rik,4.27E-14,2.861559254,0.412,0.061,9.95E-10
Crybb3,1.54E-10,2.622892901,0.326,0.055,3.59E-06
Serpina3i,3.03E-07,2.619594879,0.176,0.012,0.007060428
Traf3ip3,9.70E-19,2.601511611,0.62,0.177,2.26E-14
Arhgef38,3.33E-08,2.49687026,0.348,0.104,0.000775836
Fxyd7,3.38E-20,2.47527824,0.872,0.726,7.87E-16
Ggt5,1.67E-14,2.315048785,0.551,0.159,3.89E-10
Cdkn1a,1.77E-19,2.314035815,0.786,0.439,4.13E-15
Arxes2,2.49E-22,2.294925774,0.872,0.713,5.79E-18
Ccl21a,4.79E-07,2.252909845,0.187,0.018,0.011147847
Tifa,6.15E-25,2.205053868,0.866,0.482,1.43E-20
Tspan2,4.08E-08,2.090099023,0.433,0.171,0.000949035
Cdkn3,7.83E-09,2.05381515,0.353,0.091,0.000182342
Ebf4,4.89E-09,2.036469138,0.401,0.122,0.0001138
Mfsd4b1,6.38E-08,1.981230438,0.289,0.061,0.00148518
Sox11,6.98E-12,1.961205964,0.674,0.372,1.63E-07
Phlda1,5.34E-29,1.903141422,0.957,0.787,1.24E-24
Mtus2,1.17E-11,1.864311151,0.561,0.232,2.73E-07
Rgs6,2.78E-13,1.831747042,0.845,0.652,6.48E-09
Dnah8,4.48E-07,1.665607666,0.246,0.049,0.010442158
Ier5l,3.08E-10,1.605118244,0.433,0.128,7.17E-06
Shf,4.63E-10,1.549001792,0.524,0.207,1.08E-05
Vgf,4.79E-16,1.548479841,0.861,0.591,1.12E-11
Bcl6,1.26E-12,1.506696206,0.615,0.244,2.94E-08
Calca,7.45E-10,1.506072522,0.888,0.872,1.73E-05
Serpina3n,3.98E-31,1.501929782,0.984,0.957,9.26E-27
Myocd,1.27E-06,1.49347562,0.476,0.238,0.029494543
Nptx2,1.10E-09,1.460348647,0.658,0.348,2.57E-05
Rec114,1.21E-06,1.359839218,0.406,0.177,0.028200983
Top1mt,1.32E-06,1.34448406,0.433,0.183,0.030807058
Lgals3,7.27E-07,1.300409522,0.417,0.177,0.016933231
Syngr2,1.68E-06,1.250223901,0.476,0.232,0.039060888
Fxyd1,6.25E-07,1.24863529,0.62,0.409,0.014545728
Rgs2,3.51E-13,1.227432404,0.861,0.683,8.17E-09
Bcl3,3.74E-09,1.226799718,0.642,0.317,8.71E-05
Ppp1r14c,5.21E-08,1.187729566,0.561,0.28,0.001212883
Lxn,8.01E-08,1.174118686,0.824,0.616,0.001865461
Vim,7.36E-17,1.133970061,0.957,0.86,1.71E-12
Parp3,1.94E-07,1.098594126,0.428,0.171,0.004516559
Bcl2,5.89E-08,1.07054736,0.717,0.488,0.001371426
Rhou,5.63E-12,1.069977008,0.882,0.671,1.31E-07
Ifi27l2a,2.88E-07,1.069618352,0.963,0.896,0.00670504
Lix1,3.51E-10,1.065511907,0.925,0.805,8.17E-06
Susd2,2.73E-22,1.051361251,0.979,0.884,6.36E-18
Kif22,6.88E-11,1.03834264,0.898,0.848,1.60E-06
Cst3,1.04E-13,1.019549814,0.995,0.976,2.42E-09
Agtrap,5.56E-10,0.999773621,0.786,0.543,1.29E-05
Bdnf,1.10E-16,0.941467302,0.968,0.896,2.55E-12
Ugcg,3.87E-14,0.924616372,0.936,0.872,9.01E-10
Tnfrsf1a,1.40E-06,0.911198629,0.679,0.421,0.03267497
Id3,6.96E-07,0.89133951,0.749,0.47,0.016203643
Cd63,1.63E-12,0.880033897,0.973,0.896,3.80E-08
Emp3,3.05E-12,0.85250417,0.979,0.878,7.10E-08
Mpv17l2,8.85E-07,0.845179145,0.754,0.573,0.020599536
Arpc1b,3.67E-22,0.836136632,0.984,0.957,8.55E-18
Lgals1,1.95E-13,0.835239599,0.995,0.988,4.53E-09
Ptpn1,1.19E-11,0.83378134,0.909,0.756,2.76E-07
Kcng1,4.07E-07,0.82578737,0.856,0.701,0.009487416
Flrt3,6.17E-10,0.793087858,0.925,0.817,1.44E-05
Card19,1.43E-06,0.790966599,0.824,0.665,0.03333635
Nectin3,3.62E-13,0.784100815,0.947,0.878,8.42E-09
Tmem205,2.05E-08,0.768257,0.872,0.72,0.000477778
Dusp26,1.80E-19,0.757404279,0.968,0.939,4.19E-15
Psmb3,6.36E-09,0.754076866,0.968,0.933,0.000148071
Slk,5.57E-11,0.747150064,0.947,0.86,1.30E-06
Bud31,1.10E-06,0.736698261,0.791,0.64,0.025641988
Rbm3,8.13E-14,0.731607151,0.963,0.945,1.89E-09
Prr13,1.39E-22,0.72950596,0.995,0.97,3.23E-18
Laptm4b,9.25E-10,0.72678112,0.898,0.817,2.15E-05
Susd6,4.48E-10,0.724762413,0.936,0.902,1.04E-05
Cnst,1.51E-08,0.71572732,0.845,0.677,0.000352538
Socs3,8.46E-09,0.710089481,0.866,0.604,0.000197055
Camk2n1,2.99E-08,0.707710638,0.963,0.957,0.000697455
Ehd3,1.63E-12,0.704213874,0.968,0.933,3.80E-08
Galnt9,7.95E-07,0.704208205,0.893,0.817,0.018507664
Psma5,6.04E-10,0.698391466,0.947,0.878,1.41E-05
Fdps,1.59E-12,0.680420876,0.995,0.957,3.71E-08
Gstm5,3.60E-07,0.66461729,0.947,0.884,0.008378117
Ctnnbl1,6.96E-08,0.662383008,0.898,0.78,0.001620786
Hs6st1,5.07E-13,0.653906598,0.963,0.951,1.18E-08
Adcyap1,1.70E-11,0.653019073,0.995,0.97,3.96E-07
Dbi,2.67E-08,0.652537118,0.989,0.982,0.000620645
Sbno2,1.68E-07,0.608815251,0.882,0.707,0.003909037
Mvd,2.76E-07,0.602872012,0.84,0.622,0.006417924
Prdx2,1.30E-09,0.599966855,0.995,0.982,3.02E-05
Nme2,2.05E-19,0.593643558,0.984,0.982,4.78E-15
Fabp5,7.50E-10,0.589416144,0.995,0.994,1.75E-05
Tceal9,1.29E-14,0.588527009,0.979,0.982,3.01E-10
Clic1,6.47E-10,0.587488723,0.973,0.97,1.51E-05
Fam162a,1.63E-07,0.580466891,0.952,0.909,0.003786535
Rhoc,2.41E-07,0.577126131,0.898,0.75,0.005618323
Ubac1,1.36E-06,0.576292352,0.936,0.878,0.031774612
Arl6ip4,7.92E-07,0.573170628,0.925,0.872,0.018452676
Tmem100,1.17E-07,0.571881692,0.968,0.939,0.00273053
Psma7,7.21E-10,0.568068986,0.984,0.982,1.68E-05
Cacna2d1,2.84E-11,0.560685043,0.989,0.945,6.62E-07
Rbis,5.90E-09,0.554001819,0.93,0.823,0.000137361
Eif3k,1.81E-08,0.543542291,0.979,0.976,0.000420578
Swi5,2.70E-11,0.543188732,0.989,0.97,6.28E-07
Cd24a,1.05E-07,0.542067211,0.979,0.97,0.002435037
Taf10,1.36E-06,0.539071407,0.957,0.878,0.031786829
Gpx1,2.54E-11,0.537226458,0.984,0.976,5.90E-07
Psenen,1.20E-07,0.529782616,0.963,0.945,0.00280236
Fbxo2,5.54E-09,0.529480776,0.989,0.963,0.000129117
Pgls,8.73E-09,0.52404901,0.984,0.933,0.000203378
Myl12b,5.44E-08,0.522448461,0.989,0.982,0.001268013
Crip1,1.50E-06,0.517640726,0.984,0.97,0.034984398
Atp1b1,5.23E-07,0.514104433,0.973,0.982,0.012185414
S100a11,3.07E-08,0.51299152,0.989,0.988,0.000715153
Tm2d1,2.14E-09,0.512489967,0.984,0.957,4.99E-05
Nacc2,9.02E-13,0.511722704,0.995,0.963,2.10E-08
Ctnnbip1,1.89E-08,0.509583828,0.957,0.927,0.0004404
Pin4,7.26E-08,0.509229918,0.957,0.921,0.00169168
Slc25a1,7.28E-10,0.507938853,0.952,0.939,1.70E-05
Cox5a,3.77E-12,0.506402553,1,0.994,8.79E-08
Uqcrb,1.32E-07,0.505488658,0.989,0.97,0.00308555
Cda,3.59E-08,0.495287529,0.957,0.939,0.000836736
Sfr1,7.24E-09,0.490958386,0.979,0.933,0.000168532
Npdc1,4.80E-10,0.487772209,0.984,0.945,1.12E-05
Terf1,1.33E-08,0.482742319,0.957,0.951,0.00030898
Snf8,1.06E-07,0.476841808,0.936,0.902,0.002474332
Emc6,1.80E-08,0.469978865,0.963,0.909,0.000420257
Timm10b,3.31E-07,0.466386532,0.963,0.97,0.007696736
Scd1,6.29E-08,0.464574229,0.989,0.976,0.001465202
Cox6c,2.25E-15,0.462468785,1,1,5.23E-11
Serpinb6a,1.75E-12,0.460525489,0.989,0.988,4.08E-08
Mrpl42,5.63E-08,0.452885242,0.957,0.872,0.001310348
Tmem147,3.01E-07,0.448665095,0.936,0.909,0.007018897
Anxa2,4.36E-08,0.448270571,0.989,0.994,0.001015059
Cnbp,8.79E-10,0.447971397,0.989,0.939,2.05E-05
Tubb2b,1.77E-07,0.447957143,0.984,0.982,0.004119569
Ftl1,3.30E-12,0.444885265,0.989,0.982,7.68E-08
Pmp22,4.38E-09,0.436115453,0.979,0.97,0.000102116
Mrpl20,8.88E-09,0.435604512,0.989,0.976,0.000206779
Atp6v0b,5.95E-07,0.430669277,0.989,0.982,0.013859688
Krtcap2,1.78E-08,0.430608558,0.968,0.939,0.000414906
Ube2d1,3.11E-08,0.430153959,0.968,0.951,0.000725285
Gapdh,1.14E-06,0.419928276,1,0.994,0.0264854
Mrpl51,2.45E-08,0.415350911,0.989,0.951,0.00057005
Tspan17,4.92E-09,0.414575457,0.979,0.982,0.000114496
Ube2k,1.56E-06,0.410636828,0.979,0.927,0.03635927
Ranbp1,1.43E-06,0.407051798,0.979,0.933,0.033334047
Mif,3.83E-07,0.406551143,0.984,0.976,0.008922722
Eif1,3.25E-17,0.398077127,1,1,7.56E-13
Pomp,4.81E-08,0.392016044,0.995,0.982,0.001119677
Prph,2.82E-12,0.385729127,1,0.994,6.56E-08
Cox5b,1.06E-06,0.385465133,0.995,0.982,0.024643093
Tpt1,1.56E-22,0.382158259,1,1,3.64E-18
Slc25a4,5.81E-12,0.379400649,1,1,1.35E-07
Rpl29,2.36E-08,0.378411667,1,0.97,0.000549868
Atp5g1,7.29E-09,0.376790361,1,0.982,0.000169817
Nap1l1,5.69E-08,0.374411101,0.979,0.97,0.001325206
S100a10,2.33E-08,0.374128029,1,1,0.000543261
Rps2,5.70E-13,0.373835402,0.984,0.994,1.33E-08
Skp1a,2.32E-09,0.372922786,0.995,0.982,5.40E-05
Tmem234,1.42E-06,0.372460112,0.952,0.939,0.033038649
Cox4i1,7.44E-12,0.367933446,0.995,0.994,1.73E-07
Rwdd1,3.24E-07,0.367880225,0.979,0.957,0.007548875
Btf3,2.22E-09,0.361725321,0.989,0.982,5.17E-05
Tmem176b,2.09E-07,0.348487362,0.995,1,0.004871259
Ywhah,1.13E-22,0.347549655,1,1,2.64E-18
Pdcd5,5.06E-08,0.342339847,0.995,0.976,0.001177558
Ap2s1,1.45E-06,0.337343893,0.979,0.963,0.033799751
Ndufa13,1.30E-06,0.335405446,0.989,1,0.03025182
Ndufb2,6.64E-07,0.332946221,0.989,0.976,0.015455448
Eloc,1.93E-07,0.331064684,0.989,0.976,0.00449917
Atp5d,6.48E-07,0.33071008,0.995,0.982,0.015082237
Snx10,2.38E-07,0.330604798,0.989,0.97,0.005531141
Eef1b2,4.61E-10,0.323846434,0.979,0.963,1.07E-05
Arpc2,2.61E-08,0.32358112,0.952,0.976,0.000607185
Rpl10a,5.98E-07,0.321051313,0.989,0.97,0.013934675
Eif5a,4.33E-07,0.318118242,0.979,0.963,0.010076187
Rps15,1.17E-06,0.316599789,1,0.988,0.027200585
Rps6,9.50E-08,0.312601991,0.984,0.957,0.002212504
Rbx1,4.88E-08,0.311207056,0.995,0.988,0.00113643
Rps17,5.09E-07,0.310011518,0.984,0.982,0.01185659
Txn1,1.88E-07,0.309552977,0.995,0.988,0.004373431
Rplp0,2.43E-07,0.307961997,0.973,0.982,0.00565698
Atp5h,1.70E-06,0.307307147,1,0.988,0.039595839
Arhgdig,1.82E-07,0.306339984,0.995,0.982,0.004238711
Cox6a1,1.54E-06,0.30300189,1,1,0.035829576
Rps13,2.39E-08,0.302509558,0.989,0.976,0.000556558
Rpl7,1.35E-06,0.29876773,0.989,0.976,0.031393752
Tomm5,1.63E-07,0.294137715,0.984,0.982,0.003803461
Rpl17,1.35E-09,0.293137909,0.989,0.988,3.13E-05
Vwa5a,1.55E-06,0.291604501,0.989,0.982,0.036207993
Rpl18,6.14E-08,0.290250555,0.979,0.976,0.001430936
Atp5l,4.97E-07,0.288886985,0.995,1,0.011567789
Bex2,4.19E-07,0.286875869,0.995,1,0.009750502
Stmn2,5.37E-08,0.282382082,1,1,0.001249454
Bex3,2.09E-08,0.28176076,0.995,0.988,0.000486969
Rpl14,3.17E-07,0.280672356,0.995,0.988,0.0073852
Rps18,4.60E-08,0.266246186,0.989,0.988,0.001070883
Ddah1,3.95E-07,0.266244867,0.973,0.994,0.009199328
Dynll1,4.93E-07,0.265672918,0.995,0.994,0.011472774
Npm1,1.62E-06,0.264753252,0.984,0.982,0.037764463
Rpl28,5.24E-09,0.264549306,0.989,0.994,0.000121998
Rps27l,1.26E-06,0.257900734,0.973,0.982,0.029377268
Map1lc3b,2.25E-07,0.248400939,0.979,1,0.005242847
Hsp90ab1,1.09E-09,0.245905277,0.995,1,2.54E-05
Rpl27,8.99E-07,0.240832465,0.989,0.994,0.020924855
Eef1a1,7.73E-08,0.236497942,0.995,1,0.001799434
Rps14,9.59E-08,0.235121283,0.995,0.994,0.002232615
Rps5,1.06E-06,0.234846666,0.989,1,0.024709437
Gabarap,6.41E-07,0.232191718,0.995,0.994,0.014919112
Uqcrq,1.87E-06,0.231519231,0.995,0.994,0.043626889
Rpl6,2.10E-06,0.228141705,0.984,0.988,0.048805984
Fstl1,3.12E-07,0.227208804,1,0.994,0.007262542
Chchd2,4.78E-07,0.198343144,1,1,0.011130879
Rpl23,3.12E-07,0.172519416,1,1,0.007262542
Rps28,1.02E-07,-0.223198639,0.989,0.988,0.002386668
Rpl37,2.21E-09,-0.234869728,0.995,1,5.14E-05
Rps21,1.90E-09,-0.262055678,1,0.994,4.43E-05
Rit2,2.74E-07,-0.269368232,0.995,0.988,0.006384933
Ebf1,4.20E-09,-0.27153579,1,1,9.77E-05
App,2.48E-09,-0.291127274,0.995,1,5.78E-05
Ywhab,6.96E-11,-0.30087695,0.995,0.988,1.62E-06
Map4,4.89E-09,-0.302765567,0.989,0.976,0.000113778
Elavl4,2.48E-08,-0.30833763,0.979,0.994,0.000577184
Camta1,3.21E-07,-0.313137156,0.979,0.982,0.007467389
L1cam,2.40E-07,-0.319381604,0.979,0.982,0.005578129
Ank2,1.59E-07,-0.324479807,0.989,1,0.003707181
Dpysl2,1.83E-08,-0.329911008,0.995,0.994,0.000427134
Ap2a2,6.58E-07,-0.331979632,0.973,0.994,0.015329811
Gnao1,5.71E-08,-0.333132926,0.973,0.994,0.001329363
Rps27,3.41E-14,-0.338612069,0.995,0.994,7.94E-10
2900097C17Rik,6.62E-11,-0.340899497,0.995,0.988,1.54E-06
Jak1,2.58E-08,-0.348814985,0.984,1,0.000600365
Gpx4,1.54E-12,-0.350740259,1,1,3.59E-08
Kcnab2,1.64E-06,-0.352046695,0.979,0.963,0.038255982
Cox17,2.99E-09,-0.357833024,0.979,0.982,6.96E-05
Itfg1,4.44E-08,-0.358200534,0.979,0.957,0.001032872
Pclo,9.68E-07,-0.361013516,0.968,0.976,0.022552937
Ppp1r2,1.44E-11,-0.36518782,0.984,0.988,3.36E-07
Timp2,1.04E-11,-0.366349253,0.984,0.988,2.42E-07
Etnk1,1.86E-07,-0.367657273,0.984,0.988,0.004323854
Scn11a,1.32E-06,-0.368240611,0.936,0.909,0.030730083
Fam89a,7.06E-07,-0.368750475,0.973,0.982,0.016450524
Rps29,7.00E-24,-0.378887025,0.995,1,1.63E-19
Rbfox1,1.15E-06,-0.379391524,0.952,0.982,0.026685021
Hecw1,1.09E-07,-0.385500918,0.936,0.957,0.002530531
Rbms3,3.18E-12,-0.392913823,1,1,7.40E-08
Phox2b,1.73E-06,-0.395010174,0.968,0.994,0.040220617
Nrn1,1.63E-06,-0.396393714,0.936,0.963,0.037904883
Mapt,6.05E-12,-0.399715137,0.989,0.988,1.41E-07
Ablim1,2.01E-07,-0.403579433,0.968,0.97,0.004679796
Atp1b3,2.11E-10,-0.404709991,0.984,0.97,4.90E-06
Snap25,8.30E-18,-0.40478357,0.989,1,1.93E-13
Soga3,2.82E-10,-0.405331281,0.973,0.982,6.58E-06
Cyfip2,5.84E-16,-0.414262718,0.989,1,1.36E-11
Enah,1.09E-08,-0.415109648,0.984,0.982,0.000254673
Gprasp1,5.01E-08,-0.417563217,0.957,0.994,0.001166879
6330403K07Rik,2.64E-08,-0.422702029,0.979,0.97,0.000614906
Nt5dc3,6.63E-08,-0.424459403,0.93,0.951,0.001544545
Ndrg4,4.66E-13,-0.432311089,0.984,0.994,1.09E-08
Eps15,3.53E-07,-0.438518465,0.941,0.945,0.008212695
Snhg11,2.31E-07,-0.439204931,0.973,0.982,0.005377005
Cygb,8.48E-08,-0.442013657,0.973,0.963,0.00197482
Mpped2,7.47E-10,-0.442888449,0.968,0.976,1.74E-05
Fnbp1,1.17E-06,-0.446756392,0.882,0.945,0.027187968
Peg3,1.45E-08,-0.44783936,0.973,0.994,0.000338346
Etl4,1.34E-06,-0.465346435,0.882,0.902,0.03124501
Stip1,1.20E-06,-0.470007976,0.904,0.957,0.027959595
Igf1r,1.89E-07,-0.470595757,0.941,0.939,0.004410207
Rbms1,3.30E-12,-0.47277974,0.984,0.988,7.68E-08
Ccser2,1.87E-10,-0.473834038,0.973,0.988,4.35E-06
Trarg1,5.62E-10,-0.477146132,0.963,0.97,1.31E-05
Il6st,6.13E-07,-0.479430015,0.904,0.902,0.014270988
Prkce,9.67E-09,-0.479450732,0.947,0.963,0.000225281
Zbtb20,1.35E-13,-0.480288553,0.979,0.982,3.15E-09
Rprm,4.61E-07,-0.481370127,0.92,0.963,0.010738814
Gnas,7.64E-16,-0.483479902,1,1,1.78E-11
Pde4dip,3.77E-07,-0.487440884,0.914,0.933,0.008771665
Rabgap1l,1.77E-08,-0.495249356,0.941,0.988,0.000412671
Ctnna2,1.04E-06,-0.496239182,0.979,0.988,0.024185043
Dgkg,2.99E-10,-0.497175765,0.936,0.976,6.96E-06
Anxa5,5.57E-13,-0.498580525,0.984,0.994,1.30E-08
Celf4,7.10E-16,-0.49864136,0.973,0.994,1.65E-11
Necab1,1.52E-10,-0.504075405,0.979,0.982,3.54E-06
Zdhhc21,8.69E-09,-0.504885104,0.93,0.963,0.000202416
Ppfia2,1.19E-06,-0.512711019,0.957,0.963,0.02761726
Cadm1,1.63E-10,-0.512916095,0.984,0.982,3.80E-06
Pkia,3.84E-07,-0.518098368,0.904,0.963,0.008935103
Negr1,5.03E-08,-0.523730142,0.973,0.988,0.001170508
Map2k4,1.73E-09,-0.524418996,0.93,0.957,4.03E-05
Fsd1l,1.45E-06,-0.528070224,0.882,0.921,0.033761948
Thra,8.32E-17,-0.536753845,0.984,0.988,1.94E-12
Atp2c1,5.81E-09,-0.538228842,0.925,0.963,0.000135398
Apba1,4.80E-09,-0.550588145,0.952,0.97,0.000111874
Map2,4.58E-07,-0.552834218,0.925,0.945,0.010670331
Unc13c,6.90E-07,-0.554322924,0.941,0.97,0.016080106
Hmg20a,3.49E-07,-0.557442177,0.674,0.835,0.008131917
Sgpp2,4.34E-09,-0.562407793,0.872,0.939,0.000101158
Tmeff2,9.88E-09,-0.562843816,0.93,0.97,0.000230083
Fbxl17,1.83E-08,-0.564273706,0.829,0.915,0.000425811
Scn10a,1.11E-10,-0.565730818,0.979,0.982,2.59E-06
Gng2,1.55E-20,-0.571929169,0.979,0.994,3.62E-16
Elavl2,2.21E-24,-0.573594075,0.995,1,5.14E-20
Astn2,1.42E-07,-0.574239962,0.963,0.982,0.003314472
Rgs3,7.85E-12,-0.578255212,0.936,0.976,1.83E-07
Aff3,1.52E-06,-0.587607269,0.834,0.927,0.035417848
Tmed8,5.73E-07,-0.588105612,0.888,0.945,0.01334153
Gramd1b,2.07E-06,-0.588357266,0.856,0.921,0.048093124
Xist,2.04E-07,-0.588775814,0.872,0.933,0.004750205
Akap12,1.30E-16,-0.590724267,0.989,0.988,3.02E-12
Plekha6,1.13E-09,-0.591903227,0.92,0.957,2.64E-05
Cbfb,3.37E-19,-0.593418249,0.968,0.994,7.84E-15
Fxyd2,1.27E-13,-0.597056947,0.995,1,2.96E-09
Cdk14,7.90E-09,-0.597517076,0.93,0.939,0.000183917
Snx7,2.96E-11,-0.600427057,0.963,0.982,6.89E-07
Nrg3,2.09E-07,-0.601707543,0.936,0.982,0.004865985
Homer1,5.14E-07,-0.603762339,0.701,0.823,0.011959776
Snap47,1.55E-09,-0.613753351,0.952,0.976,3.62E-05
Tle4,1.69E-18,-0.615774298,0.979,0.982,3.94E-14
Ano3,6.04E-10,-0.619198828,0.861,0.945,1.41E-05
Setd7,5.16E-07,-0.620275762,0.813,0.878,0.012010274
Ralyl,1.01E-09,-0.6233879,0.963,0.988,2.36E-05
Kpna1,1.93E-07,-0.624542759,0.882,0.957,0.004489497
Pbx1,6.25E-13,-0.628074883,0.952,0.982,1.46E-08
Ncdn,4.24E-16,-0.628262631,0.963,0.988,9.87E-12
Klhl9,2.84E-07,-0.631997463,0.845,0.884,0.00661358
AW549877,1.11E-07,-0.641882322,0.84,0.921,0.002593827
Trappc2,5.70E-08,-0.646995174,0.872,0.927,0.001327297
Kcnc4,9.16E-14,-0.653058602,0.93,0.97,2.13E-09
Gria4,6.79E-15,-0.653601936,0.973,0.994,1.58E-10
Gpr149,1.90E-09,-0.65625417,0.85,0.933,4.43E-05
Mctp1,1.37E-06,-0.664083411,0.936,0.976,0.031861928
Enpp5,1.44E-06,-0.671794052,0.775,0.854,0.033592636
Mtus1,3.82E-07,-0.681674255,0.775,0.884,0.008891378
Cnksr2,1.46E-08,-0.682956663,0.877,0.896,0.000340511
Pik3r1,1.18E-16,-0.68459098,0.968,0.988,2.74E-12
Ogt,1.21E-07,-0.690573062,0.829,0.902,0.002823736
Slc35a5,1.17E-08,-0.69336918,0.85,0.902,0.000272945
Adgrl3,1.10E-07,-0.709773411,0.813,0.872,0.002569877
Steap3,1.33E-20,-0.714910397,0.952,0.982,3.10E-16
Cd164,7.31E-07,-0.72574466,0.684,0.823,0.017028732
Auts2,1.44E-09,-0.738331408,0.882,0.939,3.36E-05
Zfp536,2.28E-11,-0.745742287,0.893,0.951,5.32E-07
Nbea,9.54E-09,-0.74990622,0.754,0.848,0.000222064
Gpr174,2.25E-09,-0.752480692,0.872,0.921,5.23E-05
Ssbp2,1.15E-09,-0.758568244,0.877,0.951,2.68E-05
Csmd1,1.98E-08,-0.760802226,0.93,0.982,0.000461695
Frmpd4,1.81E-08,-0.766766061,0.84,0.927,0.000421757
Rnf44,2.70E-07,-0.773329154,0.652,0.756,0.006287804
Nalcn,1.51E-07,-0.776765459,0.77,0.854,0.003514176
A230057D06Rik,1.34E-06,-0.789999572,0.636,0.774,0.031267513
Lrrtm2,1.99E-07,-0.796948028,0.642,0.793,0.004639397
Lig1,1.20E-06,-0.797107719,0.599,0.732,0.027991817
Nhs,2.91E-11,-0.797681357,0.84,0.933,6.77E-07
Lars2,8.52E-07,-0.802075469,0.642,0.78,0.019842203
Nyap2,2.05E-10,-0.811578536,0.759,0.89,4.77E-06
Amer2,4.10E-08,-0.819366273,0.615,0.787,0.000955019
Npy2r,1.09E-07,-0.822655883,0.754,0.89,0.002546869
Gria2,6.94E-07,-0.833475087,0.465,0.707,0.016154132
Slc5a3,1.72E-06,-0.838064155,0.492,0.701,0.040023927
Kcnmb2,7.90E-11,-0.856687506,0.813,0.915,1.84E-06
Gm20642,1.53E-07,-0.858093048,0.305,0.537,0.003571274
Nrxn1,2.36E-18,-0.870603325,0.995,1,5.49E-14
Slitrk2,9.29E-08,-0.872351569,0.369,0.622,0.002163734
Ccser1,1.32E-08,-0.87382473,0.77,0.878,0.000306417
Cilp,1.14E-06,-0.879547184,0.476,0.683,0.026520271
Gria3,5.28E-12,-0.88313676,0.797,0.902,1.23E-07
Ache,1.05E-13,-0.890890441,0.775,0.902,2.44E-09
Ngb,1.96E-10,-0.891041042,0.722,0.86,4.56E-06
mt-Nd4l,1.94E-22,-0.900765628,0.973,1,4.53E-18
Gnb4,1.69E-07,-0.903055246,0.599,0.817,0.003928321
Fhod3,1.34E-11,-0.909172397,0.69,0.878,3.12E-07
Upp2,1.48E-09,-0.916615001,0.658,0.805,3.46E-05
Nrg3os,1.50E-08,-0.924553068,0.38,0.61,0.000349605
Cntnap5a,6.45E-07,-0.925588262,0.583,0.72,0.015022141
Etv1,8.31E-23,-0.933911522,0.973,0.982,1.94E-18
Arhgap15,1.67E-19,-0.946856069,0.909,0.982,3.88E-15
Plcb3,3.70E-15,-0.958419443,0.813,0.927,8.61E-11
Kif26a,1.00E-06,-0.979692212,0.401,0.604,0.023342098
Arl4d,1.52E-06,-0.981012811,0.369,0.585,0.035460898
mt-Nd6,7.33E-08,-1.007178133,0.604,0.762,0.001708156
Abcg1,1.55E-09,-1.011175943,0.54,0.738,3.61E-05
Lpar3,1.83E-11,-1.055997873,0.497,0.78,4.27E-07
Kirrel3,2.75E-09,-1.057457075,0.711,0.848,6.39E-05
Gpc5,8.10E-09,-1.072697616,0.476,0.701,0.000188661
Atpaf2,5.54E-13,-1.076219725,0.936,0.994,1.29E-08
Frzb,1.95E-07,-1.079585342,0.412,0.64,0.004548433
Esr1,7.61E-07,-1.084042344,0.513,0.652,0.017728689
St3gal5,3.61E-07,-1.089226006,0.364,0.61,0.008417103
Gm19461,1.97E-10,-1.133352567,0.439,0.732,4.58E-06
Cthrc1,4.90E-12,-1.154092978,0.524,0.774,1.14E-07
Slc25a36,1.43E-10,-1.156741573,0.594,0.829,3.33E-06
Sema3c,1.85E-16,-1.169948013,0.647,0.902,4.30E-12
Gm43376,7.06E-07,-1.229426358,0.465,0.646,0.016438834
Bc1,1.71E-06,-1.245616832,0.289,0.512,0.039775693
mt-Atp8,4.83E-27,-1.246496187,0.909,0.982,1.12E-22
Vmn1r85,2.14E-09,-1.338766768,0.273,0.567,4.99E-05
Mab21l1,4.69E-18,-1.347991925,0.652,0.866,1.09E-13
Uba52,3.46E-20,-1.350938285,0.743,0.902,8.05E-16
C1ql2,1.72E-08,-1.457709528,0.31,0.555,0.00040047
Ccdc80,1.40E-14,-1.49392974,0.385,0.738,3.27E-10
Col6a5,6.03E-11,-1.610378263,0.358,0.646,1.40E-06
Ptgdr,4.54E-07,-1.612493447,0.187,0.415,0.010578531
Ss18l1,4.16E-07,-1.613115085,0.166,0.384,0.009698156
Chst15,2.90E-12,-1.618918845,0.193,0.537,6.75E-08
Hnmt,1.65E-06,-1.691656694,0.15,0.348,0.03836468
Mrgpra2b,5.16E-10,-2.130235641,0.171,0.47,1.20E-05
Dok6,2.22E-06,-0.630260638,0.711,0.841,0.051777164
Eya1,2.29E-06,-0.624861217,0.733,0.884,0.053301794
Btg3,2.29E-06,0.581724256,0.909,0.835,0.053340686
Mettl22,2.29E-06,1.074717022,0.599,0.348,0.053416738
Map1b,2.34E-06,0.252679912,1,1,0.054435017
Antxrl,2.36E-06,2.016463416,0.198,0.03,0.054907901
Actr2,2.36E-06,-0.372829373,0.952,0.982,0.054976928
Sumo2,2.41E-06,0.240333284,0.984,0.988,0.056152234
Rps6ka5,2.51E-06,1.058628827,0.631,0.409,0.058457499
Rian,2.53E-06,-0.285337304,0.984,0.976,0.058825267
Tmem176a,2.53E-06,0.28955125,1,0.994,0.058830634
Cmpk2,2.58E-06,-1.350623783,0.246,0.445,0.060029581
Pmvk,2.58E-06,0.427411137,0.973,0.963,0.060037951
Pfkfb3,2.60E-06,0.590165706,0.652,0.409,0.060589441
Ctnnd1,2.64E-06,-0.600708843,0.834,0.872,0.061551299
Scx,2.68E-06,-1.191987245,0.31,0.518,0.062353865
Sdcbp,2.70E-06,-0.302212149,0.989,1,0.062913902
Raf1,2.70E-06,-0.757925816,0.679,0.793,0.062932461
Gpr146,2.70E-06,0.961334875,0.642,0.421,0.062938043
1110008P14Rik,2.72E-06,0.329282495,0.979,0.982,0.063233496
Dgkh,2.73E-06,0.576375342,0.968,0.963,0.063536965
Camk2a,2.81E-06,-0.572324719,0.866,0.933,0.065427154
Rpl11,2.83E-06,0.24216289,0.989,0.994,0.065898415
Rps11,2.88E-06,0.166949815,0.995,0.994,0.067095802
Gabarapl2,2.89E-06,0.290589496,0.989,0.994,0.067268187
Agbl4,2.89E-06,-0.978413588,0.578,0.744,0.067324936
Clu,2.91E-06,-0.516616267,0.914,0.945,0.067684752
Sod2,2.92E-06,0.38469027,0.963,0.933,0.068034234
Serpinb1a,2.97E-06,2.628249482,0.182,0.024,0.069120183
Rpl12,2.97E-06,0.344107953,0.984,0.957,0.06917871
Prkar2b,2.99E-06,0.590668208,0.909,0.768,0.069542448
Gm12709,3.16E-06,-0.813492868,0.599,0.738,0.07348305
Gpx3,3.22E-06,0.795998177,0.813,0.634,0.074921105
Myl6,3.33E-06,0.35818741,1,1,0.077651056
Osbpl9,3.43E-06,-0.581349687,0.861,0.89,0.079929915
Ndufb7,3.46E-06,0.341873522,0.989,0.97,0.08047041
Katnal1,3.54E-06,-0.542708252,0.743,0.793,0.082505289
Far2,3.58E-06,-0.80581952,0.455,0.61,0.083417015
Ppp2r2c,3.61E-06,-0.421413973,0.941,0.994,0.08400488
Glrx3,3.70E-06,0.47499167,0.952,0.915,0.086158297
C4b,3.73E-06,2.374870371,0.176,0.024,0.086857732
Naca,3.81E-06,0.236120223,0.995,0.976,0.088652282
Fnbp1l,3.83E-06,-0.557661374,0.717,0.817,0.089076618
Gm10076,3.84E-06,-0.35705869,0.973,0.982,0.089321897
Ica1,3.86E-06,-0.744026578,0.626,0.787,0.090005074
Tmem229a,3.97E-06,-0.574855496,0.807,0.866,0.092388159
Aplp2,4.02E-06,-0.324460705,0.957,0.976,0.093706042
Mrps15,4.03E-06,0.400806936,0.947,0.909,0.093847928
Scpep1,4.07E-06,0.665400913,0.872,0.817,0.094721321
Ppp2r2b,4.15E-06,0.24948615,0.989,0.988,0.096640582
Stbd1,4.28E-06,-0.70219232,0.583,0.75,0.099724567
Ccdc124,4.31E-06,0.471827049,0.952,0.927,0.100398335
Zcchc18,4.41E-06,0.326090665,0.984,0.976,0.102681592
Astn1,4.44E-06,-0.582298515,0.845,0.854,0.103472995
Trio,4.50E-06,-0.509532293,0.882,0.921,0.104703596
Ndufb9,4.50E-06,0.28673086,0.995,0.988,0.104785221
Med10,4.50E-06,0.4755025,0.914,0.89,0.104798648
Ctsl,4.54E-06,0.698376986,0.979,0.951,0.105802833
Cebpd,4.58E-06,0.793702213,0.674,0.421,0.106545548
Cyb5r3,4.58E-06,0.275407618,0.984,0.97,0.106639336
Dlg2,4.70E-06,-0.53842907,0.92,0.957,0.109356995
Rpl22l1,4.83E-06,0.178552765,0.989,0.994,0.112446749
Nmnat2,4.92E-06,-0.49953927,0.93,0.951,0.11446638
Timp1,5.10E-06,2.348024157,0.198,0.037,0.118736198
Ptrhd1,5.24E-06,0.549342234,0.952,0.835,0.121964794
Ppm1b,5.26E-06,-0.419730829,0.92,0.951,0.122407603
Upb1,5.30E-06,-0.786136242,0.428,0.646,0.123451734
Tm9sf2,5.31E-06,-0.459877817,0.941,0.945,0.123770543
Canx,5.37E-06,-0.255470815,0.989,0.97,0.124943202
Tmem173,5.42E-06,1.537062372,0.283,0.091,0.12631013
Plp2,5.50E-06,0.685063379,0.695,0.445,0.127981258
Cavin3,5.59E-06,0.754911502,0.866,0.683,0.13019426
Gmps,5.66E-06,-0.456584977,0.882,0.957,0.131885175
Tmem8b,5.73E-06,-0.737870613,0.658,0.75,0.133368901
Igfbp2,5.75E-06,-1.431952806,0.155,0.354,0.133921009
Rusc2,5.97E-06,-0.734444633,0.668,0.756,0.139124393
Usp11,6.11E-06,-0.731156153,0.626,0.768,0.142335399
Fam102a,6.16E-06,0.760885883,0.727,0.561,0.14352361
Bcor,6.36E-06,-0.677561905,0.663,0.793,0.148130564
Kcnab1,6.45E-06,-0.279347439,0.995,0.988,0.150294412
Ndrg2,6.53E-06,0.379504873,0.963,0.957,0.152072222
Ccdc92,6.75E-06,0.381689724,0.979,0.97,0.157137533
Mbnl1,6.80E-06,-0.300873238,0.973,0.982,0.158319292
Rps4x,6.94E-06,0.240515661,0.995,0.994,0.161510117
Gm42418,6.95E-06,-0.113216084,1,0.988,0.161910774
Alcam,7.14E-06,-0.648359121,0.791,0.884,0.166287169
Cltb,7.30E-06,0.288533239,0.963,0.957,0.170013505
Gm12295,7.38E-06,2.049023495,0.171,0.024,0.171758926
Tppp,7.51E-06,-0.924361002,0.406,0.579,0.17498627
Sh3gl2,7.54E-06,-0.40598952,0.941,0.97,0.175505047
Thsd7a,7.80E-06,0.969438899,0.615,0.421,0.181542067
Fabp3,8.03E-06,0.481130381,0.936,0.915,0.186976816
Lrfn5,8.08E-06,-0.958216371,0.417,0.61,0.188245375
Hs2st1,8.12E-06,0.685280463,0.818,0.622,0.189150333
Kcnj3,8.27E-06,-0.617915883,0.765,0.841,0.192636408
Hcn1,8.29E-06,0.880841435,0.578,0.341,0.193163501
Celf2,8.45E-06,-0.457477222,0.92,0.933,0.196887752
Osbpl3,8.48E-06,0.451027492,0.952,0.957,0.197525431
Plekha5,8.91E-06,-0.605072899,0.856,0.945,0.207385481
Cyb5r1,8.94E-06,-0.525841993,0.963,0.976,0.20810578
mt-Nd5,8.96E-06,-0.342886897,0.984,0.994,0.208679043
Atp6v0e,8.97E-06,0.494882344,0.888,0.829,0.208957165
Deptor,9.31E-06,-0.97878501,0.299,0.488,0.216927572
Srgap3,9.44E-06,-0.472331249,0.92,0.939,0.219946931
Lats2,9.47E-06,-0.562144435,0.733,0.774,0.220653642
Large1,9.62E-06,-0.547420585,0.882,0.927,0.22412564
Clstn1,9.89E-06,-0.403401697,0.936,0.957,0.230308148
Prrc2b,9.90E-06,-0.365092273,0.968,0.976,0.230627273
Hnrnph1,1.04E-05,-0.518595838,0.872,0.927,0.241311288
Atp1a1,1.07E-05,0.316866421,0.989,1,0.248163273
Atp5f1,1.08E-05,0.306216401,0.989,0.963,0.251778967
Adam19,1.10E-05,0.522577225,0.872,0.774,0.255558645
Plec,1.10E-05,0.271929206,0.979,0.976,0.256718158
Dync1i2,1.10E-05,-0.215487785,0.984,1,0.256746999
Tuba1a,1.11E-05,0.27623186,1,1,0.259252862
Tbc1d9,1.13E-05,-0.497529975,0.882,0.951,0.262672174
Eif6,1.13E-05,0.527086483,0.877,0.707,0.263994016
Epn2,1.16E-05,-0.470137054,0.85,0.939,0.269324713
Dock3,1.18E-05,-0.543031802,0.829,0.878,0.273767069
Mdfic,1.19E-05,-0.571633432,0.829,0.86,0.277454638
Cxxc4,1.20E-05,-0.495364566,0.824,0.884,0.278450531
Dnm1,1.20E-05,-0.399336083,0.947,0.97,0.278575991
Prelid1,1.24E-05,0.321408299,0.979,0.957,0.288298072
Frmpd1,1.25E-05,-0.412148823,0.93,0.957,0.291349734
Ksr2,1.26E-05,-0.783624469,0.674,0.787,0.292462998
Arl8a,1.29E-05,0.219612924,0.995,0.988,0.299733269
Pdcd10,1.31E-05,0.288303882,0.963,0.982,0.304762564
Eif4a1,1.31E-05,0.409788256,0.973,0.951,0.305414294
Rab2a,1.34E-05,0.239915182,0.984,0.982,0.31224388
Hs3st2,1.38E-05,-1.015623227,0.364,0.543,0.321153974
Eif5,1.38E-05,0.306423082,0.973,0.957,0.32127275
Nme1,1.42E-05,0.371776045,0.984,0.976,0.331562721
Gm26871,1.47E-05,-0.599503335,0.802,0.884,0.343151616
Coro2b,1.48E-05,-0.346038619,0.957,0.963,0.344337836
Vps41,1.48E-05,-0.352685051,0.952,0.957,0.345057448
Dnajc15,1.51E-05,0.493184794,0.947,0.927,0.352047585
Llph,1.54E-05,0.401970781,0.952,0.89,0.358114208
Ube2r2,1.55E-05,-0.406188006,0.957,0.976,0.361295768
Pde2a,1.56E-05,-0.740921562,0.439,0.634,0.363807815
Rpl24,1.56E-05,0.168168864,1,0.994,0.364035992
Cdh2,1.56E-05,-0.486044792,0.893,0.933,0.364193055
Ube2m,1.58E-05,0.246485972,0.984,0.976,0.368381144
Rps9,1.59E-05,0.183546618,0.989,0.994,0.370170153
Rims3,1.60E-05,-0.426031824,0.957,0.994,0.373661148
Psma4,1.61E-05,0.372342189,0.93,0.854,0.373908838
Sez6l,1.63E-05,1.474026148,0.187,0.037,0.378711897
Exoc6b,1.66E-05,0.772150754,0.925,0.872,0.386361847
Crebrf,1.69E-05,-0.347071032,0.925,0.951,0.392897206
Rpl13a,1.70E-05,0.241244561,0.995,0.982,0.396652191
Cgnl1,1.71E-05,-1.042846315,0.31,0.524,0.398145422
Dgki,1.72E-05,-0.465944933,0.861,0.915,0.399466676
Cdh10,1.73E-05,-0.866511703,0.545,0.689,0.401728144
H2afj,1.76E-05,0.401712048,0.963,0.951,0.409772132
Gm41609,1.76E-05,0.932814041,0.567,0.354,0.410111711
Pwwp3a,1.77E-05,-0.704916997,0.604,0.726,0.411824037
Mocs2,1.80E-05,0.34881277,0.979,0.957,0.418813414
Marf1,1.82E-05,-0.282782914,0.941,0.957,0.423386955
Ldha,1.82E-05,0.26320149,0.984,1,0.424940442
Slc4a8,1.84E-05,0.734535259,0.684,0.457,0.427440985
Cnpy2,1.85E-05,0.524076653,0.84,0.713,0.431044689
Mpc1,1.86E-05,0.241553947,0.984,1,0.433075168
Sybu,1.94E-05,-0.508275188,0.759,0.848,0.452792563
Acvr1,1.96E-05,0.628982109,0.824,0.707,0.457400198
Nelfcd,1.97E-05,0.590357989,0.834,0.713,0.457789017
Atp1b2,1.97E-05,0.896507394,0.503,0.287,0.458156363
Pqlc3,1.99E-05,-0.740028009,0.588,0.744,0.463575486
Tbc1d19,2.00E-05,0.769534515,0.797,0.616,0.466082346
Tspan4,2.00E-05,1.281098071,0.289,0.098,0.466183175
Spcs1,2.01E-05,0.389342874,0.979,0.963,0.469232211
Phb2,2.04E-05,0.494421016,0.834,0.659,0.474043042
Tmem79,2.05E-05,0.744296911,0.604,0.384,0.476862476
Eml6,2.08E-05,-0.916237476,0.481,0.671,0.485053736
Arhgef40,2.09E-05,-0.862418431,0.39,0.555,0.485855538
Matr3,2.14E-05,-0.333433039,0.968,0.982,0.498913521
Tcaf2,2.16E-05,1.004772287,0.519,0.311,0.502207133
Prkar1b,2.16E-05,-0.256463784,0.995,1,0.503710436
Selenot,2.17E-05,0.421332127,0.963,0.951,0.505713061
Nbl1,2.17E-05,-0.266999775,0.979,0.994,0.506072089
Tenm2,2.18E-05,-0.485794864,0.914,0.957,0.507120625
Ampd2,2.24E-05,-1.027466944,0.374,0.543,0.522437986
Nmb,2.24E-05,-0.935670786,0.476,0.64,0.522732863
Mpc2,2.25E-05,0.324264486,0.984,0.963,0.522928796
Slc35a3,2.28E-05,-1.151944012,0.332,0.506,0.531906223
Cfl1,2.29E-05,0.20025629,0.995,0.994,0.534174071
Serf1,2.32E-05,-0.344851658,0.973,0.976,0.539123721
Rras,2.32E-05,0.441496874,0.979,0.945,0.540217001
Eif2s2,2.38E-05,0.228454562,0.968,0.982,0.553199433
Clasp1,2.41E-05,-0.260874383,0.93,0.927,0.561840458
Rpl5,2.45E-05,0.274236252,0.979,0.963,0.571587478
Ufc1,2.49E-05,0.402233636,0.979,0.927,0.580626336
Nrp1,2.50E-05,1.136069532,0.422,0.22,0.581145598
Vmn1r89,2.65E-05,-2.024717854,0.027,0.152,0.61626013
Shisa6,2.68E-05,-0.810441301,0.471,0.665,0.623548285
Pirt,2.68E-05,-0.179691145,1,0.994,0.624703346
Tex2,2.77E-05,-0.681649624,0.84,0.854,0.644652179
Prkg2,2.77E-05,1.275969696,0.225,0.061,0.646033754
Gm26902,2.84E-05,2.561606727,0.118,0.006,0.661055861
Bend6,2.86E-05,-0.382835551,0.845,0.884,0.6649247
Ndufa6,2.86E-05,0.259328233,0.973,0.97,0.665019376
Rpl31,2.98E-05,0.192674592,0.984,0.988,0.695092636
Kcnc2,3.04E-05,-0.635712254,0.69,0.799,0.707728698
Fkbp4,3.14E-05,-0.313307058,0.984,0.988,0.731370689
Med29,3.15E-05,0.621319803,0.786,0.628,0.733729666
Nol4,3.17E-05,-1.213180614,0.299,0.451,0.738859042
Timm23,3.25E-05,0.435241257,0.941,0.909,0.757849721
Kdr,3.27E-05,2.184401274,0.219,0.061,0.762238602
Galnt13,3.28E-05,-0.484174073,0.872,0.921,0.764847971
Gnl3l,3.29E-05,-0.336328889,0.952,0.97,0.767254112
Kifap3,3.35E-05,0.211614958,0.979,0.988,0.780136455
Arhgap12,3.35E-05,-0.58033098,0.727,0.823,0.780684225
Arid5a,3.37E-05,0.990502115,0.535,0.329,0.785324025
Ppia,3.41E-05,0.326929696,1,1,0.794666048
Ndufv3,3.44E-05,0.351994306,0.979,0.976,0.801923832
Acp1,3.51E-05,0.302224867,0.968,0.97,0.818541572
Khdrbs2,3.55E-05,-0.530474968,0.882,0.896,0.825603457
Actg1,3.57E-05,0.174876871,1,1,0.832031588
Fam155a,3.57E-05,-0.496170008,0.92,0.957,0.832101423
Raph1,3.61E-05,-0.389904933,0.909,0.945,0.840490481
Kcnb2,3.64E-05,-0.355532388,0.989,0.994,0.847435776
Sptb,3.65E-05,-1.190440886,0.107,0.28,0.84906674
Atpif1,3.71E-05,0.272080761,1,1,0.86311909
Clasp2,3.85E-05,-0.401183635,0.888,0.945,0.896463721
Itk,3.89E-05,1.525209842,0.209,0.055,0.905490656
Commd4,3.90E-05,0.712910307,0.797,0.585,0.907254236
Pdlim7,3.90E-05,0.328032515,0.979,0.982,0.907606167
Zfp580,3.91E-05,0.629332755,0.861,0.72,0.910292108
Adam8,3.96E-05,1.215482614,0.251,0.079,0.922633684
Csnk1g3,4.02E-05,-0.365207873,0.877,0.927,0.935309308
Cadps2,4.05E-05,-0.797659623,0.369,0.573,0.943327601
Apbb2,4.11E-05,-0.439485353,0.904,0.927,0.957824218
Cyld,4.12E-05,-0.400798805,0.642,0.78,0.95896496
Mfn2,4.15E-05,-0.369938638,0.957,0.976,0.9671904
Nbdy,4.19E-05,0.296602131,0.979,0.963,0.976183969
Fgf11,4.23E-05,1.504042563,0.326,0.146,0.98525383
Atp8a1,4.25E-05,-0.324209766,0.973,0.976,0.989657395
Dclk3,4.29E-05,0.846232133,0.567,0.36,0.999658837
Psd,4.33E-05,-0.581616022,0.674,0.774,1
Vti1a,4.34E-05,-0.557911669,0.727,0.848,1
C130074G19Rik,4.37E-05,-0.817476794,0.326,0.512,1
Timm17a,4.44E-05,0.374192313,0.973,0.939,1
Akt3,4.45E-05,-0.448393466,0.93,0.927,1
Zfp931,4.50E-05,-0.43981608,0.797,0.909,1
mt-Co1,4.57E-05,-0.192098202,1,0.994,1
Anks1b,4.60E-05,-0.579727747,0.727,0.854,1
Arhgef28,4.65E-05,-0.675978573,0.706,0.768,1
2610028E06Rik,4.70E-05,2.612235668,0.096,0,1
Mir100hg,4.74E-05,-0.481989977,0.893,0.945,1
Eif3c,4.83E-05,0.379675216,0.941,0.902,1
Sema4d,4.91E-05,-0.724401785,0.636,0.756,1
Lims1,4.93E-05,-0.354955441,0.936,0.945,1
Hist1h1c,5.17E-05,-0.601518066,0.866,0.896,1
Trim9,5.22E-05,0.68354242,0.508,0.293,1
Tgfb1i1,5.24E-05,0.400974761,0.952,0.915,1
Med13,5.24E-05,-0.686682529,0.717,0.823,1
Spag9,5.36E-05,-0.310462526,0.952,0.963,1
Pitpnm2,5.43E-05,-0.362227928,0.941,0.945,1
Pigp,5.48E-05,0.477894831,0.936,0.866,1
Syt4,5.51E-05,0.192126488,0.995,0.994,1
Lsm12,5.56E-05,0.495658943,0.914,0.866,1
Cnn3,5.67E-05,-0.359685726,0.947,0.976,1
Dhx33,5.78E-05,1.117815634,0.412,0.213,1
Eci2,5.79E-05,0.552595906,0.754,0.61,1
Rnf145,5.79E-05,-0.529439701,0.572,0.707,1
A730018C14Rik,5.80E-05,-0.876865695,0.166,0.354,1
2310010J17Rik,5.84E-05,-0.769780828,0.487,0.622,1
Klhl15,5.96E-05,-1.325521485,0.23,0.396,1
Omg,6.02E-05,-1.228868805,0.144,0.317,1
Ifit1,6.15E-05,-0.89604969,0.61,0.756,1
Cd47,6.19E-05,-0.27704019,0.979,0.988,1
Mat2b,6.20E-05,-0.428052184,0.882,0.945,1
Scamp1,6.23E-05,-0.355158584,0.936,0.97,1
Atp5c1,6.25E-05,0.313380082,0.973,0.97,1
Mturn,6.26E-05,-0.546437895,0.802,0.872,1
Gnb2,6.26E-05,0.271383605,0.968,0.976,1
Rasgrp1,6.29E-05,0.5115724,0.84,0.713,1
Bche,6.32E-05,-0.783748491,0.412,0.567,1
Zfas1,6.42E-05,-0.484246384,0.872,0.902,1
Ndufb10,6.44E-05,0.24383012,0.989,0.976,1
Atp5o,6.46E-05,0.37533658,0.984,0.982,1
Hspa8,6.52E-05,0.236704061,1,1,1
Trpm3,6.64E-05,-0.714286871,0.626,0.756,1
Glo1,6.66E-05,0.398203966,0.941,0.909,1
Specc1l,6.82E-05,-0.606262165,0.727,0.811,1
Car10,6.87E-05,-0.364435889,0.952,0.976,1
Gm34006,6.89E-05,-1.987084588,0.032,0.152,1
Rps20,6.92E-05,0.185639449,0.984,0.994,1
Hddc2,6.93E-05,0.682821471,0.733,0.622,1
Nptxr,6.97E-05,0.525897092,0.92,0.878,1
Hint1,7.03E-05,0.201959101,0.995,1,1
Mrto4,7.04E-05,0.81986674,0.717,0.585,1
Ap1b1,7.14E-05,-0.441863759,0.824,0.872,1
Hsd17b7,7.15E-05,0.521624387,0.888,0.793,1
Spred2,7.16E-05,-0.455711148,0.85,0.878,1
Cox20,7.17E-05,0.29580882,0.925,0.799,1
Msrb1,7.29E-05,0.414020085,0.963,0.878,1
Abcd2,7.36E-05,-0.458576321,0.572,0.701,1
Gpha2,8.04E-05,-1.164432286,0.246,0.415,1
Rpn1,8.10E-05,-0.529213309,0.781,0.86,1
Ankrd6,8.10E-05,-0.647746989,0.695,0.768,1
Fgf14,8.39E-05,-0.595082972,0.765,0.896,1
Shh,8.47E-05,0.84423788,0.535,0.335,1
Msrb2,8.54E-05,-0.488977025,0.807,0.86,1
Klhl32,8.57E-05,-0.818961152,0.492,0.634,1
Rabac1,8.68E-05,0.357021502,0.989,0.994,1
Rps7,8.72E-05,0.207045429,0.995,0.988,1
Nr3c2,8.79E-05,-1.518036054,0.283,0.457,1
Rapsn,8.81E-05,-0.915727348,0.513,0.64,1
Rexo2,8.83E-05,0.259882958,0.968,0.988,1
1700025G04Rik,8.84E-05,0.537164444,0.898,0.866,1
Zfp560,8.85E-05,0.465698483,0.941,0.866,1
Fgf1,8.85E-05,-0.26241062,0.984,0.982,1
Rpl7a,8.87E-05,0.26061549,0.979,0.976,1
Mrpl30,8.95E-05,0.314200351,0.968,0.963,1
Shld1,8.97E-05,-0.966654294,0.332,0.494,1
Mras,9.06E-05,0.237132674,0.947,0.939,1
Arhgap39,9.13E-05,-0.611954703,0.61,0.72,1
mt-Co3,9.15E-05,-0.235018565,1,1,1
Ndufb4,9.19E-05,0.264906667,0.995,0.988,1
Rps16,9.19E-05,0.168440238,0.989,0.994,1
Rps3a1,9.27E-05,0.174391349,0.989,0.994,1
Slc17a6,9.31E-05,-0.282053179,0.979,0.988,1
Spock3,9.41E-05,-0.334773333,0.984,0.982,1
Chl1,9.47E-05,0.431070891,0.963,0.963,1
Trim67,9.54E-05,-0.59754161,0.668,0.78,1
Caskin1,9.68E-05,-0.52527832,0.781,0.823,1
Ano4,9.78E-05,-1.288496123,0.123,0.287,1
Thbd,9.83E-05,-0.80013126,0.481,0.628,1
Usp20,0.000102594,-0.445176328,0.807,0.89,1
Smap1,0.000106446,0.253833401,0.957,0.945,1
Dnajc6,0.000106708,-0.581607261,0.834,0.878,1
Tpm4,0.000107054,0.429564067,0.93,0.884,1
Pkib,0.000107376,0.614874509,0.866,0.86,1
Twist2,0.000107428,-0.755226562,0.332,0.53,1
Stac,0.000107477,-0.531317897,0.882,0.915,1
Ankrd10,0.000107517,-0.68630006,0.658,0.732,1
Malat1,0.000107934,-0.400784329,1,1,1
Btg2,0.0001083,-0.5398471,0.856,0.921,1
Ehbp1,0.000109436,-0.435268344,0.834,0.884,1
Tmem184b,0.000109675,-0.743323175,0.561,0.671,1
D8Ertd738e,0.000110527,0.261259674,0.989,0.976,1
Ckap5,0.000110609,-0.447173173,0.93,0.957,1
Gpr151,0.000112605,1.753270724,0.118,0.012,1
Kctd8,0.000113093,-0.607718849,0.754,0.829,1
Fryl,0.000113427,-0.381074902,0.872,0.909,1
Zmym4,0.000115597,-0.749784327,0.765,0.793,1
Wdr61,0.000117379,0.390238818,0.749,0.512,1
Mlh3,0.00011771,-0.905263941,0.214,0.384,1
Celf6,0.000118654,-0.292795265,0.968,0.97,1
Coro1a,0.000119164,0.688882844,0.765,0.604,1
Kantr,0.00011949,-0.611985575,0.674,0.774,1
Calm3,0.00012022,-0.264865633,0.979,0.988,1
Acly,0.000120222,-0.215118182,0.984,0.988,1
Kitl,0.000120721,-0.826419453,0.305,0.476,1
Id1,0.000120942,0.871051502,0.406,0.207,1
Hnrnph3,0.000121697,-0.575172551,0.69,0.78,1
Map1lc3a,0.000121785,0.208496963,1,0.994,1
Thrb,0.000122176,-0.669419466,0.422,0.591,1
Runx1,0.000122235,0.333811886,0.968,0.945,1
Ift122,0.000122887,-0.495027425,0.861,0.909,1
Cyb561,0.000123343,1.222868955,0.455,0.274,1
Rufy3,0.000124428,-0.199570957,0.995,1,1
Mylk,0.000129154,1.223697325,0.401,0.226,1
Btbd9,0.000130036,-0.655859843,0.759,0.86,1
Micos13,0.000130971,0.359109246,0.979,0.963,1
Defb42,0.000131136,-0.442437371,0.824,0.878,1
Tusc2,0.000131543,0.371493798,0.947,0.884,1
Zcrb1,0.000133231,0.202084369,0.973,0.97,1
Ap1s1,0.000134681,0.381631147,0.947,0.921,1
Nol7,0.00013538,0.280799185,0.914,0.866,1
Cdk5r2,0.000136941,-0.564898995,0.69,0.817,1
Aktip,0.000138849,-0.367684988,0.914,0.902,1
Insm1,0.000138854,-1.250664568,0.155,0.317,1
Unc5c,0.000140084,-0.526145308,0.882,0.902,1
Minar1,0.000140699,-2.157502602,0.053,0.177,1
Ceacam10,0.000142717,1.165135348,0.551,0.372,1
Yme1l1,0.000143665,-0.49323092,0.824,0.884,1
Olfr920,0.000143715,0.643356558,0.513,0.323,1
Synj1,0.000145423,-0.326869233,0.93,0.939,1
Gga2,0.00014561,0.39451282,0.882,0.811,1
Ifitm3,0.000145864,0.878902961,0.652,0.512,1
Trappc1,0.000146049,0.524275133,0.914,0.896,1
Alg2,0.00014717,-0.572805237,0.765,0.848,1
Tmem50a,0.000148865,0.250459627,0.989,0.988,1
Tmem65,0.00015053,-0.339569479,0.952,0.927,1
Jak2,0.000151563,0.509682179,0.668,0.5,1
Rassf5,0.000152619,-0.613538457,0.722,0.823,1
Prickle2,0.000152645,-0.72533749,0.455,0.622,1
Rpl8,0.000152701,0.204843409,0.989,0.976,1
Myd88,0.000155511,1.123446345,0.39,0.189,1
Naf1,0.000158251,0.935834551,0.701,0.537,1
Mapk3,0.000161348,-0.167900139,0.995,1,1
Plcxd3,0.000163356,-0.505256683,0.856,0.872,1
Atg4c,0.000163453,-0.811631156,0.385,0.549,1
Paqr8,0.000164494,-0.538646596,0.749,0.805,1
Ndufb6,0.000165452,0.432763259,0.968,0.97,1
Tmem54,0.000166731,0.866980958,0.561,0.39,1
Tle5,0.000168306,0.199131791,0.989,1,1
Oxr1,0.000168409,-0.419109578,0.829,0.896,1
Zfp148,0.000169488,-0.386021215,0.802,0.848,1
Zyg11b,0.00016953,-0.349622794,0.941,0.951,1
Isl2,0.000172506,-0.453997525,0.845,0.872,1
Cabp5,0.000172546,-2.560411188,0,0.073,1
Fkbp3,0.00017295,0.33138081,0.984,0.957,1
Ptms,0.000173343,-0.158821897,0.995,0.988,1
Lrp1b,0.000174013,-0.410125816,0.84,0.957,1
Dph3,0.000176492,0.339845153,0.947,0.902,1
Sparc,0.000177422,0.784067263,0.636,0.476,1
Ldb1,0.000182489,-0.654553335,0.481,0.616,1
Samd12,0.000184235,-0.343576959,0.925,0.945,1
Asic1,0.000188146,-0.822461144,0.337,0.518,1
Hectd4,0.000189148,-0.425202994,0.904,0.921,1
Prkar1a,0.000191707,-0.239418366,0.979,0.988,1
Hdgfl3,0.000192168,-0.297187985,0.925,0.951,1
BC031181,0.000192484,0.232552821,0.979,0.963,1
Ophn1,0.000193268,0.354483021,0.92,0.866,1
Srm,0.000194715,0.63226723,0.615,0.402,1
Srcin1,0.000196362,-0.754922519,0.406,0.579,1
Usp9x,0.00019654,-0.351566597,0.968,0.97,1
Rpl36a,0.000197396,0.212337113,0.979,0.982,1
Syngr1,0.000199164,-0.364210942,0.93,0.951,1
Tbl1xr1,0.000199227,-0.324021918,0.92,0.927,1
Nr1d2,0.000200916,-0.604392844,0.54,0.701,1
Srp14,0.000202412,0.208073901,0.989,0.994,1
Tnfrsf12a,0.000204554,1.475820628,0.209,0.067,1
Crtac1,0.000205815,-0.272229528,0.995,0.988,1
Fdx2,0.00020625,0.324416399,0.947,0.921,1
Cdh18,0.000206506,-0.857955497,0.257,0.427,1
Grm7,0.000207708,-0.56835743,0.861,0.909,1
B4galnt1,0.000210904,1.059855568,0.444,0.244,1
Acat2,0.000210937,0.270334617,0.93,0.872,1
Lonrf2,0.000211814,-0.520535626,0.866,0.909,1
Dynlrb1,0.000213225,0.245996407,0.984,0.994,1
Cdk5,0.000213885,0.538817727,0.877,0.805,1
Acbd5,0.000214741,-0.361462525,0.904,0.945,1
Fbxo21,0.000217012,-0.521260692,0.642,0.768,1
Xiap,0.000217816,-0.328432662,0.93,0.951,1
Ddx17,0.000218978,-0.37352824,0.904,0.927,1
Xpo7,0.00022108,-0.474521009,0.754,0.835,1
Nkain1,0.000221347,1.021462147,0.364,0.183,1
Dnase1l1,0.000222266,0.968647331,0.337,0.152,1
Rnd3,0.00022323,0.79411112,0.39,0.22,1
Crmp1,0.00022386,-0.288549766,0.92,0.976,1
Nsd3,0.000224993,-0.424050907,0.856,0.86,1
Il6,0.000225216,0.971760769,0.316,0.14,1
Cuta,0.000225256,0.357691948,0.968,0.921,1
Enox1,0.000226465,-0.403539435,0.898,0.939,1
Tspan8,0.000227386,0.35189342,0.989,0.982,1
Slc41a1,0.000227794,0.893871793,0.476,0.293,1
AU040320,0.000228608,-0.264611633,0.631,0.744,1
Gm17018,0.000231541,0.418597473,0.947,0.909,1
Atxn1,0.0002374,-0.424158956,0.802,0.884,1
Kif21a,0.000241934,0.160818513,0.984,1,1
Lpp,0.000242695,0.607080496,0.69,0.5,1
Rnf19b,0.000242871,-0.551092639,0.684,0.726,1
Rab27b,0.000243863,-0.54915262,0.684,0.787,1
Nrsn1,0.000245944,-0.278571705,0.984,0.976,1
Ssbp4,0.000248599,0.548788347,0.824,0.768,1
Cdh22,0.000251003,0.860921461,0.225,0.079,1
Gas6,0.000251898,-0.673098434,0.567,0.671,1
Lrrc49,0.000252677,-0.521929133,0.711,0.793,1
Nedd4,0.000254192,-0.198221611,0.989,0.994,1
Tmtc4,0.000254716,0.551760785,0.824,0.762,1
Exd2,0.000258432,-1.194616451,0.904,0.933,1
Aprt,0.000259177,0.948249387,0.497,0.323,1
Washc4,0.000265097,-0.517164828,0.749,0.805,1
Gstm6,0.000265635,0.685397513,0.46,0.256,1
Hpcal1,0.000268107,0.197253245,0.973,0.982,1
Supt6,0.000268132,0.388447586,0.893,0.817,1
Rpl15,0.000268679,0.159700987,1,0.988,1
Cox19,0.000268816,0.419491617,0.941,0.896,1
Bcas3,0.000269194,-0.50125363,0.781,0.872,1
Dhrs1,0.000269284,0.496228979,0.888,0.805,1
Ufsp1,0.000269656,-0.922517694,0.422,0.555,1
Il18,0.000269891,0.750820401,0.481,0.293,1
Tagln2,0.000269999,1.196344669,0.626,0.53,1
Pja1,0.000272114,-0.475004258,0.802,0.878,1
Cycs,0.000272544,0.229698821,0.989,0.97,1
1700028E10Rik,0.000272896,-1.776460444,0.011,0.098,1
Rala,0.000274885,0.312424907,0.947,0.927,1
Hs6st2,0.000275127,-0.42709388,0.888,0.915,1
Emc4,0.000275386,0.479689546,0.834,0.713,1
A4galt,0.000276948,-0.683180511,0.572,0.652,1
Tmem151b,0.000277039,-0.607530525,0.615,0.75,1
Rpain,0.000279057,0.769165117,0.631,0.476,1
Hnrnpa2b1,0.000280399,-0.326050726,0.947,0.988,1
Phf5a,0.000282564,0.404003423,0.893,0.823,1
Flrt2,0.000282838,0.728142108,0.743,0.628,1
Cbx7,0.000284974,-0.712049609,0.476,0.585,1
Tgfb1,0.000285134,0.392989876,0.952,0.878,1
Cope,0.000286274,0.44714732,0.909,0.726,1
Ndufa12,0.000286355,0.394997874,0.963,0.909,1
Ralb,0.00028685,0.489259767,0.54,0.317,1
9330159F19Rik,0.00029622,-0.448534693,0.877,0.866,1
Gprasp2,0.000296392,-0.477130866,0.802,0.884,1
Dock9,0.000296876,-0.758689432,0.503,0.622,1
Cdh19,0.000297656,1.004298503,0.364,0.183,1
Pcdh7,0.000297701,0.643815171,0.572,0.372,1
Rims1,0.000298706,1.157265311,0.235,0.085,1
Bach2,0.000299456,-0.521142359,0.759,0.811,1
Abhd16a,0.000299594,-0.601641762,0.604,0.689,1
Gabrb3,0.000299662,-0.427008156,0.909,0.939,1
Nampt,0.000305297,-0.478234516,0.77,0.829,1
Cacna1c,0.000305304,-0.354587306,0.947,0.957,1
Ccdc59,0.000307083,0.616251788,0.668,0.506,1
Ran,0.000308022,0.220913859,0.979,0.982,1
Pdxp,0.00030875,-0.469454407,0.588,0.72,1
Sh3bp5l,0.000310416,-0.378260169,0.856,0.878,1
Lmo1,0.000310835,1.352943297,0.481,0.311,1
Mxd4,0.000311703,-0.513299842,0.61,0.726,1
Dynlt3,0.000315628,-0.167219475,0.984,0.988,1
Ash1l,0.000319432,-0.434428945,0.893,0.915,1
Tcp11l1,0.000322541,0.300606766,0.963,0.945,1
Ifitm2,0.000323179,0.450242308,0.818,0.683,1
2200002D01Rik,0.000323786,0.580656084,0.171,0.049,1
Vapa,0.000325324,0.255923925,0.979,0.963,1
Rnasel,0.000326123,-0.754834404,0.519,0.659,1
U2af2,0.000327568,-0.411261107,0.775,0.866,1
Pkm,0.000329351,0.246113142,0.995,0.994,1
Lrp10,0.000333989,0.444433002,0.791,0.604,1
Aox1,0.000335748,-0.744950604,0.406,0.543,1
Ak6,0.000335766,0.739318434,0.578,0.415,1
Map2k6,0.000335805,-1.298115585,0.112,0.256,1
Mrpl57,0.000338027,0.224055133,0.979,0.951,1
Rit1,0.000344443,0.385875429,0.914,0.896,1
Hnrnpdl,0.000345544,0.367113488,0.888,0.829,1
Prxl2c,0.000348674,0.508838877,0.647,0.439,1
Tcaf1,0.000353336,0.256412934,0.973,0.951,1
Psmb2,0.000353523,0.446807231,0.952,0.878,1
Shoc2,0.000354115,-0.27438361,0.963,0.982,1
Abhd8,0.000356558,-0.509364222,0.781,0.835,1
Atox1,0.000359176,0.182455931,0.979,0.982,1
Tomm34,0.000361508,-0.373026149,0.882,0.933,1
Hspa12b,0.000361549,0.847816658,0.604,0.421,1
Rab28,0.000363179,-0.412439418,0.765,0.866,1
Atp1a3,0.000363261,-1.238090583,0.332,0.47,1
A330076H08Rik,0.00036758,-0.764469199,0.342,0.506,1
Clint1,0.00037058,-0.422100402,0.824,0.854,1
Gm17268,0.000375547,-0.778666682,0.107,0.244,1
Rasef,0.000376034,0.654503869,0.182,0.055,1
Adk,0.000376901,0.509256408,0.818,0.72,1
Usp33,0.000378298,-0.347525038,0.866,0.89,1
Cdk5r1,0.000379607,-0.678176807,0.578,0.689,1
Uchl1,0.000389211,0.255428398,1,1,1
Fbxo9,0.000389786,-0.334672395,0.947,0.97,1
Trappc4,0.000390711,0.197681618,0.973,0.97,1
Grik1,0.00039302,-1.071736979,0.289,0.439,1
Prkn,0.000397546,-0.546966638,0.754,0.787,1
Kif26b,0.000402729,-0.528968588,0.652,0.707,1
Slc25a22,0.000403126,-0.595584062,0.69,0.738,1
Mapk8ip2,0.000405038,-0.219877096,0.973,0.976,1
Dad1,0.00040572,0.422525185,0.973,0.945,1
Nyap1,0.000408067,-0.41667179,0.797,0.829,1
Gm42439,0.0004083,-2.47200976,0.021,0.116,1
Enoph1,0.000410702,-0.695559927,0.455,0.591,1
Rgs4,0.000415113,-0.471742934,0.872,0.89,1
Ptgir,0.000416885,-0.443545354,0.781,0.823,1
C030017B01Rik,0.00041802,0.482734014,0.781,0.652,1
Chchd7,0.00041944,0.32549226,0.957,0.933,1
Prkacb,0.000434121,-0.320952836,0.888,0.896,1
Smdt1,0.000437786,0.145205066,0.995,0.994,1
Vat1l,0.000440394,-0.213773706,0.984,0.988,1
Ncoa2,0.000441732,-0.399303728,0.802,0.902,1
Mfap3l,0.000443292,0.913991207,0.417,0.244,1
Rnf19a,0.000446382,-0.34962986,0.914,0.945,1
Slc7a7,0.000448047,0.599263231,0.759,0.628,1
Pgd,0.000449917,0.469163393,0.834,0.72,1
Tmem160,0.000455429,0.325011325,0.973,0.97,1
Dctn3,0.000455464,0.365539442,0.984,0.97,1
Arhgef11,0.000456023,-0.510123265,0.775,0.829,1
Dnmt3a,0.000457673,-0.602186478,0.61,0.695,1
Magi2,0.000459711,-0.598182339,0.701,0.823,1
Sh3bgrl,0.000465368,0.332112209,0.979,0.945,1
Akt1s1,0.00046679,0.516365058,0.791,0.64,1
Tmem59,0.000467129,-0.386887693,0.936,0.982,1
Dpp6,0.000472847,-0.295360714,0.963,0.976,1
Dtnbp1,0.000478993,0.542643922,0.872,0.78,1
Pygo1,0.000479086,-0.437349303,0.588,0.677,1
Spin1,0.000482842,-0.257141012,0.925,0.921,1
Mafg,0.000483735,0.31436598,0.909,0.884,1
Brwd1,0.000486302,-0.488098318,0.733,0.799,1
Eps15l1,0.000486423,-0.736407942,0.406,0.561,1
Mfap3,0.000487107,0.58463166,0.615,0.433,1
Tubgcp5,0.000487848,-0.790953382,0.428,0.561,1
Dnajb6,0.000488104,0.189888609,0.984,0.988,1
Rnh1,0.000488291,0.622512827,0.845,0.732,1
Herc3,0.000488338,-0.560502389,0.754,0.787,1
Ssbp3,0.00049088,-0.263114216,0.973,0.957,1
Rprd1a,0.000494162,-0.433930672,0.824,0.884,1
Gm10501,0.000494592,-1.054920891,0.187,0.335,1
Acsl3,0.00049605,-0.396588604,0.936,0.939,1
Slc9a9,0.000498746,-0.374879884,0.909,0.921,1
Tmem178b,0.000499079,-0.574331697,0.684,0.787,1
Dbp,0.00049928,-1.195808658,0.107,0.244,1
Trmt10a,0.000502521,0.626635126,0.524,0.311,1
Rnf220,0.000514079,-0.403251696,0.813,0.854,1
Atf2,0.000514754,-0.339591798,0.893,0.915,1
Nrxn2,0.000515951,0.330317625,0.941,0.933,1
Dnlz,0.000517771,0.259541059,0.989,0.976,1
Taf7,0.00052141,0.905857508,0.433,0.268,1
Pih1d1,0.000523888,0.453648517,0.765,0.598,1
Trim32,0.00052478,-0.606458325,0.481,0.628,1
Mrpl23,0.000526132,0.368162013,0.941,0.89,1
Snhg8,0.000527393,-0.488662225,0.861,0.902,1
Chst2,0.000528881,0.36934562,0.31,0.146,1
Tnk2,0.000531772,-0.557156464,0.658,0.732,1
Srrm2,0.000536123,-0.232015613,0.952,0.963,1
Klf16,0.00053721,-0.981253044,0.123,0.268,1
Vps28,0.000540258,0.253970814,0.952,0.896,1
Nedd1,0.000542801,-0.988852485,0.214,0.354,1
Unc5d,0.000545679,-0.51729558,0.791,0.866,1
Cish,0.000546521,0.755098166,0.444,0.244,1
Creg2,0.000554499,-1.307972675,0.123,0.262,1
Gnai1,0.000554899,0.420104266,0.952,0.884,1
1500002F19Rik,0.000556081,2.093636593,0.086,0.006,1
Vps26b,0.000556438,-0.564577615,0.636,0.732,1
Tmtc1,0.000562588,-0.511204487,0.54,0.707,1
Rpgrip1,0.000565821,-0.381436919,0.647,0.756,1
Fkbp8,0.000568727,0.334770825,0.989,0.957,1
Serinc1,0.00057101,-0.244612524,1,0.994,1
Sel1l3,0.000578306,0.815493069,0.374,0.195,1
Snrpf,0.000580619,-0.287855487,0.941,0.957,1
Stxbp5,0.000580651,-0.479231303,0.701,0.799,1
Timm10,0.000583609,0.30485978,0.957,0.915,1
Hspa1b,0.000587356,-1.216364636,0.182,0.329,1
Micu1,0.000589955,-0.399805156,0.807,0.878,1
Pip4k2a,0.000591603,-0.483208848,0.658,0.75,1
Bcl7a,0.000593681,-0.45980301,0.701,0.787,1
Dock7,0.000597039,-0.593844072,0.802,0.854,1
Mkx,0.000598618,-0.702391362,0.422,0.579,1
Sos1,0.000599899,-0.375123186,0.898,0.945,1
Fndc9,0.000602028,-0.902456762,0.203,0.366,1
Hsp90b1,0.000605227,-0.310903481,0.968,0.97,1
Pcmtd2,0.000611371,-0.560041717,0.615,0.683,1
Gmcl1,0.000611397,-0.531596319,0.717,0.768,1
Znrd2,0.000611575,0.545396786,0.813,0.646,1
Thap2,0.000611952,-0.529078984,0.733,0.768,1
Mycn,0.000613209,-1.072103791,0.037,0.14,1
Pdcd4,0.00061582,-0.52603033,0.733,0.762,1
Pbx2,0.000618951,-0.520179901,0.615,0.72,1
Stmn3,0.000626858,0.252859736,1,1,1
Itga4,0.000628337,-1.075236504,0.182,0.323,1
Chd3,0.000629261,0.201038979,0.979,0.982,1
Dctn1,0.000634139,-0.242722088,0.979,0.976,1
Fam104a,0.000639367,0.298210322,0.963,0.909,1
Ift57,0.000644398,0.949831788,0.551,0.439,1
Ppm1h,0.000644715,-0.531099948,0.893,0.902,1
Fam210b,0.000644795,1.264568312,0.353,0.195,1
Lrrc14,0.000656313,0.391580696,0.706,0.524,1
Nrip1,0.000656585,0.540141016,0.791,0.72,1
Ndufb11,0.000656617,0.290561368,0.989,0.97,1
Pard6g,0.000658897,1.092975653,0.23,0.091,1
Eif2b1,0.000666288,0.709042667,0.337,0.177,1
Rnf214,0.000667179,-0.427848165,0.829,0.866,1
Slc36a1,0.000669281,-0.263959134,0.957,0.976,1
Mul1,0.000672677,0.839268604,0.69,0.506,1
Fcho2,0.00067545,-0.555745362,0.529,0.61,1
Fam92a,0.000681619,0.354909454,0.872,0.762,1
Gm13963,0.000682558,-0.374683277,0.283,0.433,1
C2cd5,0.000682595,-0.611627439,0.626,0.774,1
Nhp2,0.000682718,0.278609276,0.93,0.902,1
Eif3i,0.000692385,0.370181118,0.92,0.835,1
Ap2b1,0.000692898,-0.250308317,0.957,0.976,1
Zmiz1,0.000698796,-0.375782552,0.84,0.896,1
1810037I17Rik,0.00070649,-0.255992551,0.979,0.982,1
Gas5,0.000707809,-0.169460783,0.973,0.976,1
Polr3d,0.000715647,0.740983399,0.492,0.323,1
Fads3,0.000717521,0.534541639,0.727,0.622,1
Apip,0.000718652,0.534459385,0.77,0.604,1
Gm26760,0.000720037,-1.926153117,0.032,0.128,1
Usp14,0.000722487,-0.233879092,0.947,0.957,1
Tmem131l,0.000724734,-0.853525308,0.316,0.445,1
Agtpbp1,0.000728523,0.271593173,0.973,0.988,1
Fth1,0.000728558,0.171820622,1,1,1
Cacna1e,0.000728847,-0.645434168,0.615,0.726,1
Kdm6a,0.000731238,-0.465628875,0.754,0.829,1
Srsf2,0.000734134,0.30254539,0.941,0.921,1
Gng4,0.000737024,1.171538021,0.262,0.116,1
Dll3,0.000738776,-0.640187882,0.588,0.677,1
Cisd1,0.000739778,0.231581565,0.984,0.976,1
Rpl10,0.000748348,0.191731278,0.989,0.982,1
Atp6v0c,0.000752667,0.180040869,1,0.988,1
Rundc1,0.000756314,-0.888840718,0.176,0.329,1
Jph4,0.000765717,-0.217598491,0.984,0.988,1
Bad,0.000767208,0.341076754,0.93,0.896,1
Slc6a15,0.000775121,-0.326583772,0.909,0.933,1
Pcdh17,0.000775667,0.381625908,0.973,0.939,1
Apaf1,0.000780935,-1.441270082,0.096,0.22,1
Oprm1,0.000787888,-0.31014614,0.973,0.976,1
Mthfs,0.000788383,-0.731743502,0.449,0.543,1
Fry,0.000790606,-0.226943936,0.947,0.97,1
Kcna2,0.000794965,-0.500956376,0.652,0.738,1
Zbtb11,0.000795661,-0.704658825,0.588,0.701,1
Mir22hg,0.000796097,0.410501615,0.791,0.64,1
Mrpl32,0.000797033,0.351857418,0.85,0.695,1
Ccnjl,0.000799322,-0.821031842,0.23,0.384,1
Coil,0.000799457,0.677642377,0.594,0.457,1
Stx6,0.000801679,-0.447416275,0.545,0.683,1
Sdha,0.000810558,-0.285917728,0.952,0.976,1
Snhg14,0.000815772,-0.616760259,0.61,0.726,1
Tor1aip2,0.000819772,-0.411807884,0.802,0.89,1
Cops6,0.000820704,0.432810179,0.888,0.841,1
Cbl,0.000821093,-0.421512105,0.775,0.872,1
Rnasek,0.000823232,0.20177082,0.995,0.988,1
Adora2a,0.000829246,-0.547222494,0.439,0.567,1
Clgn,0.000832012,-0.384348774,0.877,0.921,1
Lipk,0.00083723,1.389678486,0.171,0.055,1
Pds5b,0.000846163,-0.415461901,0.829,0.866,1
Abca1,0.000846902,0.529114783,0.872,0.744,1
Rnf103,0.000854287,-0.537059277,0.706,0.823,1
Fundc1,0.000856885,-0.43689913,0.829,0.872,1
Trappc2l,0.000857071,0.312257155,0.947,0.927,1
Mvb12a,0.000864065,0.558299366,0.802,0.677,1
Ctxn1,0.000864704,0.251157709,0.979,0.957,1
Abhd15,0.000865613,-1.094903574,0.139,0.268,1
Naa30,0.00086941,-0.782451806,0.455,0.573,1
Ncam2,0.00086967,-0.339550179,0.963,0.982,1
Ier3ip1,0.00087135,0.251344232,0.979,0.97,1
Rpl13,0.000873087,0.138963515,0.995,0.994,1
Tmx4,0.000874249,0.265067712,0.957,0.951,1
Fzd5,0.000879549,-1.414308025,0.086,0.207,1
Atp6v1f,0.000884726,0.173179268,1,1,1
Shoc1,0.000886952,1.732850755,0.166,0.055,1
Ppp2r1a,0.000888051,-0.213773776,0.979,0.988,1
Thoc7,0.000894478,0.308599341,0.957,0.963,1
Lasp1,0.000898558,-0.403253263,0.861,0.896,1
Ubxn4,0.000903572,0.323815827,0.866,0.829,1
Ppp1r15a,0.000905592,-0.65378512,0.62,0.72,1
Tmem134,0.000905984,0.313142417,0.941,0.902,1
Pdzrn4,0.000906082,-2.075472676,0.043,0.14,1
Osbpl8,0.000911358,-0.35908748,0.957,0.951,1
Add2,0.000914585,-0.236761092,0.936,0.963,1
Tpm1,0.000914701,0.325598563,0.963,0.939,1
Sgsm2,0.000917003,-0.64496114,0.711,0.774,1
Cd55,0.000924966,-0.426151399,0.604,0.744,1
Cox7a2l,0.000925663,0.174308388,0.979,0.976,1
Shisal2a,0.0009297,1.459992537,0.107,0.018,1
Ost4,0.000932561,-0.234213189,0.973,0.963,1
Fut11,0.000933223,-0.688512016,0.626,0.695,1
Dkkl1,0.000943796,2.077559418,0.08,0.006,1
Gas7,0.000947372,0.82440752,0.299,0.146,1
Th,0.00096404,-0.278898862,0.182,0.348,1
Akr1b8,0.000971081,0.798914996,0.214,0.079,1
Srcap,0.000972978,-0.910537613,0.299,0.439,1
Bag3,0.000984487,-0.342724966,0.925,0.927,1
Ywhaz,0.000986829,-0.145318941,0.989,0.994,1
Ecel1,0.000987868,2.331238565,0.064,0,1
Gpr88,0.000987868,2.785225519,0.064,0,1
Ssr4,0.000992169,0.364728747,0.984,0.945,1
Pak7,0.000993406,-0.944450787,0.107,0.238,1
Prkg1,0.000994246,-0.307391884,0.984,0.988,1
Fis1,0.001001727,0.189400362,0.995,0.976,1
Hmgb2,0.001002156,-0.754255609,0.487,0.628,1
Csrnp3,0.001004159,-0.310786857,0.492,0.598,1
Stat1,0.001006699,-0.638095256,0.444,0.579,1
Smim14,0.00100926,-0.213968109,0.984,0.988,1
Meg3,0.001011098,-0.264019951,0.979,0.976,1
Frs3,0.001012426,-1.160866961,0.166,0.299,1
Rab4b,0.001012828,0.268437304,0.968,0.963,1
Pgm1,0.001015022,-0.389560823,0.877,0.89,1
Palm,0.001016585,-0.33644486,0.92,0.902,1
Ugdh,0.001016699,-0.546977859,0.701,0.756,1
Panx2,0.001020753,-0.4909636,0.567,0.713,1
Flii,0.001022416,-0.467982236,0.674,0.78,1
Tm4sf1,0.001024257,0.781812817,0.267,0.116,1
Inafm1,0.001027487,-0.464401346,0.62,0.713,1
Hspb1,0.001028239,0.377844989,0.979,0.97,1
Gsta4,0.001030449,1.329623564,0.187,0.067,1
Prkdc,0.001032954,-0.867233875,0.321,0.445,1
Akt1,0.001033171,-0.456206578,0.93,0.963,1
Chrna6,0.001033738,-1.913857139,0.059,0.165,1
Fbxl2,0.001062281,-0.433942466,0.786,0.829,1
Tnrc6b,0.00107262,-0.306873754,0.941,0.957,1
Mrps18c,0.001076014,0.522178079,0.872,0.75,1
Maml2,0.001078811,-0.534274802,0.615,0.75,1
Ppp3r1,0.001079328,-0.271706606,0.979,0.963,1
Lmo4,0.001081869,0.720350185,0.444,0.262,1
Gpd2,0.001082409,-0.312690145,0.743,0.829,1
Tppp3,0.001083502,-0.104632213,1,1,1
Ddx24,0.001093386,0.235462827,0.973,0.957,1
Klhl13,0.001096852,-0.745490816,0.444,0.573,1
Avpi1,0.001104774,0.442091478,0.856,0.756,1
Pmepa1,0.001105868,0.618513614,0.615,0.445,1
Trmt1l,0.001109878,-0.628634634,0.417,0.549,1
Elp4,0.001111506,-0.758796103,0.38,0.524,1
Nkapl,0.001113647,1.785207755,0.091,0.012,1
Pfdn4,0.001115515,0.299315771,0.952,0.951,1
Hspa12a,0.001115732,0.378789385,0.877,0.768,1
Pik3ip1,0.001116801,-0.397267063,0.668,0.732,1
Gm16183,0.001121239,-1.516297396,0.043,0.14,1
Glrx2,0.001121871,0.279326727,0.973,0.933,1
Gm5165,0.001122822,0.975224298,0.23,0.091,1
Zfyve28,0.001130537,0.564490376,0.743,0.61,1
Kalrn,0.001139974,-0.414572311,0.813,0.854,1
Atp5e,0.001141392,-0.125415182,1,1,1
Atp8b3,0.001153503,0.963241179,0.203,0.073,1
Rpl23a,0.001154154,0.203953149,0.989,0.988,1
Tpm2,0.001160497,1.320084936,0.273,0.134,1
Ubb,0.001167066,0.352263327,1,0.994,1
Rab10os,0.001173039,-0.646304183,0.46,0.579,1
Bmpr2,0.001177842,-0.198778673,0.973,0.982,1
Disp3,0.001178686,1.999721139,0.091,0.012,1
Cacnb3,0.001180083,0.214140253,0.989,0.982,1
Sh2d4b,0.001186506,-1.644356299,0.021,0.104,1
Tox,0.001189644,0.98282335,0.241,0.104,1
Hltf,0.00120187,-0.608595557,0.348,0.482,1
Trpc6,0.001201888,-2.16468711,0,0.055,1
Trim2,0.001202076,-0.208196176,0.984,0.976,1
Dync1li2,0.001205659,-0.279116971,0.957,0.939,1
Timm9,0.001215849,0.468961734,0.85,0.817,1
Ube2q1,0.001222025,-0.369495067,0.898,0.927,1
Naip5,0.00122994,-1.806511096,0.021,0.104,1
Hspa4l,0.001233143,-0.360161599,0.877,0.902,1
Rps15a,0.001245028,0.13186723,0.995,0.994,1
Ube2a,0.001246767,0.296658436,0.952,0.896,1
Tulp4,0.001251381,-0.309524942,0.941,0.976,1
Srp19,0.001258704,0.202159643,0.973,0.97,1
Pex11a,0.00126079,1.269945848,0.166,0.055,1
Plekhm2,0.001266514,-0.637861155,0.567,0.652,1
AC160336.1,0.001278283,-1.011924657,0.273,0.409,1
Stx11,0.001278752,1.611866946,0.134,0.037,1
Ppp6r2,0.001279116,-0.411496542,0.749,0.817,1
Pmm1,0.001293797,0.23217409,0.979,0.951,1
Prag1,0.001300698,0.811899745,0.251,0.11,1
Tmsb15b2,0.001300777,0.25705685,0.973,0.945,1
Fxyd4,0.001304637,-1.998566656,0.016,0.091,1
Hdlbp,0.001317496,0.317855778,0.952,0.963,1
Racgap1,0.001323348,1.219503824,0.182,0.067,1
Zeb2,0.001327756,-0.248756613,0.979,0.994,1
Tmem25,0.001331538,-0.605618386,0.594,0.695,1
Gm10516,0.001336563,-0.892543699,0.182,0.317,1
Atp5j,0.001362215,0.139634464,0.984,0.976,1
Gm38393,0.001376482,-0.849623122,0.23,0.366,1
St6galnac5,0.001377697,-0.850423696,0.481,0.585,1
Cdkn2d,0.001392322,0.248604439,0.979,0.963,1
AI987944,0.001397977,0.732161681,0.422,0.262,1
Acsbg1,0.001398289,0.565571221,0.401,0.22,1
Prpsap2,0.001405673,-0.693606874,0.332,0.47,1
Mrpl18,0.001406026,0.293455356,0.947,0.884,1
Slc7a14,0.001407605,-0.264207451,0.968,0.97,1
Nop16,0.001409864,0.757622202,0.449,0.287,1
Gm38948,0.001412155,-1.894254575,0.011,0.079,1
Apod,0.001412828,1.911579728,0.257,0.122,1
Sh3bgrl3,0.001412991,0.19169106,1,1,1
Ebp,0.001416686,0.417531893,0.658,0.494,1
Adamts1,0.001423022,0.935688315,0.267,0.128,1
Timm8b,0.00143363,0.277760248,0.984,0.963,1
Ufl1,0.001438081,-0.626110988,0.422,0.537,1
Mid2,0.001445701,-0.790080982,0.481,0.591,1
Fermt2,0.001449521,0.374772641,0.85,0.744,1
AW554918,0.001464697,-0.666688771,0.406,0.518,1
Cpeb4,0.00146867,-0.333783565,0.845,0.896,1
Ccar2,0.001472546,-0.568606975,0.246,0.378,1
Sugt1,0.001474654,0.260946235,0.947,0.939,1
Zfyve9,0.001476567,-0.457126139,0.802,0.854,1
Casz1,0.001477432,0.980685317,0.31,0.165,1
Slc15a4,0.001477925,-0.644998785,0.444,0.591,1
Glis3,0.001488297,1.642879747,0.16,0.055,1
Mdga2,0.001489886,-0.515094368,0.54,0.659,1
B3glct,0.001494421,-0.278351025,0.845,0.89,1
Dctn2,0.001514085,0.28859865,0.989,0.963,1
Rpl34,0.001514181,0.145198002,1,1,1
Txndc9,0.001519953,0.306398826,0.856,0.75,1
Psmg3,0.001527477,0.53931099,0.626,0.439,1
Tex30,0.001531645,1.034504421,0.439,0.28,1
Dpf2,0.001532607,-0.352937192,0.845,0.902,1
Slc35f3,0.001533101,-0.775705526,0.353,0.494,1
Gfod1,0.001538509,-0.469456824,0.861,0.872,1
Tusc3,0.001551311,-0.351287042,0.925,0.957,1
Lrrtm3,0.001553658,-0.517462768,0.674,0.762,1
A230056P14Rik,0.001558075,-1.034021725,0.123,0.244,1
Rap1gds1,0.001558558,-0.184542416,0.968,0.976,1
Rex1bd,0.00155874,0.155357211,0.989,0.988,1
Bet1l,0.001561742,0.732200997,0.749,0.598,1
Coa3,0.001564383,0.245460448,0.989,0.982,1
Nup107,0.001581491,-0.760989676,0.487,0.591,1
Sbk1,0.001583061,-0.602701102,0.433,0.573,1
Txndc11,0.001593501,-1.19975468,0.316,0.445,1
Cct5,0.00160512,0.320019531,0.914,0.866,1
Aftph,0.001605126,-0.427427895,0.786,0.829,1
Sys1,0.001622921,0.498569095,0.807,0.646,1
Sap30l,0.001626882,0.283843153,0.973,0.927,1
Hcfc1r1,0.001627852,0.253230923,0.995,0.976,1
A2ml1,0.001629301,0.357909935,0.925,0.915,1
Epm2a,0.001630759,-0.815268272,0.305,0.439,1
Rpl19,0.001636711,0.117424771,0.995,0.994,1
Adgrg1,0.0016491,0.491857684,0.642,0.463,1
Aurkaip1,0.001651266,0.228984336,0.973,0.963,1
Ndufa1,0.001651493,-0.234892163,0.989,0.976,1
Zfp787,0.001659073,0.739279954,0.353,0.189,1
9330182L06Rik,0.001659987,-0.440430785,0.759,0.817,1
Amigo3,0.001662926,-1.188278771,0.134,0.262,1
Bsn,0.001696302,-0.413209565,0.877,0.854,1
Igip,0.001698978,-0.376439145,0.882,0.86,1
Gm20721,0.001707271,-0.635508257,0.305,0.439,1
Psmd8,0.001711838,0.344678298,0.925,0.848,1
Tfdp2,0.001718478,-0.558948309,0.781,0.799,1
Oplah,0.001721093,-0.626729607,0.294,0.427,1
Trpv1,0.001730566,-0.208884123,0.973,0.988,1
Ubl3,0.001733538,-0.234874285,0.963,0.982,1
Dlx3,0.001735192,0.657699653,0.401,0.226,1
Araf,0.001735401,-0.28671562,0.947,0.945,1
Ndst4,0.001737755,-1.142611836,0.15,0.274,1
Hbegf,0.001738763,0.685104874,0.305,0.159,1
Klf5,0.001746342,-0.338188393,0.679,0.768,1
Slc22a17,0.001754971,-0.330355763,0.834,0.866,1
Pdpn,0.001756505,0.741199778,0.342,0.177,1
Mtmr7,0.001764914,0.322137372,0.904,0.811,1
Rnf150,0.001765431,0.566416091,0.513,0.372,1
Arid1b,0.001770163,-0.40950558,0.829,0.86,1
Mrpl13,0.001771942,0.379534099,0.872,0.75,1
Pdia4,0.00178427,-0.67520975,0.412,0.543,1
Borcs6,0.001787161,0.418104947,0.888,0.768,1
Rnf165,0.001798027,-1.150547749,0.134,0.262,1
Mien1,0.00180023,0.140118533,0.979,0.988,1
Fxn,0.001806067,0.627811833,0.62,0.439,1
T2,0.001807437,-0.419549912,0.187,0.323,1
Cela1,0.001811249,1.164575895,0.326,0.189,1
Jun,0.001824704,0.311317143,0.952,0.939,1
Tc2n,0.001825647,-1.03476479,0.214,0.348,1
Ppp1cb,0.001828747,-0.285581161,0.947,0.97,1
Prune2,0.001839337,0.181003686,1,0.994,1
Otud7a,0.001840493,-0.528447971,0.706,0.738,1
Zfp36l1,0.001840564,0.494647896,0.439,0.28,1
Ttc39b,0.001841945,-0.719397528,0.476,0.585,1
Anp32b,0.001853053,0.297582523,0.936,0.89,1
Lingo2,0.00186034,-0.334870331,0.84,0.902,1
AY036118,0.001872952,-0.530981306,0.524,0.628,1
Hdac5,0.001877807,-0.639160112,0.551,0.695,1
Plekhb2,0.00187901,-0.257160436,0.968,0.982,1
Ets2,0.001882208,1.051972625,0.353,0.213,1
Gm41804,0.001882226,-1.037633211,0.182,0.299,1
Akap6,0.001885498,-0.280235113,0.957,0.976,1
Dock11,0.001890133,-0.50922733,0.786,0.848,1
Copz2,0.00189367,0.847925707,0.342,0.189,1
Efcab6,0.001902676,-0.582951308,0.711,0.762,1
Pak3,0.001904686,-0.560388138,0.578,0.671,1
Ubqln4,0.001912883,-0.693160751,0.396,0.537,1
Unc119,0.001915664,-0.735462958,0.342,0.47,1
Atp6v1b2,0.001930038,-0.228745421,0.984,0.982,1
Scrt2,0.001932646,0.544186677,0.61,0.451,1
Gtf3c5,0.001937514,-0.797510703,0.193,0.335,1
Hist1h2be,0.00194094,-0.726494453,0.364,0.494,1
Gna11,0.001953613,0.36995618,0.92,0.817,1
Rps27a,0.001961239,0.133732698,1,1,1
Gm10642,0.001972646,1.145349668,0.134,0.037,1
Pag1,0.001974284,1.082124956,0.267,0.134,1
Klf3,0.001987199,-0.545238837,0.503,0.61,1
Mt3,0.001989315,-0.175792483,1,1,1
Cept1,0.00199837,-0.715240445,0.652,0.677,1
Acbd6,0.002006924,0.306504628,0.914,0.811,1
Gm39090,0.002016523,-0.759586371,0.214,0.348,1
Zfp608,0.002016966,-0.387983583,0.749,0.811,1
Srek1,0.002017083,-0.562305733,0.69,0.738,1
Txndc5,0.002018499,-0.499399601,0.449,0.573,1
Rab13,0.002024248,1.090381787,0.305,0.165,1
Rad21,0.00202577,-0.321545036,0.872,0.878,1
Atp6v1d,0.002028324,0.286796865,0.93,0.927,1
Rapgef6,0.002029735,-0.357735642,0.829,0.866,1
Pbxip1,0.002055071,1.384448653,0.166,0.061,1
Frat2,0.00207941,-0.380430868,0.84,0.896,1
Gm19531,0.002099758,0.652027866,0.353,0.189,1
Slc16a7,0.002102018,-0.724905758,0.428,0.543,1
C1qtnf7,0.00210467,-0.390392136,0.909,0.945,1
Cd44,0.00210582,0.383414779,0.765,0.677,1
C1ql3,0.002114905,-0.548421037,0.604,0.75,1
Rbfox2,0.002116492,-0.147217446,0.984,0.982,1
Elmsan1,0.002118018,-0.686827558,0.444,0.573,1
Gm49463,0.002138781,2.619473534,0.096,0.018,1
Ppp4r3b,0.002153262,-0.389746688,0.626,0.726,1
Gm2000,0.002156365,0.442858944,0.733,0.567,1
Abr,0.002180219,-0.390915198,0.77,0.817,1
Tdrkh,0.002183554,0.486635017,0.733,0.561,1
Serinc3,0.002187826,-0.269799552,0.947,0.97,1
Rbm4b,0.002193322,-0.852370882,0.332,0.445,1
Plekhm1,0.002198534,0.951925845,0.326,0.183,1
Vegfb,0.002199051,-0.355835978,0.92,0.927,1
Selenop,0.002202601,0.692405582,0.529,0.372,1
Phactr3,0.00220371,-0.296202412,0.829,0.921,1
Hnrnpk,0.002211858,-0.251536382,0.979,0.982,1
Ddx5,0.002231476,-0.190374865,0.984,0.994,1
Pip5k1c,0.002233909,-0.37510678,0.85,0.866,1
Gm50368,0.002237189,-1.946758382,0.016,0.085,1
Ccdc51,0.002258963,-1.365382763,0.043,0.134,1
Fam161a,0.002267292,1.177780518,0.15,0.049,1
Gng5,0.002268005,0.378917053,0.893,0.78,1
Cep164,0.002274874,0.598947333,0.69,0.549,1
Prkx,0.002288154,-0.521563571,0.652,0.726,1
Pnck,0.002289406,-0.249200204,0.46,0.598,1
Gm5602,0.00229899,-1.87950254,0,0.049,1
Gm27188,0.00229899,-2.089977646,0,0.049,1
1700063J08Rik,0.00229899,-2.596094044,0,0.049,1
Tubb3,0.002299141,0.159096169,1,1,1
Grcc10,0.002323429,0.181961336,0.989,0.982,1
Trerf1,0.002324272,-0.640292265,0.449,0.561,1
Ptpn9,0.002326603,0.41630065,0.85,0.768,1
Vps13b,0.002331072,-0.456705314,0.733,0.774,1
Stard7,0.002335834,-0.427232389,0.765,0.848,1
Pja2,0.002343771,-0.161298445,0.973,0.982,1
Ypel5,0.002345483,-0.379000558,0.925,0.957,1
Nr2f1,0.002354039,0.703889837,0.422,0.256,1
Cdkn1b,0.002354835,-0.414777827,0.797,0.835,1
Clock,0.002355407,-0.430356914,0.77,0.805,1
Avil,0.002364156,-0.18124633,0.968,0.97,1
Psmb1,0.00236432,0.309567642,0.995,0.951,1
Esd,0.002418182,0.269810117,0.957,0.89,1
Nek3,0.00242329,-1.541551076,0.059,0.152,1
Ptn,0.002432296,0.593841464,0.647,0.53,1
Pced1a,0.002465738,0.780596697,0.326,0.177,1
Phactr2,0.002471359,-0.27497429,0.925,0.951,1
Irf1,0.002471456,-0.543791646,0.449,0.573,1
Wsb2,0.002481874,-0.250112552,0.957,0.951,1
Srxn1,0.002503449,0.280852111,0.957,0.884,1
Hes5,0.002518539,2.158158556,0.07,0.006,1
Tpi1,0.002526612,0.16839863,0.995,0.97,1
1700023F06Rik,0.002535967,-0.530266072,0.77,0.811,1
Crcp,0.002540191,-0.457784999,0.636,0.72,1
Rnf141,0.002548918,-0.682889341,0.465,0.549,1
Ten1,0.002559284,0.356951788,0.925,0.854,1
Cdc73,0.002560465,-0.388901796,0.791,0.848,1
Fam49a,0.002560714,-0.879169458,0.396,0.506,1
Camk1,0.002560954,0.492030974,0.77,0.726,1
Nedd8,0.002562085,0.142477552,1,1,1
Ddx42,0.002575379,0.28535226,0.861,0.787,1
Myo10,0.002586879,0.802771327,0.374,0.22,1
Susd5,0.002590412,1.355023755,0.128,0.037,1
Acsl1,0.00259519,-0.284280337,0.947,0.933,1
Tecta,0.002598159,0.78492691,0.257,0.122,1
Fbxl3,0.00260502,-0.469647667,0.711,0.726,1
Bax,0.002621373,0.349232406,0.92,0.878,1
Nup35,0.002625869,0.777184241,0.439,0.28,1
Tm9sf3,0.002659384,-0.29532142,0.957,0.927,1
Helz,0.002663596,-0.340401858,0.845,0.909,1
Grpel1,0.002666566,0.26687349,0.872,0.774,1
Tenm4,0.002669495,-0.510298387,0.69,0.756,1
Leng8,0.002676677,-0.429536715,0.647,0.726,1
Rom1,0.002679269,0.799762455,0.332,0.183,1
Tspan2os,0.002696265,-0.644282207,0.401,0.512,1
Prkd1,0.002697712,-0.451080051,0.636,0.744,1
Cdc42bpg,0.00271748,1.707094846,0.053,0,1
Csk,0.002724346,-0.290588363,0.786,0.805,1
Ick,0.002724623,-0.581538955,0.519,0.616,1
Krit1,0.002728856,-0.328564268,0.786,0.823,1
Ly6h,0.00275839,0.704542773,0.513,0.341,1
Znrf2,0.002764684,-0.400184972,0.578,0.707,1
Mark1,0.002769504,0.409013396,0.781,0.628,1
Mxra7,0.002781359,0.34658883,0.941,0.89,1
Clvs1,0.002782526,-0.333671068,0.898,0.915,1
Sfpq,0.002793981,-0.416131262,0.877,0.866,1
Platr14,0.002803669,1.213466592,0.176,0.067,1
5031425E22Rik,0.00281482,-0.551587137,0.455,0.579,1
Zfp423,0.002815561,0.345256767,0.909,0.854,1
Chrnb4,0.002821687,-0.501549127,0.561,0.689,1
Wdfy1,0.00282273,0.65574336,0.406,0.256,1
Slc25a53,0.002836346,0.424417959,0.631,0.47,1
Sox10,0.002839004,0.342600024,0.401,0.232,1
Nfic,0.002856864,-0.218354312,0.973,0.97,1
Mgll,0.002858016,0.761034089,0.289,0.146,1
Mib1,0.002861193,-0.350853414,0.866,0.909,1
Dtymk,0.00286341,0.362071156,0.733,0.591,1
Uchl3,0.002865393,0.378012879,0.77,0.598,1
9430085M18Rik,0.002879975,-1.304595595,0.016,0.085,1
Ak4,0.00288495,-0.797158952,0.353,0.47,1
Ndufs8,0.002888812,0.319617052,0.952,0.927,1
mt-Nd3,0.002901621,-0.213551951,0.979,0.976,1
Chst8,0.002908207,-0.578799299,0.267,0.421,1
Smim26,0.002917902,-0.391449361,0.834,0.902,1
1110038B12Rik,0.002928566,0.387688552,0.834,0.78,1
Eif1b,0.002931761,0.208111516,0.989,0.97,1
Snrpd2,0.002946693,0.20509775,0.963,0.982,1
Pacs2,0.002948575,-0.198633696,0.765,0.805,1
Stt3b,0.002963115,-0.331052355,0.872,0.89,1
Ap1ar,0.002987094,-0.401864456,0.888,0.933,1
Msl2,0.003006345,-0.613860204,0.465,0.567,1
Eif3b,0.003013865,0.349397721,0.92,0.817,1
Dr1,0.003015217,-0.46467061,0.572,0.683,1
Rps12,0.003023735,0.170816534,0.984,0.976,1
Ahcyl1,0.003027588,-0.268784717,0.898,0.951,1
Chmp2a,0.003030143,0.341130267,0.947,0.848,1
Blvrb,0.003051181,0.418659349,0.893,0.835,1
Dmac1,0.003066183,0.274238782,0.668,0.488,1
Lifr,0.003107633,-0.205322404,0.989,0.963,1
Rbpj,0.003108598,0.423191088,0.615,0.488,1
Gm29674,0.003125801,-1.262048546,0.027,0.104,1
Scg5,0.003133308,-0.161472367,0.957,0.957,1
Gm12592,0.003142586,-1.136989223,0.086,0.189,1
Alkal2,0.003155949,0.53427159,0.77,0.707,1
Ndufa10,0.003193536,0.265642872,0.989,0.951,1
Rack1,0.003199214,0.193449276,0.984,0.976,1
Irf2,0.003212413,-0.317415735,0.797,0.829,1
Epg5,0.003218883,-0.717167768,0.31,0.439,1
Cyth1,0.003244748,-0.638594856,0.508,0.598,1
Prkd3,0.003246069,1.519682644,0.08,0.012,1
Chmp3,0.003259507,-0.160357425,0.968,0.976,1
Kcna6,0.003268008,-0.203047229,0.904,0.902,1
B230312C02Rik,0.003280017,-1.32894673,0.316,0.445,1
Galnt18,0.003286241,-0.54004728,0.406,0.53,1
Sft2d2,0.003295972,0.715846492,0.31,0.159,1
Tbcc,0.003299661,-0.584200159,0.684,0.732,1
Acadsb,0.00330676,-0.325694819,0.722,0.774,1
Banf1,0.003314999,-0.262602326,0.963,0.963,1
Plp1,0.003320801,0.566795244,0.62,0.482,1
2210408F21Rik,0.003324089,-0.328830732,0.914,0.89,1
Tmem86b,0.003337346,-1.353240063,0.053,0.146,1
Arhgap17,0.003354557,-0.60628534,0.626,0.689,1
Tob1,0.003364025,-0.666114547,0.455,0.573,1
Cspg5,0.003382913,1.117750844,0.171,0.067,1
Txndc16,0.003383201,-0.45124041,0.219,0.341,1
Zbtb44,0.003390425,-0.497809844,0.62,0.683,1
Aldh1a3,0.003395245,-0.559942494,0.668,0.732,1
Mllt11,0.003395436,0.142370489,0.979,0.982,1
Syn1,0.003395551,-0.147892789,0.989,0.994,1
Pias1,0.003400808,-0.356419084,0.749,0.835,1
Neto2,0.003404736,-0.298447368,0.904,0.939,1
Cpeb3,0.003423845,-0.297715151,0.877,0.896,1
Slc1a2,0.00342726,1.042217973,0.225,0.104,1
Tmx3,0.003437663,-0.290955656,0.909,0.921,1
Eif2ak2,0.003444475,0.529572263,0.679,0.561,1
Mal2,0.003445386,0.458514361,0.791,0.695,1
Arfgef2,0.003447408,-0.42030945,0.813,0.829,1
Vamp8,0.003464646,0.779503339,0.471,0.317,1
Psd3,0.003484923,-0.410750915,0.829,0.86,1
Mcf2l,0.003487032,-0.584538487,0.652,0.695,1
Tlcd1,0.003495337,0.80261829,0.396,0.244,1
Zkscan8,0.003497948,-0.694429663,0.337,0.47,1
Ndufa7,0.003500606,0.152567498,0.979,0.988,1
Fam107a,0.003503244,1.665146396,0.091,0.018,1
Psmb4,0.003510336,0.388128441,0.968,0.927,1
Serpina3g,0.003519041,0.415706708,0.519,0.36,1
Tshz2,0.003536334,-0.214111909,0.984,0.988,1
Bace1,0.003539019,0.27984018,0.936,0.896,1
Sdc4,0.003560614,0.64813691,0.471,0.311,1
Ntmt1,0.003571406,0.671424115,0.487,0.329,1
Sowahc,0.003572677,-0.493093456,0.583,0.659,1
Mapk13,0.003578856,1.252806232,0.144,0.049,1
Iqsec1,0.003582977,-0.487439954,0.679,0.738,1
Slfn9,0.003588428,1.163423013,0.08,0.012,1
Ddx56,0.003593189,0.59922346,0.412,0.25,1
Prpf18,0.003611331,-0.482829145,0.701,0.774,1
Grem1,0.003623112,-2.148696914,0.021,0.091,1
Kctd11,0.003636372,0.568947202,0.535,0.384,1
Tbca,0.003645457,0.127027596,0.995,1,1
Smpd3,0.003662432,-0.741725654,0.39,0.524,1
Mtpn,0.003670028,-0.214744702,0.979,0.988,1
Klhl21,0.003670716,-0.644987851,0.439,0.555,1
Itm2a,0.003675045,-0.454612503,0.85,0.89,1
Psma6,0.003678682,0.330497709,0.893,0.835,1
Rb1,0.003679766,-0.352786242,0.829,0.841,1
Thy1,0.003680912,-0.432588372,0.695,0.829,1
Fdxacb1,0.003689413,-1.261565182,0.102,0.207,1
Nkrf,0.003698098,0.543673078,0.503,0.335,1
Cpsf6,0.003703591,-0.441327917,0.706,0.75,1
Rapgef4,0.003714742,-0.372893268,0.797,0.799,1
Sec61b,0.00374388,0.16088092,0.963,0.957,1
Jmjd1c,0.003745936,-0.33803721,0.791,0.811,1
Hdac9,0.003768888,-0.261313467,0.952,0.963,1
Gmfb,0.003770105,-0.208129474,0.979,0.982,1
H3f3b,0.003770238,0.179505948,1,0.988,1
Dgcr6,0.003775886,-0.252423105,0.979,0.951,1
Mllt3,0.003782524,-0.254205207,0.872,0.902,1
Rnf123,0.003785818,-0.565396272,0.652,0.72,1
2310009A05Rik,0.003815082,-0.404527898,0.882,0.915,1
Exoc3l4,0.00382268,0.910110757,0.267,0.14,1
Gm12116,0.003832463,-0.915053289,0.209,0.329,1
Bub3,0.003832486,0.288050284,0.952,0.89,1
Nfatc2,0.003859475,1.649306449,0.102,0.024,1
Bcl11a,0.003866271,-0.559957523,0.321,0.451,1
Kcnab3,0.00392223,0.884875623,0.155,0.055,1
Kcna1,0.003935991,1.293231846,0.176,0.073,1
Zmat1,0.003952105,-0.768017478,0.23,0.354,1
3110021N24Rik,0.00396043,-0.890818232,0.225,0.348,1
Cers5,0.003965904,-0.389344769,0.791,0.854,1
Itgb1bp1,0.003966498,0.428982101,0.684,0.537,1
Ephx1,0.00396881,-1.094816478,0.075,0.177,1
Psmb6,0.003975926,0.314306051,0.957,0.945,1
Pdia6,0.003978454,-0.324486253,0.647,0.75,1
Onecut2,0.003984079,0.51990949,0.706,0.555,1
Cd99l2,0.003998133,-0.37764384,0.802,0.866,1
Tigd4,0.004006302,1.546018736,0.064,0.006,1
Hax1,0.004006565,0.372281343,0.813,0.683,1
Mrpl39,0.00401962,0.94025747,0.289,0.159,1
Rpl18a,0.004044951,0.139413518,0.989,0.982,1
Efr3a,0.004053905,-0.388095528,0.84,0.835,1
Spidr,0.004058119,1.001109422,0.316,0.177,1
Tnrc18,0.004078801,-0.385485453,0.706,0.75,1
Scg3,0.00408174,-0.338054276,0.925,0.957,1
Xkr6,0.004084717,-0.519424382,0.535,0.628,1
Nup98,0.004086984,-0.548714564,0.631,0.707,1
Slc22a23,0.004088111,0.584697201,0.422,0.262,1
Hook3,0.004091629,-0.406517712,0.754,0.799,1
Usp19,0.004094134,-0.42904169,0.807,0.835,1
Ccdc25,0.004096554,0.235096615,0.904,0.811,1
Psmd12,0.004105777,0.364020219,0.93,0.884,1
Zfp207,0.004119106,-0.351443553,0.791,0.835,1
Eef1g,0.004126633,0.156549971,0.973,0.988,1
Abhd12,0.004144207,-0.380645802,0.888,0.921,1
Fmn2,0.004177317,-0.506867109,0.444,0.549,1
A430018G15Rik,0.004179725,-0.851540352,0.299,0.421,1
Cdc42bpa,0.00419074,-0.223615045,0.925,0.945,1
Rap1b,0.004201853,0.204132261,0.952,0.97,1
Pdxdc1,0.00420956,-0.460971649,0.711,0.805,1
Vcp,0.004238092,0.133774877,0.984,0.988,1
Lhfpl2,0.004274881,1.032240425,0.187,0.079,1
Clta,0.004280606,0.128823181,1,0.994,1
Plscr4,0.004325604,0.691752524,0.449,0.299,1
Capns1,0.004337793,0.144461469,0.989,0.988,1
Lamtor5,0.004351636,0.191790981,0.984,0.951,1
Ccdc86,0.004354211,0.892320892,0.246,0.122,1
Polr2i,0.00437411,0.220806718,0.963,0.89,1
Pou4f1,0.004375677,-0.201059649,0.93,0.939,1
Fgd4,0.0043797,-0.599969079,0.524,0.628,1
Phc3,0.004383478,-0.51449776,0.604,0.646,1
Dach1,0.004388123,-1.093365917,0.139,0.25,1
Ndufs3,0.004395879,0.620066589,0.882,0.793,1
Rab35,0.004396941,0.206548787,0.824,0.695,1
Apobec4,0.00440838,-1.556645642,0,0.043,1
Ephb1,0.00440838,-2.01355614,0,0.043,1
Ndufc2,0.004417392,0.238260004,0.995,0.957,1
Apex1,0.004457428,0.369954811,0.679,0.494,1
Atp2b3,0.00448287,-0.731684719,0.193,0.305,1
Gch1,0.004482996,1.316691166,0.241,0.128,1
B230369F24Rik,0.004501427,-0.781890398,0.182,0.299,1
Bpnt1,0.004511159,-0.451404326,0.695,0.78,1
4930544M13Rik,0.004512978,1.507662947,0.048,0,1
Dhx15,0.004556342,-0.278413093,0.866,0.884,1
Polr2f,0.004556837,0.299680405,0.941,0.866,1
Cep120,0.004563025,-0.236085362,0.893,0.89,1
Stag2,0.004564946,-0.456246183,0.727,0.817,1
Mrps24,0.004565325,0.222955939,0.973,0.957,1
Prpf40b,0.004581961,0.618729814,0.417,0.262,1
Plod3,0.004583125,0.547949093,0.401,0.25,1
Fasn,0.004584444,0.353356087,0.957,0.921,1
Fam241a,0.004586602,-0.405203408,0.754,0.823,1
Fbxo6,0.0045968,0.62721274,0.471,0.335,1
Rtn4rl1,0.004600633,-0.330064723,0.834,0.823,1
Hsbp1,0.004603903,0.208245573,0.979,0.994,1
Jph3,0.004618134,-0.239486741,0.963,0.963,1
Cfi,0.004624308,1.115868632,0.139,0.049,1
Pde4c,0.004633541,0.465833575,0.513,0.366,1
4-Sep,0.004641307,-0.937196946,0.16,0.28,1
Naaladl2,0.004644078,-0.656629927,0.513,0.591,1
Spen,0.004676125,-0.435385117,0.599,0.689,1
Masp1,0.004680724,-0.921767625,0.294,0.415,1
Bend4,0.004690224,-0.915482056,0.219,0.341,1
Rab5if,0.004692762,0.395480646,0.861,0.738,1
Tbc1d8,0.004699303,-0.607985006,0.551,0.622,1
Syne3,0.004747713,0.511591334,0.241,0.122,1
Rbbp6,0.0047649,-0.158949781,0.893,0.896,1
Mpg,0.004766686,0.674514331,0.385,0.238,1
Slc4a11,0.004773255,-0.816994556,0.332,0.433,1
Rpap3,0.004786585,0.443679001,0.765,0.665,1
Cryab,0.004821721,0.223783671,0.492,0.323,1
Nsdhl,0.00483426,0.361209929,0.845,0.756,1
Fndc3a,0.004835506,-0.383834705,0.717,0.823,1
Cacng5,0.004837112,0.798066886,0.171,0.067,1
Usp31,0.004839608,-0.323582703,0.877,0.902,1
Armc2,0.004868391,0.773573431,0.396,0.25,1
Dkk3,0.004887803,-0.270545956,0.866,0.878,1
Hoxa2,0.004896857,-2.308993224,0.016,0.079,1
Abhd2,0.004903128,-0.246958737,0.834,0.884,1
Copg2,0.004912114,-0.617945061,0.717,0.732,1
1110012L19Rik,0.004912514,0.635795466,0.492,0.317,1
Camkv,0.004923129,-1.01694926,0.064,0.159,1
Ldb2,0.004925507,-0.552136013,0.604,0.671,1
Scn9a,0.004930648,-0.143921566,0.947,0.957,1
Timm13,0.004941162,0.16374511,0.995,0.988,1
Vopp1,0.004982871,-0.354752644,0.524,0.616,1
Sgcz,0.005028408,0.895817986,0.353,0.22,1
Fam131c,0.005031416,1.085863144,0.15,0.055,1
Dnmt1,0.005040067,-0.382880787,0.583,0.683,1
Psmd7,0.005041276,0.262444551,0.947,0.921,1
Rnf217,0.005082071,-0.455248506,0.652,0.744,1
Pgghg,0.005093518,1.042648186,0.15,0.055,1
Myo5a,0.005113678,-0.217289679,0.973,0.988,1
Pik3r2,0.005128487,-0.570184404,0.337,0.463,1
Slc24a2,0.005140957,-0.469919138,0.396,0.518,1
Rp9,0.00515435,0.218668583,0.963,0.957,1
A830092H15Rik,0.005180176,0.962320157,0.241,0.128,1
Ei24,0.005184926,0.240730038,0.888,0.872,1
Tafa5,0.005252621,0.288335929,0.588,0.378,1
Josd2,0.00527839,0.381649234,0.904,0.75,1
Vmn1r86,0.005279188,-2.055744451,0.005,0.055,1
Rybp,0.00528096,-0.377424015,0.604,0.707,1
Hadhb,0.005281535,-0.359773514,0.866,0.884,1
Nagk,0.005282658,-0.176676073,0.973,0.963,1
Atp1a2,0.00528673,0.533253371,0.556,0.396,1
Umad1,0.005287144,-0.500283699,0.508,0.61,1
Lhfpl4,0.005295643,-0.308101056,0.829,0.835,1
Antxr1,0.0053021,0.893228174,0.358,0.226,1
5730455P16Rik,0.005304269,-0.255918105,0.856,0.89,1
Trmt5,0.005318092,0.674184258,0.219,0.098,1
Col24a1,0.005327731,1.18053558,0.187,0.079,1
Strbp,0.005331907,-0.281718873,0.759,0.787,1
Dcp2,0.005346428,-0.453195159,0.62,0.652,1
Zfp568,0.005365337,0.928484153,0.203,0.091,1
Rer1,0.005375678,0.253981319,0.925,0.854,1
Zfp593,0.005393901,0.487393906,0.604,0.457,1
Dph5,0.005413296,0.491535138,0.508,0.36,1
Grsf1,0.005414643,-0.231869184,0.866,0.909,1
Smc5,0.005432603,-0.484396518,0.401,0.512,1
Ptprs,0.005440259,-0.313034517,0.882,0.939,1
Tpra1,0.005453784,-0.751022411,0.214,0.335,1
Snrpd1,0.005473835,0.281621355,0.963,0.951,1
Lancl2,0.005487252,-0.68933121,0.652,0.726,1
Meis1,0.005497023,-1.745225958,0.021,0.085,1
2810013P06Rik,0.005497529,-0.662489252,0.476,0.549,1
Psme2,0.005497615,0.327810334,0.84,0.78,1
Prom1,0.005500559,0.834602808,0.176,0.073,1
Nabp2,0.005513669,0.344079024,0.898,0.823,1
Phkb,0.005534276,-0.560495914,0.754,0.787,1
Tsnax,0.005546977,-0.510379146,0.786,0.823,1
Tbck,0.005603156,-0.60476251,0.529,0.634,1
Foxg1,0.005612592,-0.544117359,0.535,0.628,1
Rbm11,0.00563817,0.355660384,0.701,0.579,1
Amn1,0.005640853,0.405349777,0.668,0.53,1
Sfxn5,0.005642514,0.744458246,0.321,0.195,1
Stard4,0.005647274,0.352539622,0.93,0.927,1
Nefl,0.005655926,-0.175101851,0.989,1,1
Rtraf,0.005691885,0.187710923,0.968,0.97,1
D1Ertd622e,0.005695428,-0.642307028,0.519,0.579,1
Hist3h2ba,0.00570664,-0.340541904,0.925,0.909,1
Tmcc2,0.005710193,-0.294031933,0.818,0.872,1
Gm26590,0.005711907,-2.695876127,0.005,0.055,1
Dgkb,0.005726739,0.333378763,0.797,0.738,1
Scn7a,0.005737017,-0.267743278,0.898,0.951,1
Slc26a2,0.005748509,1.213670655,0.107,0.03,1
Cp,0.005756214,1.283280945,0.209,0.104,1
Arpc3,0.005801211,0.295265615,0.963,0.939,1
Klf4,0.005824119,0.574545596,0.321,0.189,1
Sh3bgrl2,0.005858778,-0.574232479,0.594,0.652,1
Cflar,0.005865678,-0.413141977,0.717,0.732,1
S100a1,0.005866228,0.456177074,0.722,0.555,1
Srp9,0.005897721,0.192936894,0.968,0.976,1
Tcerg1l,0.005915812,1.115340881,0.144,0.055,1
Rps24,0.005917314,0.111737754,0.995,1,1
Fez1,0.005922163,0.306975492,0.877,0.823,1
Exosc1,0.005945651,0.507948467,0.572,0.421,1
Kcnk3,0.005946517,0.307907008,0.936,0.921,1
Nfe2l2,0.005965578,0.246707227,0.722,0.579,1
Mrpl21,0.00596904,0.397802231,0.781,0.744,1
Rbm12b1,0.005994402,-1.424604103,0.032,0.104,1
Gab2,0.005995486,-0.382486048,0.743,0.78,1
Mzt1,0.006001979,-0.344335887,0.818,0.86,1
Zscan21,0.006014338,-0.838157812,0.262,0.39,1
Rad23a,0.006017313,-0.203990387,0.909,0.89,1
H2afv,0.006034487,-0.311210749,0.888,0.909,1
Rbbp4,0.00604376,-0.25675926,0.877,0.896,1
Nlgn2,0.006050043,0.416055275,0.765,0.64,1
C9orf72,0.006052357,-0.461056936,0.652,0.701,1
Ssr1,0.006060252,-0.35119584,0.834,0.841,1
Rab39,0.006063577,-0.545646123,0.561,0.61,1
Arhgef17,0.006073938,-0.629338343,0.749,0.805,1
Firre,0.006104849,-0.995880745,0.235,0.354,1
Txnl1,0.006109016,0.171569622,0.968,0.951,1
Gm16861,0.006134454,-1.635005562,0.021,0.085,1
Rc3h2,0.006140349,-0.290453124,0.824,0.89,1
Ednra,0.006161992,-0.500020727,0.358,0.476,1
A730098A19Rik,0.006174197,-1.084718466,0.139,0.244,1
Naif1,0.006197268,1.263421281,0.086,0.018,1
Med7,0.006221403,0.470691788,0.61,0.445,1
Rnf146,0.006223926,-0.450523366,0.604,0.689,1
Lin7a,0.00622799,-0.30599916,0.642,0.75,1
Pcdhb20,0.006228182,-1.287557939,0.075,0.171,1
Ptpro,0.006228552,-0.853241228,0.353,0.451,1
2210039B01Rik,0.006252437,1.2565225,0.096,0.024,1
Dgka,0.00625289,0.661182368,0.428,0.287,1
Usp34,0.006256878,-0.293899784,0.963,0.945,1
Trim23,0.006262897,-0.377848259,0.417,0.537,1
Zfp512,0.006268305,-0.580977808,0.54,0.64,1
Evi5,0.006268563,-0.174864101,0.973,0.963,1
Mroh1,0.00629266,-0.679167255,0.449,0.549,1
Sh3bp5,0.006303802,-0.398358838,0.615,0.707,1
Ttbk1,0.00632919,0.213104711,0.781,0.634,1
Ctu2,0.006334295,0.629591225,0.278,0.146,1
Isoc2b,0.006354495,1.034899813,0.246,0.128,1
Maml1,0.006354495,-0.930818924,0.139,0.25,1
Zfp703,0.006356429,1.453127834,0.187,0.085,1
Polr2h,0.006372278,0.466401332,0.754,0.628,1
Gpatch11,0.00637344,0.318246421,0.877,0.75,1
Rgs7bp,0.006415933,-0.44769534,0.877,0.902,1
Chp1,0.006430977,0.17931133,0.979,0.957,1
Spats2,0.006437881,-0.15023622,0.824,0.884,1
Anln,0.006440225,-1.334935876,0.059,0.146,1
Tardbp,0.006454255,-0.366067007,0.85,0.89,1
Dek,0.006454259,0.305537783,0.856,0.75,1
Gpr45,0.00645456,-0.334245879,0.888,0.909,1
Kcnk10,0.006468719,-0.63601624,0.401,0.518,1
Bex1,0.006503903,0.233864109,0.995,0.97,1
Snhg10,0.006505059,-0.655230021,0.289,0.415,1
Hoxb6,0.006510133,0.454183851,0.289,0.152,1
Ndufa8,0.006514094,0.217724248,0.973,0.982,1
Ptprn2,0.006530857,-0.523698649,0.535,0.616,1
Ikbip,0.006535166,0.939415701,0.203,0.098,1
Shroom4,0.006569906,1.721916812,0.059,0.006,1
Dop1b,0.006572898,-0.334726161,0.813,0.817,1
Gga1,0.006591653,-0.579295653,0.615,0.671,1
Snu13,0.006597783,0.195082244,0.989,0.97,1
Gm42984,0.006608183,-0.770001695,0.241,0.354,1
Vcan,0.006636711,1.565796195,0.059,0.006,1
Atp5g2,0.006640068,0.136664438,0.989,0.982,1
Lsm2,0.006647514,0.427322109,0.717,0.598,1
Mgarp,0.006653423,0.975097058,0.219,0.11,1
Elmod1,0.006663626,0.548798539,0.481,0.348,1
2900041M22Rik,0.006676692,-0.766672255,0.316,0.421,1
Fam131a,0.006682766,-0.837398804,0.428,0.53,1
Ndufa11,0.00670382,0.221908549,1,0.988,1
Mosmo,0.006712688,-0.196830775,0.914,0.933,1
Slc29a4,0.006729203,0.165343386,0.733,0.598,1
Ric8b,0.006732363,-0.519413032,0.668,0.726,1
Kmt2c,0.006755268,-0.395835087,0.759,0.805,1
Nsf,0.006756214,-0.21160809,0.952,0.982,1
Sh3bgr,0.006772155,1.522219934,0.059,0.006,1
Tril,0.006781099,0.932849184,0.107,0.03,1
Zbtb18,0.006807164,-0.443350165,0.588,0.665,1
Igsf9b,0.006811421,-0.594870879,0.513,0.61,1
Impact,0.006813587,-0.308173991,0.84,0.902,1
Ezh1,0.006834889,-0.405742797,0.749,0.787,1
Rras2,0.006849967,0.261115869,0.513,0.366,1
Pnma2,0.006878305,-0.264663371,0.92,0.945,1
Faim2,0.006882077,-0.186403277,0.952,0.933,1
Trpm7,0.006895386,-0.698043101,0.615,0.683,1
Heatr5a,0.006902521,-0.598307965,0.439,0.53,1
Narf,0.006908193,-0.59319835,0.513,0.604,1
Cidea,0.006908315,1.348273975,0.246,0.128,1
Gm14273,0.006910079,1.556146305,0.059,0.006,1
Gm34471,0.006910079,1.335835613,0.059,0.006,1
1110051M20Rik,0.006933632,0.233737925,0.888,0.848,1
Gmpr2,0.006935623,-0.498144343,0.337,0.451,1
Plscr3,0.006957434,0.438877669,0.738,0.622,1
Cyp4v3,0.006980733,-0.658256072,0.262,0.378,1
Rpl36al,0.006986081,0.124463264,0.984,0.988,1
1810058I24Rik,0.007038145,0.2036658,0.893,0.805,1
Trp53i11,0.007050521,1.427784662,0.059,0.006,1
Wfikkn2,0.007050521,1.371541601,0.059,0.006,1
Park7,0.007074933,0.183771683,0.984,0.976,1
Dlg4,0.007100388,-0.29528334,0.882,0.854,1
Tmem229b,0.007103173,0.519478524,0.69,0.555,1
Ifnar2,0.007111171,0.59917889,0.578,0.433,1
Chchd1,0.007141906,0.233055362,0.989,0.951,1
G6pdx,0.00715811,0.300856162,0.845,0.677,1
Rere,0.007164287,-0.418498374,0.957,0.982,1
Timp3,0.007176464,0.401498482,0.636,0.463,1
Ric1,0.007184366,-0.557293483,0.257,0.384,1
Tspoap1,0.007186066,-1.475408283,0.021,0.085,1
5830444B04Rik,0.007193521,1.598861289,0.059,0.006,1
Spp1,0.007193521,1.039147275,0.059,0.006,1
Gpr137b,0.00720514,-0.925538771,0.16,0.268,1
Cnr1,0.007243003,-0.391692072,0.695,0.774,1
Egfl7,0.00724353,0.255669983,0.861,0.799,1
Bbs9,0.0072532,-0.600819341,0.267,0.402,1
Ttyh1,0.007258851,0.33706622,0.396,0.244,1
4930532I03Rik,0.007284847,-1.60335556,0.027,0.091,1
Brsk2,0.007312528,-0.167325578,0.786,0.811,1
Fut9,0.007374309,-0.808645963,0.235,0.348,1
Txnrd1,0.007378064,0.229225497,0.941,0.89,1
Reps2,0.007396027,-0.387044639,0.663,0.768,1
Wfs1,0.007404719,0.678160208,0.711,0.591,1
Scg2,0.007405183,-0.253352763,0.952,0.982,1
Pianp,0.007408448,-0.411490323,0.743,0.762,1
Stn1,0.007410617,0.501300919,0.508,0.378,1
Rcan3,0.007456203,-0.315028409,0.877,0.921,1
Rtl8b,0.007457534,-0.269215422,0.914,0.963,1
Ccdc170,0.007458205,-1.703183926,0.027,0.091,1
Sra1,0.007480548,0.334757605,0.909,0.841,1
Sf3a2,0.007486141,-0.866590295,0.203,0.317,1
Atxn10,0.007499459,-0.42804377,0.952,0.994,1
Spata13,0.007502984,-0.440569659,0.722,0.787,1
A630031M04Rik,0.00750865,1.343133592,0.043,0,1
Lbhd2,0.00750865,1.317867383,0.043,0,1
Kdelr3,0.00750865,1.501575012,0.043,0,1
Pfkm,0.007524695,-0.423758379,0.701,0.768,1
Mapk10,0.007534895,-0.14051296,0.973,0.97,1
Rap1gap,0.00756474,-0.38821896,0.636,0.72,1
Tsga10,0.007566511,-0.527051818,0.428,0.543,1
Kcnn4,0.007572291,0.77427047,0.134,0.049,1
Haus4,0.00758349,-0.525705048,0.406,0.512,1
Nrn1l,0.00760497,-0.972164655,0.075,0.165,1
Slirp,0.007609997,0.184453655,0.925,0.896,1
Fam219a,0.007627258,-0.261199211,0.893,0.915,1
Dnajc27,0.007635896,-0.534604953,0.572,0.677,1
Dnajc8,0.007652453,0.258882885,0.973,0.939,1
Scn3b,0.007657923,-0.223821312,0.909,0.915,1
Gm37240,0.007679912,-1.414536755,0.396,0.5,1
Mmut,0.007710537,-0.558802813,0.545,0.598,1
Jtb,0.007791652,0.342695881,0.872,0.823,1
Pura,0.007798888,-0.166871941,0.968,0.963,1
Bhlhe41,0.007820011,0.382057349,0.85,0.756,1
AI506816,0.007821702,0.760423118,0.16,0.067,1
Snca,0.00783476,-0.659677381,0.476,0.561,1
Tstd1,0.007843889,0.678672966,0.241,0.122,1
Btbd1,0.007865277,0.313649536,0.888,0.805,1
Nucb1,0.007928762,-0.345729171,0.797,0.823,1
Gm42517,0.007945655,0.354145435,0.481,0.299,1
Galnt17,0.007956511,0.418253926,0.663,0.561,1
AC149090.1,0.007961713,-0.518909817,0.813,0.835,1
Gpr22,0.007965165,-0.510024499,0.765,0.811,1
6030458C11Rik,0.007981593,-0.42794997,0.401,0.506,1
2210408I21Rik,0.00798565,-0.383967911,0.497,0.61,1
Il12a,0.007999139,-1.579750465,0.016,0.073,1
Entpd6,0.008007706,-0.758376101,0.262,0.378,1
Ppp2r3d,0.008020559,-0.63831687,0.396,0.488,1
Pex7,0.008054381,-0.174244273,0.497,0.585,1
Cadm2,0.008060674,-0.443015206,0.738,0.805,1
2210011C24Rik,0.008070704,1.456739074,0.07,0.012,1
Fau,0.008072935,0.11641504,0.995,1,1
Gm15860,0.008108916,-0.881650927,0.187,0.293,1
Slit3,0.008117429,0.714379632,0.594,0.5,1
Ctnnb1,0.008147198,-0.170723462,0.957,0.97,1
Eif2d,0.008183684,-0.572266266,0.251,0.36,1
Scn2a,0.008197603,-0.449602555,0.513,0.622,1
Zfp516,0.008203653,-0.451620688,0.332,0.457,1
Rab39b,0.008232683,0.541918786,0.786,0.695,1
Tmem94,0.008243858,-0.998181781,0.15,0.256,1
Tmcc1,0.008244583,-0.414801489,0.749,0.823,1
Unkl,0.008248068,-0.385774255,0.492,0.604,1
Slc24a5,0.008257485,-0.665141048,0.77,0.799,1
Ube2s,0.008275697,0.240374136,0.968,0.97,1
Sertm1,0.008280861,0.198032924,0.636,0.488,1
Tmeff1,0.008294411,-0.244862574,0.84,0.86,1
Ciao3,0.008304143,0.504501444,0.337,0.195,1
Rhob,0.008306047,-0.285563747,0.904,0.921,1
Gosr1,0.00832288,-0.553411967,0.471,0.537,1
Rc3h1,0.00833332,-0.273861806,0.93,0.945,1
Celsr2,0.008335528,0.378053035,0.69,0.53,1
Gm35853,0.008338255,1.492235894,0.091,0.024,1
Anxa4,0.008340659,0.30591113,0.695,0.512,1
Shtn1,0.008365713,-0.546028344,0.535,0.622,1
Rps19bp1,0.008381556,0.314049418,0.733,0.622,1
Lgi1,0.008444205,-0.590433093,0.39,0.494,1
Hras,0.008445342,0.164956692,0.984,0.976,1
Sigmar1,0.008452404,0.503414425,0.813,0.738,1
Otud4,0.008464138,-0.415874894,0.754,0.762,1
Srsf5,0.00847579,-0.259845733,0.92,0.951,1
Spr,0.008477245,0.233675697,0.893,0.86,1
Tax1bp3,0.008478738,0.324963646,0.652,0.518,1
Mir124a-1hg,0.008478743,-0.646004303,0.471,0.591,1
BC028471,0.008481365,-0.531802486,0.348,0.47,1
A730090N16Rik,0.00848764,-1.857780273,0,0.037,1
Timp4,0.00848764,-1.490200994,0,0.037,1
Unc5a,0.00848764,-1.433490873,0,0.037,1
Gm29019,0.00848764,-1.778555132,0,0.037,1
7530416G11Rik,0.00848764,-2.24022842,0,0.037,1
1700018L02Rik,0.00848764,-1.531043983,0,0.037,1
Calml4,0.008496952,0.398161138,0.85,0.841,1
Rpl26,0.008498189,0.115763226,0.995,0.994,1
Pak1ip1,0.008517213,0.408239028,0.802,0.707,1
Lrrc1,0.008541738,-1.000458807,0.053,0.134,1
Sdsl,0.008579847,0.52366816,0.449,0.28,1
4632427E13Rik,0.008585533,-0.432981474,0.299,0.402,1
Itgb6,0.008593972,1.68612676,0.091,0.024,1
Yap1,0.008597621,1.265920808,0.112,0.037,1
Gtdc1,0.00861072,-0.327354634,0.299,0.409,1
Proser3,0.008618186,0.894420549,0.134,0.049,1
Fbxo8,0.008703593,-0.708455445,0.358,0.445,1
Gm31641,0.008744265,1.416462612,0.08,0.018,1
Bmpr1a,0.008753408,-0.270689726,0.877,0.872,1
Cckar,0.00875572,1.835851014,0.545,0.488,1
Hsdl1,0.008773055,-0.303448258,0.722,0.75,1
Spats2l,0.00877407,-0.411761924,0.706,0.713,1
Cep19,0.008791638,0.389160982,0.722,0.646,1
Tom1l2,0.008799095,-0.247479437,0.93,0.951,1
Axin2,0.008801591,-1.347953265,0.043,0.116,1
Rora,0.008812915,0.501017527,0.481,0.335,1
Sytl2,0.008828175,-0.753336481,0.358,0.476,1
Clip2,0.008829124,-0.302687543,0.738,0.823,1
Napg,0.0088389,0.201600538,0.941,0.933,1
Ogfod1,0.008841144,-0.362408618,0.594,0.701,1
D130009I18Rik,0.008870658,-0.565888337,0.412,0.524,1
Ift22,0.008877578,0.483364119,0.733,0.591,1
Col27a1,0.008941248,0.605276777,0.235,0.122,1
Lamp1,0.008943206,-0.228608425,0.979,0.988,1
Trpa1,0.00897044,0.342394683,0.979,0.97,1
Schip1,0.008984458,-0.223668523,0.973,0.982,1
Fam47e,0.008990702,1.678381134,0.091,0.024,1
Gyg,0.009019033,0.182426607,0.84,0.75,1
Fbxw8,0.009044713,-0.323115411,0.588,0.695,1
Gm16118,0.00905461,-0.919800484,0.016,0.073,1
Olfr889,0.009069744,-1.170403659,0.08,0.171,1
Jarid2,0.009080395,-0.464506372,0.567,0.646,1
Paip2,0.00908153,0.131958377,0.968,0.976,1
Tmem245,0.009101393,-0.42893962,0.738,0.799,1
Cyp2d22,0.009110522,1.271849856,0.139,0.055,1
Btrc,0.009138337,-0.530576601,0.578,0.634,1
Zc2hc1a,0.009140248,-0.280734144,0.904,0.915,1
Gde1,0.009152478,0.239250375,0.925,0.927,1
Fgf12,0.009174299,-0.172292102,0.93,0.957,1
Srgn,0.009195134,1.392744118,0.091,0.024,1
Mad2l2,0.009232927,0.319721699,0.406,0.238,1
Ccni,0.009246063,-0.258946861,0.947,0.945,1
Slc41a3,0.009256596,-0.919203632,0.16,0.256,1
Limd2,0.009292176,-0.385516195,0.711,0.75,1
Cntrl,0.009317079,-1.055841176,0.096,0.189,1
Hint2,0.009317511,0.189170906,0.909,0.866,1
Fabp7,0.009318909,0.574741012,0.69,0.604,1
Angpt1,0.00932385,-1.267743829,0.059,0.14,1
Slc10a7,0.009346071,-0.33456787,0.727,0.787,1
Vmn2r87,0.009357193,-1.670109698,0.032,0.098,1
Lrrc75b,0.009360428,-0.207255895,0.947,0.945,1
Olfm2,0.009368492,0.999828735,0.166,0.073,1
Atp6v1e1,0.009394829,-0.188465902,0.989,1,1
Gm26917,0.009423875,-0.732051198,0.193,0.293,1
Gm10419,0.009437353,0.386599295,0.834,0.72,1
BC029722,0.00944054,-0.536207696,0.658,0.701,1
Ubfd1,0.009449299,-0.416063314,0.679,0.707,1
Malsu1,0.009462261,0.400231528,0.738,0.628,1
Lsp1,0.009474162,1.307268364,0.091,0.024,1
Hnrnpd,0.00956248,0.336906552,0.893,0.799,1
Ptbp2,0.009567581,-0.420416432,0.856,0.933,1
Gpx7,0.009569958,0.853052627,0.209,0.104,1
Pkd1l3,0.009580246,-1.612233918,0.011,0.061,1
Tmcc3,0.0095954,-0.441577425,0.807,0.835,1
Tmem260,0.00961129,-0.77729554,0.246,0.348,1
Lynx1,0.009629832,0.349453503,0.791,0.671,1
Lmnb2,0.009655994,-1.053216157,0.139,0.238,1
Cyb5a,0.009657196,0.204519529,0.979,0.976,1
Ralgapa1,0.0096741,-0.273658868,0.93,0.927,1
Ankrd9,0.009687592,0.527632991,0.332,0.189,1
Dcaf12l1,0.009694208,-0.409260688,0.711,0.78,1
Spata24,0.009700842,0.675221754,0.374,0.226,1
Sh3glb1,0.009711983,0.234733226,0.941,0.957,1
Map3k13,0.009713022,-0.850078202,0.278,0.378,1
Tcf20,0.009742813,-0.370654167,0.807,0.854,1
Hsph1,0.009743821,-0.16962058,0.941,0.976,1
Dip2c,0.009766236,-0.214007246,0.888,0.939,1
Gm12166,0.009786706,1.142908766,0.08,0.018,1
Jund,0.009836327,-0.110266,0.989,0.982,1
Dpysl5,0.009845758,0.184252405,0.936,0.896,1
Map2k1,0.009857459,-0.321844521,0.925,0.951,1
Akap8l,0.009953907,-0.552625138,0.455,0.543,1
Prcc,0.010018983,-0.795877349,0.332,0.409,1
Bicral,0.010032186,-0.379453936,0.636,0.677,1
Gpt2,0.010043446,-0.446241494,0.396,0.512,1
Rimklb,0.010047583,-1.697665157,0.005,0.049,1
Gm38901,0.010047583,-1.665847902,0.005,0.049,1
Stxbp1,0.010094612,-0.194269863,0.984,0.982,1
Gpbp1,0.010094932,-0.306385157,0.93,0.921,1
Smg6,0.010157327,-0.397393882,0.626,0.701,1
Snhg9,0.010182098,-0.613989731,0.358,0.451,1
Sparcl1,0.010213399,0.604662801,0.503,0.384,1
Notch2,0.010221346,0.838045496,0.241,0.128,1
Skap2,0.010223192,0.386014855,0.668,0.53,1
Nt5c,0.010224258,0.416834877,0.925,0.866,1
Aff2,0.010287572,-0.36601112,0.262,0.372,1
Sez6,0.010295775,0.509321201,0.545,0.402,1
9430037G07Rik,0.010296411,-1.167904873,0.07,0.152,1
Dstyk,0.01033006,-0.502098392,0.679,0.738,1
Gng10,0.010347217,0.324069733,0.85,0.78,1
Tomm70a,0.010387073,-0.186638322,0.968,0.939,1
Gm50092,0.010388109,-1.687566658,0.005,0.049,1
F2r,0.010390393,-0.188197444,0.984,0.976,1
Brip1os,0.010450883,0.483100791,0.658,0.567,1
Cox6b1,0.010453954,0.13280397,0.989,1,1
Atxn7l2,0.010457112,-1.129992736,0.043,0.116,1
Aen,0.010475948,0.704169003,0.38,0.244,1
Siva1,0.010490912,-0.520989546,0.663,0.695,1
Rbm26,0.010537031,-0.358564969,0.572,0.683,1
Rrp12,0.010553591,0.739122609,0.289,0.171,1
Ice2,0.01056048,-0.924387639,0.193,0.287,1
Mpped1,0.010564894,-0.671321825,0.385,0.476,1
Gemin2,0.010570308,0.658865255,0.198,0.098,1
Sycp3,0.010620795,-1.547111558,0.005,0.049,1
Aak1,0.010631745,-0.257686407,0.936,0.921,1
Mapk8ip1,0.010637578,-0.264383271,0.925,0.902,1
Nrep,0.01065992,-0.668861712,0.342,0.445,1
Dnajb2,0.010698808,-0.336326738,0.818,0.835,1
Zyx,0.010705694,0.520147576,0.711,0.561,1
Gpr160,0.010748456,-0.59074733,0.278,0.39,1
Zwint,0.010775466,-0.100423886,0.989,1,1
Rtn4r,0.010805524,-1.167451296,0.043,0.116,1
Rnmt,0.010815083,-0.326420629,0.626,0.695,1
Mrps7,0.010818366,0.248555356,0.85,0.774,1
Slc38a2,0.010841128,0.205164826,0.952,0.896,1
Ankrd13c,0.010880493,0.497174183,0.695,0.567,1
Kirrel,0.010937963,0.752425155,0.182,0.085,1
Capn9,0.010974534,-1.558309762,0.032,0.098,1
Vkorc1,0.010974679,0.330170152,0.813,0.683,1
Npr2,0.011006384,-0.359647887,0.813,0.829,1
Suclg1,0.011033248,0.415718388,0.84,0.762,1
Ogn,0.011041992,0.778305145,0.203,0.104,1
Nsun4,0.011065707,0.888635641,0.321,0.201,1
Gm20300,0.011086872,-0.327266026,0.743,0.78,1
Fam13c,0.011102709,-0.492041649,0.283,0.39,1
Trim14,0.011120877,-0.591076297,0.342,0.451,1
Asb3,0.011127973,-0.465152833,0.513,0.628,1
Gm32250,0.011133218,-2.196328298,0.032,0.098,1
Ctsb,0.011139234,0.143762887,0.995,0.988,1
Cbx6,0.011153484,-0.247031034,0.963,0.957,1
Srsf7,0.011155155,-0.416162569,0.893,0.89,1
Lrrc8b,0.011172548,-0.154009943,0.979,0.982,1
Ndnf,0.011187033,1.576553741,0.107,0.037,1
Rflnb,0.011188933,-0.266985843,0.679,0.774,1
mt-Atp6,0.011240352,-0.14123616,1,1,1
Ube3c,0.011247228,-0.404563171,0.813,0.823,1
Pxmp2,0.011249735,0.345460605,0.824,0.732,1
Tut7,0.011251348,0.22176329,0.813,0.671,1
Eif4a2,0.011257274,-0.163929593,0.995,1,1
Dzip3,0.011278354,-0.370334888,0.834,0.86,1
Bcr,0.011286799,-0.29013003,0.807,0.841,1
Tmem179b,0.011350399,0.322875561,0.358,0.213,1
Klhl29,0.011364735,-0.319841283,0.551,0.646,1
1700113H08Rik,0.011372809,-1.557477279,0.021,0.079,1
Slc25a3,0.011376292,0.13345079,0.984,0.988,1
Stx4a,0.011380406,-0.246073497,0.93,0.933,1
Uba6,0.011407569,-0.284634164,0.904,0.902,1
Wls,0.011411089,-0.263009908,0.92,0.933,1
Gm11536,0.011438337,1.399719747,0.053,0.006,1
Csad,0.011445245,0.453936961,0.358,0.226,1
Rogdi,0.011457607,0.411324764,0.711,0.591,1
Tagln3,0.011513806,-0.159134376,0.995,0.976,1
Ap3b2,0.01153528,-0.232658493,0.93,0.933,1
Jpt2,0.011541342,-0.770037507,0.273,0.378,1
Atf7,0.011559688,-0.389654301,0.733,0.78,1
Ruvbl1,0.011561298,-0.357797338,0.294,0.439,1
Mmp15,0.011612231,-0.772501835,0.38,0.476,1
Sh3rf1,0.011645107,-0.573992744,0.524,0.622,1
Vstm2a,0.011655013,0.190690947,0.38,0.238,1
Rhox5,0.01166804,0.926135475,0.053,0.006,1
Proser1,0.011668917,-0.708987625,0.267,0.372,1
Sox2,0.011671448,0.445501938,0.278,0.152,1
Dbt,0.011681648,-0.810143188,0.251,0.348,1
Fam189b,0.011687398,0.136770684,0.979,0.976,1
Sorcs1,0.011692501,0.675398114,0.417,0.28,1
Mtap,0.011736038,0.562166384,0.39,0.25,1
Ahcyl2,0.011742889,-0.446429167,0.759,0.762,1
2610044O15Rik8,0.011749645,-0.739007154,0.31,0.415,1
Aunip,0.011784418,1.213397358,0.053,0.006,1
Tubb6,0.011784418,0.983941357,0.053,0.006,1
Dhps,0.011797206,0.326348304,0.797,0.695,1
Hbp1,0.011803977,-0.535096046,0.551,0.652,1
Cog5,0.011811739,-0.333916773,0.695,0.726,1
Smim5,0.011829341,1.027286183,0.144,0.061,1
Socs5,0.011849237,-0.473139255,0.604,0.659,1
Chchd10,0.011864062,0.199203224,0.989,0.982,1
Ccdc191,0.011877733,-0.891582656,0.16,0.256,1
Gpm6b,0.011918074,0.37103573,0.588,0.409,1
Zcchc12,0.011923437,-0.358096446,0.289,0.402,1
Ndufb5,0.011935143,0.196200302,0.984,0.982,1
Mef2c,0.011953147,-0.53461763,0.348,0.476,1
Pdcd7,0.011957285,-0.417051871,0.524,0.604,1
Lrp8,0.011989009,0.322818627,0.455,0.287,1
Noc4l,0.012014777,0.748984748,0.278,0.159,1
Sqle,0.01202269,0.118789238,0.979,0.945,1
Lcorl,0.012056532,0.533179389,0.631,0.524,1
Rpe,0.012062217,-0.288313225,0.561,0.64,1
Tnfaip1,0.012077828,0.404448961,0.813,0.652,1
Gpr161,0.012083634,0.522371894,0.807,0.707,1
Tnks2,0.012120133,-0.307981848,0.85,0.884,1
Scube1,0.012131816,0.887414635,0.241,0.134,1
Gm15351,0.012136668,-0.855806118,0.075,0.159,1
Zdhhc12,0.012137387,0.576075786,0.529,0.39,1
Amy1,0.012188598,-1.330482422,0.176,0.268,1
Chic1,0.012197885,-0.167420534,0.182,0.28,1
Amph,0.012226279,-0.386253189,0.701,0.756,1
Acot13,0.012227513,0.247336854,0.936,0.878,1
Celf5,0.012231454,-0.52922641,0.471,0.549,1
S100a13,0.012260325,0.134959319,0.995,0.988,1
Twf1,0.012262474,0.335661923,0.701,0.61,1
Baz1b,0.01229682,0.411562748,0.561,0.433,1
Gm15706,0.012299941,-1.086372152,0.171,0.262,1
Ipo11,0.012333304,-0.433832176,0.374,0.512,1
Anapc13,0.012365463,0.205886771,0.963,0.939,1
Nacad,0.012392596,-0.313082646,0.909,0.909,1
Tpgs1,0.012420746,0.294979164,0.861,0.799,1
Macrod1,0.012427176,-0.347948232,0.529,0.585,1
Dmwd,0.012443089,-0.329403435,0.85,0.878,1
Adsl,0.01244394,-0.612207912,0.337,0.439,1
H2-T23,0.01244769,-1.09306556,0.182,0.28,1
Kif6,0.012476264,-1.061280372,0.198,0.299,1
Adcy3,0.012483405,-1.342534595,0.193,0.287,1
Arhgap15os,0.012529129,1.279602618,0.037,0,1
Cldn11,0.012529129,1.387612917,0.037,0,1
S100a2,0.012529129,1.200417912,0.037,0,1
Htr1a,0.012529129,1.563786265,0.037,0,1
Minpp1,0.012543857,-0.823065097,0.385,0.463,1
Ndufs7,0.012553559,0.291689247,0.979,0.945,1
Stx1a,0.012561285,-0.338789306,0.824,0.817,1
P2ry2,0.012575837,1.443762559,0.064,0.012,1
Gm47283,0.01259742,-0.579489622,0.69,0.713,1
Usp46,0.012617458,-0.317802901,0.668,0.762,1
Itga2,0.012620772,-0.764406428,0.332,0.433,1
Col4a1,0.012663623,0.834728655,0.278,0.165,1
Efna5,0.012678908,-0.380681215,0.615,0.707,1
Nxpe2,0.012686498,1.584676429,0.064,0.012,1
Dtna,0.012750691,-0.242432728,0.904,0.921,1
Cav2,0.012764143,1.245019911,0.171,0.079,1
Zcchc3,0.012832347,-0.649161793,0.326,0.421,1
Pakap,0.012846909,-0.469725265,0.674,0.756,1
Spata2l,0.012857991,0.82593987,0.219,0.116,1
Hdac6,0.012863789,0.506673798,0.465,0.329,1
A930015D03Rik,0.0128723,-0.349465524,0.626,0.695,1
Cpne5,0.012910409,1.544868633,0.064,0.012,1
Ppa2,0.012956653,0.221628869,0.872,0.841,1
Usp49,0.012977445,-0.391988846,0.241,0.348,1
Ctbp1,0.013010016,-0.209067559,0.963,0.988,1
Wdr45,0.013024733,0.461628487,0.524,0.39,1
Gadd45g,0.013047041,0.239803753,0.973,0.951,1
Cachd1,0.01305671,0.576132058,0.348,0.22,1
Sult4a1,0.013087991,-0.142465172,0.995,0.994,1
Pdxk,0.0130899,-0.528329122,0.492,0.585,1
Tmem8,0.013117042,0.384643604,0.561,0.396,1
Myo16,0.013133778,0.437191728,0.139,0.055,1
Pradc1,0.013170661,0.425273666,0.401,0.256,1
Acot1,0.01318576,1.057526603,0.176,0.085,1
Gm20275,0.013197632,-0.356474727,0.23,0.329,1
Gm16286,0.013198447,0.204227337,0.947,0.951,1
Snapc1,0.013198925,-0.311323491,0.877,0.86,1
Emc1,0.013207936,-0.276000648,0.711,0.75,1
Ensa,0.013211838,-0.24069877,0.866,0.884,1
Gtf3c6,0.013240364,0.317089343,0.765,0.732,1
Ddb1,0.013259516,-0.29217038,0.914,0.927,1
Grin2d,0.013270846,0.63342532,0.187,0.091,1
Armcx3,0.013297518,-0.328787409,0.813,0.823,1
Bphl,0.013307061,-0.604431694,0.332,0.451,1
Cux1,0.013319692,0.487635473,0.684,0.512,1
Ppargc1b,0.013327117,-0.465410585,0.503,0.579,1
Scn1b,0.01335628,-0.181638609,0.947,0.957,1
Gpr37l1,0.013378081,0.617419061,0.342,0.207,1
Xylt1,0.013394678,1.215944667,0.123,0.049,1
Pdk2,0.013400943,-0.45240667,0.449,0.567,1
Actr1a,0.013435327,0.19040903,0.963,0.939,1
Ppp2r5c,0.01343697,-0.200958116,0.952,0.963,1
Ppm1a,0.013440361,-0.186929381,0.979,0.988,1
0610043K17Rik,0.013453656,-0.499879843,0.348,0.439,1
Tmem192,0.013476467,0.338169608,0.775,0.671,1
Kif5c,0.013479501,0.170707376,0.973,0.976,1
Mavs,0.013491221,-1.040814765,0.096,0.183,1
S100a16,0.013513174,0.75887551,0.326,0.213,1
Ptger3,0.013562969,-0.699138436,0.38,0.476,1
Appbp2,0.01358826,-0.319307747,0.77,0.86,1
Pms1,0.013670291,-1.329944812,0.075,0.152,1
Hcfc2,0.013746742,-0.60863971,0.283,0.384,1
9130019P16Rik,0.013806886,0.241432843,0.118,0.043,1
Pfdn6,0.013831633,0.287130739,0.909,0.884,1
Rps10,0.013842161,0.118332814,1,0.988,1
Celsr1,0.013862112,0.542730181,0.561,0.415,1
Trpm4,0.013865832,0.548959871,0.353,0.22,1
Efs,0.013887021,1.576768387,0.075,0.018,1
Camk4,0.013915904,-0.416584669,0.652,0.732,1
Stub1,0.013943104,0.193811718,0.979,0.963,1
Sc5d,0.013958326,0.298361792,0.936,0.86,1
Larp1,0.013960976,-0.230557221,0.947,0.97,1
Pcnp,0.013962276,-0.206565094,0.973,0.951,1
Pdzd11,0.014037268,0.329536988,0.743,0.64,1
Atp6v1c2,0.014065712,1.028253569,0.096,0.03,1
Fcor,0.014070504,-0.454463453,0.38,0.488,1
Exoc7,0.014092934,-0.75245238,0.449,0.518,1
Nanos1,0.014137194,-1.181576242,0.064,0.14,1
Gm49144,0.014162199,1.025520565,0.096,0.03,1
Armcx5,0.014187264,0.444982082,0.578,0.439,1
Ube2d2a,0.014211502,0.162069105,0.979,0.963,1
Mrpl24,0.014216404,0.335118597,0.77,0.677,1
Bsdc1,0.01423468,-0.400335708,0.519,0.628,1
Klhl41,0.014247702,1.206526174,0.198,0.104,1
Adprhl1,0.014259039,-0.806672588,0.332,0.427,1
Syn3,0.014276242,0.66853651,0.813,0.768,1
Fastk,0.014284408,0.240787355,0.877,0.823,1
Prrc1,0.014293369,-0.458931662,0.594,0.64,1
4930570B17Rik,0.014303361,-1.967449221,0.037,0.104,1
Degs2,0.014328752,1.181220122,0.064,0.012,1
Ankrd46,0.014329022,-0.201894126,0.957,0.927,1
Cpne8,0.014334234,0.206583794,0.957,0.957,1
Stox2,0.014375276,-0.256017354,0.85,0.89,1
Mapk8ip3,0.01437695,-0.180016348,0.957,0.963,1
Tcf7l1,0.014413467,0.893291902,0.241,0.134,1
Ppp1ca,0.014420674,0.1686468,0.968,0.97,1
Slc35b2,0.014426049,0.538816091,0.433,0.293,1
Adam11,0.01442636,-0.831148497,0.07,0.152,1
Necap1,0.014434226,-0.268057675,0.93,0.957,1
Gm35721,0.014435366,-0.97799127,0.043,0.11,1
Csde1,0.014443035,-0.169817598,0.973,0.994,1
Arap1,0.014475102,1.065859274,0.123,0.049,1
Ube2ql1,0.01447611,0.29089628,0.925,0.902,1
Sccpdh,0.014481631,-0.423677368,0.818,0.835,1
Usp22,0.014502933,-0.322443684,0.941,0.976,1
Bud23,0.014599607,0.881326796,0.273,0.165,1
Tmem203,0.014625937,0.356660053,0.449,0.311,1
Gabrb1,0.014641236,0.621882323,0.455,0.341,1
Pth1r,0.014702596,0.277378686,0.749,0.677,1
Cntfr,0.01470672,-0.327885467,0.781,0.793,1
Ddx21,0.014711257,0.281613528,0.556,0.39,1
Pin1,0.014712269,0.276441259,0.957,0.933,1
Dpagt1,0.014714374,0.587860858,0.364,0.232,1
Abhd14b,0.014742971,-0.55567212,0.369,0.463,1
Iscu,0.014762987,-0.157034445,0.984,0.988,1
Ckmt1,0.014791106,-0.365976304,0.802,0.829,1
Khdc4,0.014826452,-0.571955472,0.38,0.47,1
Vwf,0.014854113,1.162318511,0.096,0.03,1
Polr3h,0.014859021,0.285859581,0.652,0.494,1
Tvp23b,0.014870554,-0.509758122,0.455,0.549,1
Mgat3,0.014885333,-0.204356248,0.631,0.707,1
Ndufa4,0.014892813,0.121595432,1,1,1
Il34,0.014905628,1.158647707,0.075,0.018,1
Dnajc2,0.014919939,0.303625898,0.802,0.713,1
Patz1,0.014958406,-0.378419524,0.449,0.537,1
Rab31,0.014965508,0.288046262,0.513,0.372,1
Mgmt,0.014969139,0.941109386,0.166,0.079,1
E230016M11Rik,0.015081712,-0.91572325,0.262,0.354,1
Acvr2a,0.015107788,-0.466990869,0.636,0.701,1
Gsdme,0.015113677,-1.371718959,0.16,0.25,1
Peli3,0.015116902,-0.650766382,0.364,0.463,1
Ahsa1,0.015147425,-0.297835529,0.738,0.811,1
Cnnm2,0.015147894,-0.859620464,0.123,0.22,1
Shroom3,0.015150414,0.88176907,0.193,0.098,1
Mgst1,0.015158482,0.530525341,0.171,0.079,1
Pgp,0.015195361,0.240507907,0.968,0.945,1
Ptprn,0.015198911,-0.22386091,0.984,0.976,1
Khsrp,0.015251153,-0.732796604,0.487,0.561,1
Dennd3,0.015252182,1.256398018,0.086,0.024,1
Gm10069,0.015261726,-0.810993628,0.102,0.189,1
Rsl24d1,0.015269918,-0.40845824,0.626,0.72,1
Psma2,0.015331765,0.273005301,0.979,0.976,1
Amacr,0.015346119,-0.872682666,0.171,0.268,1
Zfp958,0.015380288,0.948376463,0.15,0.067,1
4632404H12Rik,0.015391958,-1.303184376,0.043,0.11,1
Foxp1,0.015442921,-0.325733729,0.813,0.902,1
Phgdh,0.015445162,0.543475951,0.219,0.116,1
P2rx3,0.015483947,-0.235113906,0.668,0.707,1
Trp53rkb,0.015489409,-1.568519028,0.112,0.201,1
Snph,0.015495156,-0.33956837,0.786,0.829,1
C530008M17Rik,0.015502433,-0.25639197,0.866,0.909,1
Naa38,0.015508095,0.205985598,0.968,0.951,1
Ina,0.015532634,0.714756934,0.267,0.159,1
Lhfp,0.015556969,0.382761246,0.353,0.226,1
Gm10785,0.015564306,-1.474262672,0.053,0.122,1
Oaz2,0.015574063,0.306659385,0.963,0.945,1
Ntrk2,0.015577974,-0.316056895,0.914,0.933,1
Clec2l,0.015604555,-0.160027971,0.818,0.915,1
Mmp14,0.015625604,0.812238792,0.16,0.073,1
Arhgef10,0.015662956,0.914416686,0.235,0.134,1
Pigs,0.01567243,-0.467865537,0.62,0.695,1
Capzb,0.015714655,-0.143641312,0.979,0.988,1
Serf2,0.015714908,0.126205102,0.995,0.994,1
Rai1,0.015773482,-0.544799638,0.433,0.512,1
Syt5,0.015811856,0.308046148,0.567,0.445,1
Zfhx3,0.01584176,0.401095739,0.882,0.817,1
Gm11944,0.015849113,-0.805611504,0.235,0.335,1
2700081O15Rik,0.01585535,-0.503176957,0.54,0.622,1
Jsrp1,0.015865738,1.52748665,0.075,0.018,1
Tbc1d15,0.015873007,0.381431322,0.684,0.616,1
Kmt2a,0.015877109,-0.279500214,0.904,0.878,1
Magt1,0.015878272,-0.206236398,0.861,0.866,1
Ikzf2,0.015902737,0.506110281,0.497,0.366,1
Ccpg1os,0.015903157,0.83620896,0.166,0.079,1
Tbcb,0.015941181,0.183127006,0.968,0.957,1
Mrps33,0.015943775,0.209352224,0.995,0.982,1
Rad54l2,0.015979645,-0.545418989,0.487,0.549,1
Lrpprc,0.015994678,-0.476272808,0.834,0.854,1
Ppp3ca,0.016012951,-0.164680046,0.973,1,1
Ccdc160,0.016024589,0.559248706,0.241,0.134,1
Cadm3,0.016044545,-0.263372093,0.936,0.933,1
Il4ra,0.016047203,0.848227657,0.358,0.256,1
Dck,0.016073279,-0.351388619,0.513,0.585,1
Wdr78,0.016084988,-1.007905639,0.096,0.183,1
Cwc15,0.016086706,0.212490812,0.952,0.902,1
Gas2,0.016094655,-0.777916784,0.374,0.457,1
Bcar1,0.016095299,0.320159505,0.642,0.506,1
B3gnt8,0.016141119,-0.635642407,0.369,0.451,1
Deup1,0.016141483,0.469268302,0.348,0.22,1
Nos3,0.016160655,0.523488665,0.316,0.201,1
Cdr2,0.016192063,-0.295228752,0.802,0.872,1
Ciao2a,0.016219546,0.472760401,0.572,0.415,1
Mrpl17,0.016275676,0.159571239,0.947,0.915,1
Fbxw11,0.016362497,0.20697586,0.92,0.927,1
Adgra2,0.016370457,1.055782905,0.198,0.11,1
Aip,0.016385271,-0.176472394,0.973,0.963,1
Arhgef12,0.016424231,-0.214592923,0.936,0.951,1
Grk2,0.016431454,-0.231874712,0.963,0.963,1
Raver2,0.016447215,-1.318647599,0,0.03,1
Gm45641,0.016447215,-1.599889116,0,0.03,1
Gm28229,0.016447215,-1.648163409,0,0.03,1
Xrcc3,0.016447215,-1.369500985,0,0.03,1
Gm32509,0.016447215,-1.425516641,0,0.03,1
Actr1b,0.016498029,-0.222306796,0.93,0.97,1
Gna12,0.016517238,-0.330011307,0.802,0.78,1
Sntg1,0.016521953,-0.53692772,0.61,0.659,1
Abca8a,0.016542762,0.538429256,0.497,0.372,1
Get4,0.016564887,0.373186003,0.733,0.634,1
Glrx,0.016574054,0.500990017,0.401,0.262,1
Utp6,0.016604211,-0.506121051,0.412,0.494,1
Aplp1,0.016645582,-0.191467545,0.968,0.957,1
Irgq,0.016649075,0.230915173,0.888,0.817,1
Gprc5c,0.016651597,0.84485852,0.15,0.067,1
Irf2bp2,0.016652534,-0.404066242,0.706,0.762,1
Pde7a,0.016653848,-0.453494179,0.471,0.567,1
Rcn2,0.016663692,-0.47282852,0.754,0.762,1
Il1rapl1,0.016689551,0.366543409,0.31,0.189,1
Zc3h6,0.016703067,0.466650466,0.535,0.427,1
Tgfbrap1,0.016737575,-0.628057383,0.428,0.5,1
Zfp462,0.016743747,-0.37374357,0.674,0.75,1
Zmym2,0.01674876,-0.283135834,0.775,0.823,1
Tnik,0.016765249,-0.318263487,0.695,0.756,1
Gm17484,0.01678095,-0.606441271,0.219,0.329,1
Rcbtb1,0.016788749,-0.364927817,0.604,0.683,1
Gtf2e1,0.016818976,-0.605250357,0.385,0.482,1
Triap1,0.016847352,0.386804053,0.877,0.805,1
Rnf208,0.016867787,-0.324609974,0.861,0.902,1
Drg1,0.016869623,-0.365573651,0.845,0.854,1
Pvr,0.01687186,0.42359791,0.16,0.073,1
Foxo4,0.016901588,-1.166133163,0.048,0.116,1
Lamp2,0.016930985,0.227674773,0.947,0.884,1
Rab6a,0.016937618,0.108504366,0.995,0.982,1
Armc10,0.016947639,0.507475401,0.38,0.25,1
Fastkd2,0.016964987,-0.660993611,0.235,0.341,1
Tex9,0.016992525,0.937582425,0.187,0.098,1
Izumo4,0.016997301,-0.323228395,0.701,0.756,1
Inpp4a,0.017005863,-0.170706359,0.824,0.86,1
Plxna1,0.01700673,-1.129179828,0.155,0.238,1
Gon4l,0.017026519,0.268756913,0.647,0.463,1
Ncald,0.017174714,-0.288766502,0.952,0.945,1
Abce1,0.017195526,0.283210347,0.824,0.787,1
Pdcd11,0.017196378,0.853704426,0.428,0.287,1
Camkmt,0.017198691,-0.432267758,0.61,0.671,1
Usp25,0.017275583,-0.564353838,0.62,0.64,1
Ormdl2,0.017309782,0.581155888,0.706,0.555,1
Nup188,0.01731673,-0.81770374,0.15,0.238,1
Vasn,0.01736417,-1.123531632,0.043,0.11,1
Emc8,0.017375275,0.330989929,0.781,0.701,1
Cspp1,0.017399716,-0.436892454,0.588,0.646,1
Gm11659,0.017420329,-1.501933561,0.032,0.091,1
Tapt1,0.017436825,-1.049151809,0.262,0.354,1
Alk,0.017458888,-0.552921374,0.567,0.61,1
Pard3b,0.01749943,-0.631612571,0.39,0.476,1
Arhgap20,0.017500646,-0.907228229,0.246,0.335,1
Ccdc82,0.017512728,-0.223936197,0.797,0.841,1
Hist2h3c1,0.017535746,-0.673019832,0.214,0.317,1
Sh3kbp1,0.017537868,-0.271560024,0.829,0.86,1
Ndfip2,0.017545804,-0.195104029,0.936,0.957,1
Stap2,0.017590082,1.004737857,0.171,0.085,1
Galt,0.017649713,0.517987655,0.567,0.451,1
Ndufb1-ps,0.017655113,-0.112330211,0.995,0.976,1
Tmem87a,0.017657702,-0.453617441,0.241,0.341,1
Gm15494,0.017749481,-1.227573435,0.16,0.256,1
Acot2,0.017754756,-0.587137745,0.225,0.335,1
Sobp,0.017760049,-0.234922277,0.898,0.884,1
Fbxw4,0.017779873,-0.403023831,0.364,0.47,1
Gm2115,0.017787608,0.946233059,0.23,0.128,1
Emp2,0.017794928,0.481951064,0.369,0.25,1
Zfpl1,0.017802697,-0.577594043,0.39,0.482,1
Anks1,0.017813567,-0.39629272,0.642,0.707,1
Mical3,0.017849978,-0.365366016,0.524,0.561,1
Dagla,0.017866062,1.121391842,0.241,0.134,1
Scn5a,0.017883804,-0.729675154,0.209,0.311,1
Mrpl55,0.01789273,0.232505769,0.957,0.909,1
Tiprl,0.017923581,0.269387243,0.909,0.884,1
Ctdsp1,0.017994553,1.16274084,0.102,0.037,1
Arf6,0.018005346,-0.344329512,0.754,0.835,1
Lss,0.018010437,0.507204423,0.422,0.287,1
Cbx3,0.018041672,-0.210630296,0.925,0.933,1
Cnih2,0.018050156,-0.379111896,0.727,0.774,1
Ccdc71l,0.018078419,0.620044679,0.465,0.335,1
Ccnt2,0.018169166,-0.262293086,0.61,0.677,1
D230022J07Rik,0.018178932,-0.913710294,0.112,0.201,1
Myc,0.018201109,-0.558329479,0.401,0.488,1
Gm50304,0.01820879,-1.253589165,0.011,0.055,1
Efnb1,0.018224639,0.599300485,0.273,0.165,1
Gm32031,0.018261442,0.767992198,0.198,0.104,1
Apba2,0.018277063,-0.262037328,0.893,0.927,1
St6galnac3,0.018315365,-0.324563199,0.422,0.5,1
Ss18l2,0.018315472,0.186984032,0.914,0.884,1
Ing3,0.018321439,-0.870442784,0.198,0.293,1
Plekhj1,0.018336422,0.229424077,0.909,0.884,1
Tep1,0.018366711,0.515891704,0.385,0.262,1
Zfp266,0.018392079,-0.392602697,0.642,0.659,1
Gm16541,0.018393752,-0.982999249,0.075,0.152,1
Sec24a,0.018410722,-0.585539181,0.422,0.482,1
Fkbp14,0.018477313,0.513707611,0.444,0.293,1
Adra2c,0.018477313,-0.420803773,0.278,0.402,1
Chmp1a,0.018482392,-0.24723823,0.872,0.89,1
Ttc7b,0.018484311,-0.303878821,0.786,0.817,1
Nr3c1,0.018497824,0.252515467,0.695,0.537,1
Mrpl2,0.018529368,0.520084412,0.695,0.585,1
Chchd4,0.018546468,0.310696557,0.781,0.646,1
Pde8b,0.01862242,0.154137525,0.84,0.75,1
Vstm2l,0.01863206,0.220723752,0.957,0.963,1
Dmtn,0.018651776,-0.209587091,0.866,0.884,1
Ucp2,0.018693521,0.49456644,0.262,0.152,1
Vps51,0.018713952,0.649394647,0.406,0.287,1
Crnkl1,0.018716958,-0.580990316,0.278,0.372,1
Cntn3,0.018788253,-0.403243435,0.62,0.695,1
Lama5,0.018798667,-1.150662514,0.032,0.091,1
Cdh23,0.018798667,-1.331951554,0.032,0.091,1
Gm31816,0.018803742,-0.598600508,0.262,0.36,1
Asap1,0.018820827,-0.211332401,0.973,0.982,1
Rab8b,0.018864539,0.272547163,0.898,0.848,1
Fat3,0.018906348,-1.439509858,0.011,0.055,1
Camp,0.018918777,-1.957493686,0.005,0.043,1
1700024B18Rik,0.018918777,-1.4088477,0.005,0.043,1
Wfdc3,0.018934092,1.241761916,0.048,0.006,1
Draxin,0.018934092,1.350213945,0.048,0.006,1
Hopx,0.018968922,0.615150083,0.588,0.463,1
Tsn,0.019007496,0.184122135,0.979,0.963,1
Dnttip1,0.019055509,0.420292682,0.594,0.476,1
Aldh1a2,0.019061497,-0.391158626,0.193,0.299,1
U2surp,0.019086534,0.176296228,0.866,0.787,1
Thumpd1,0.019110143,0.350439038,0.668,0.53,1
Czib,0.019117476,0.388585278,0.802,0.695,1
Prdm5,0.019120786,1.291507765,0.048,0.006,1
Rpp25,0.019126864,-1.657705178,0.005,0.043,1
St3gal4,0.019167286,0.322094383,0.84,0.787,1
Relb,0.019189576,0.811378469,0.283,0.171,1
Nebl,0.019204729,-0.169376191,0.658,0.695,1
Smarca1,0.019204729,-0.512499858,0.668,0.683,1
Ncoa3,0.019235391,-0.557654614,0.39,0.494,1
Catsperz,0.019330267,1.128170636,0.193,0.104,1
Gm39383,0.019336949,-1.499183164,0.005,0.043,1
Sos2,0.019372524,-0.437243196,0.54,0.634,1
Fuom,0.019404553,0.296807095,0.877,0.835,1
Col4a3,0.0194207,0.773793282,0.102,0.037,1
Nsmf,0.019499182,0.529921371,0.545,0.402,1
2410131K14Rik,0.019504449,0.30782068,0.316,0.201,1
Fam216a,0.019548513,0.3556672,0.717,0.549,1
Wipi1,0.019581676,0.284454676,0.77,0.628,1
Ybx1,0.019600102,0.239445188,0.947,0.951,1
Dcun1d1,0.01964603,-0.287977908,0.658,0.72,1
2610001J05Rik,0.019668991,0.239186932,0.93,0.848,1
Gem,0.019689167,-0.738079208,0.251,0.348,1
Gaa,0.019739294,-0.298268978,0.893,0.878,1
Fmo1,0.019760633,0.718954493,0.23,0.128,1
Camkk2,0.019791461,0.33082216,0.85,0.762,1
Larp6,0.01988093,0.560126449,0.433,0.305,1
C2cd2l,0.019889749,0.367028846,0.706,0.561,1
Slco4a1,0.019930591,-1.184454834,0.053,0.122,1
Neurl4,0.019963227,-0.344496191,0.503,0.591,1
Tex50,0.019989148,-1.301221527,0.021,0.073,1
Rrm2b,0.02004075,-0.417795793,0.85,0.835,1
1500011B03Rik,0.020053564,-0.150116771,0.979,0.97,1
Nhlrc1,0.020068375,-0.470004422,0.203,0.305,1
Zfp182,0.020086094,-0.767564376,0.214,0.305,1
Topbp1,0.020146795,-0.802226336,0.273,0.348,1
Med1,0.020149307,-0.497028424,0.476,0.555,1
Lncpint,0.020191459,-0.269584326,0.77,0.884,1
Kbtbd2,0.020290335,-0.356225249,0.781,0.799,1
Wac,0.020324596,-0.28029432,0.936,0.945,1
Sdr42e1,0.020332672,1.192632892,0.091,0.03,1
Gm14418,0.020407211,-0.512651663,0.535,0.622,1
Rps23,0.02045225,0.103933328,1,0.976,1
Rfx7,0.020454029,-0.64671379,0.471,0.512,1
Rtn2,0.020472066,0.291894479,0.845,0.768,1
Nwd2,0.020481782,0.950327322,0.348,0.226,1
Stard9,0.020488563,-0.875191773,0.128,0.22,1
Txnl4a,0.020518288,0.209374771,0.941,0.921,1
Nell2,0.020538278,1.2248825,0.08,0.024,1
2810001G20Rik,0.020554471,-0.422289884,0.497,0.567,1
Fzr1,0.020613937,-0.463161142,0.583,0.689,1
Mospd1,0.020665549,-0.392483029,0.61,0.713,1
Gpr150,0.020665687,-0.588898132,0.155,0.25,1
Dpp8,0.020686638,-0.298832836,0.631,0.72,1
Itpr3,0.020732573,1.440252921,0.134,0.061,1
Dzank1,0.020733112,-0.491295141,0.604,0.646,1
Syne1,0.020735118,-0.339593371,0.786,0.811,1
Pfn2,0.020740597,-0.125099535,0.984,1,1
Rimbp2,0.02080536,-0.948404806,0.091,0.171,1
Tshz3,0.020811764,-0.312797547,0.845,0.854,1
Lrp4,0.020813773,0.970875052,0.102,0.037,1
Ifrd2,0.020813773,0.924474081,0.102,0.037,1
Cacul1,0.020830772,-0.306357767,0.824,0.848,1
Pcolce2,0.020861113,-0.771404101,0.417,0.488,1
Tcf12,0.020866875,-0.292056543,0.893,0.927,1
Snapin,0.020894184,-0.288550052,0.84,0.872,1
Mpp7,0.020894928,0.518065589,0.556,0.421,1
Ccrl2,0.020940936,-1.302965468,0.021,0.073,1
2810454H06Rik,0.020973552,-1.028759649,0.032,0.091,1
Zbtb7c,0.020987261,0.223364467,0.872,0.823,1
Rarres1,0.020998275,1.577835615,0.032,0,1
Gm37041,0.020998275,1.010132277,0.032,0,1
Galns,0.020998275,1.209010454,0.032,0,1
Nts,0.020998275,2.200242166,0.032,0,1
Gm47143,0.020998275,1.334423979,0.032,0,1
Slc16a13,0.020998275,1.504203897,0.032,0,1
Wfdc18,0.020998275,1.040626886,0.032,0,1
Elobl,0.020998275,1.478711597,0.032,0,1
Hsd17b1,0.020998275,1.215467764,0.032,0,1
Kcnk16,0.020998275,1.518787045,0.032,0,1
Tmem253,0.020998275,1.078391631,0.032,0,1
7530414M10Rik,0.020998275,1.231896268,0.032,0,1
Kcnh3,0.020998275,1.204329375,0.032,0,1
C030004G16Rik,0.020998275,1.281394925,0.032,0,1
Cptp,0.021029397,0.449076836,0.519,0.39,1
Sap18,0.021072167,0.354868795,0.85,0.75,1
Ankib1,0.021097079,-0.455807113,0.717,0.78,1
Pcbd2,0.021126927,0.159009839,0.941,0.915,1
Cyba,0.021128699,1.32140689,0.059,0.012,1
Fam184b,0.021132364,-0.444154777,0.08,0.024,1
Gm26724,0.021142266,-2.163582999,0.043,0.104,1
Lamtor2,0.021149694,0.173510274,0.979,0.982,1
Aplf,0.021161313,1.097331702,0.091,0.03,1
Tspyl4,0.021171027,-0.206232044,0.947,0.951,1
Scara3,0.021184856,-1.736477186,0.027,0.079,1
Rtp4,0.02121661,-0.494312068,0.241,0.329,1
Cntn5,0.021228042,-0.251117224,0.813,0.866,1
Nav3,0.021287619,-0.464249823,0.898,0.896,1
Xrn2,0.021297992,0.238140225,0.61,0.47,1
Hspb6,0.021302243,1.001131636,0.091,0.03,1
Pitpnm3,0.021316281,-0.846181685,0.134,0.226,1
Adipor1,0.021321745,-0.227354725,0.947,0.963,1
Lgals9,0.021341637,-0.263869013,0.93,0.945,1
Cks2,0.021359115,0.173290748,0.235,0.128,1
A430027H14Rik,0.021380162,-0.821565051,0.102,0.189,1
Arf2,0.021381616,0.729365006,0.326,0.207,1
Uhrf1bp1,0.02138177,0.518490714,0.251,0.146,1
Pmm2,0.021407777,0.810053015,0.299,0.189,1
Gm10037,0.021423294,-0.617249957,0.171,0.262,1
Plxnb2,0.021425308,0.594848851,0.283,0.171,1
Enpp1,0.02143147,-0.414377286,0.021,0.073,1
9530080O11Rik,0.021434982,0.828901037,0.08,0.024,1
Ttc3,0.021445545,-0.163627269,0.968,0.976,1
Atxn2,0.021470077,-0.211838238,0.936,0.896,1
Atrnl1,0.021492891,-0.180403986,0.93,0.951,1
Larp4b,0.021504845,-0.178329644,0.973,0.963,1
Utrn,0.021531361,0.21591164,0.807,0.695,1
Ctcflos,0.021541,-1.21317621,0.059,0.128,1
Jmjd7,0.021624382,0.198095425,0.214,0.116,1
Wdr12,0.021628067,0.39627818,0.711,0.561,1
Dsg2,0.021675345,0.564111635,0.059,0.012,1
Gmip,0.021745689,-0.344547827,0.118,0.195,1
Zfp959,0.021757247,-1.262843873,0.037,0.098,1
Gm44658,0.021764024,1.122087253,0.07,0.018,1
Ndufa2,0.021777737,0.103427781,0.995,0.994,1
Tnfrsf11a,0.021799508,0.65248578,0.139,0.061,1
G930009F23Rik,0.021860276,1.093450394,0.059,0.012,1
Srrm3,0.021890171,-0.414517472,0.684,0.713,1
Mrps18a,0.021890202,0.205845153,0.957,0.939,1
Gtpbp2,0.021924316,-0.50306669,0.38,0.451,1
Fus,0.02193547,-0.198103484,0.909,0.902,1
Rela,0.021965165,0.592027111,0.503,0.366,1
Myl12a,0.021987415,0.483751898,0.727,0.622,1
Cops5,0.022004027,0.277327899,0.872,0.854,1
Plaur,0.022046578,0.67185868,0.059,0.012,1
Flywch1,0.022050844,-0.126848403,0.989,0.963,1
Rcl1,0.02211338,0.682228115,0.326,0.22,1
Hikeshi,0.022165887,0.269247538,0.914,0.793,1
Mbl2,0.022227556,1.056118327,0.134,0.061,1
4930444P10Rik,0.02223426,1.069867336,0.059,0.012,1
Lvrn,0.022244194,0.761888712,0.144,0.067,1
Wasf3,0.022303586,-0.306938513,0.743,0.78,1
Prkca,0.02235425,-0.570596075,0.69,0.774,1
Sesn3,0.022393975,-0.406428459,0.348,0.451,1
Zbtb9,0.022426611,-0.777187281,0.118,0.201,1
Cnot9,0.022520093,0.380968731,0.428,0.305,1
Sv2a,0.022539539,-0.223657561,0.947,0.963,1
Ring1,0.022610281,-0.395601424,0.38,0.476,1
Ltbp3,0.022646488,0.191543372,0.422,0.274,1
2900079G21Rik,0.022711611,0.436445918,0.727,0.567,1
1700001L05Rik,0.022822204,-0.909935787,0.118,0.201,1
Zfp292,0.022823582,-0.463483365,0.663,0.72,1
Morn2,0.022921755,0.339941265,0.674,0.579,1
Gm11273,0.022972746,0.837087312,0.128,0.055,1
Hspg2,0.022999301,0.790549197,0.182,0.098,1
Acss1,0.023001953,0.493832586,0.16,0.079,1
Pip4p1,0.023039465,0.244737984,0.93,0.86,1
Prmt2,0.023040571,-0.210120917,0.952,0.945,1
Tmbim4,0.023041937,0.305421801,0.866,0.793,1
Fam45a,0.023058671,-0.377857939,0.727,0.756,1
Ptprf,0.023074791,0.142819936,0.936,0.896,1
Mt1,0.023088695,0.164379173,0.952,0.902,1
Grk6,0.023098798,0.413807986,0.722,0.622,1
Gm16712,0.023193654,0.995446162,0.059,0.012,1
Golgb1,0.023217865,-0.236418429,0.882,0.902,1
Riox1,0.023250798,0.767330142,0.176,0.091,1
Zbtb8os,0.02329336,0.419808848,0.722,0.61,1
Slc4a10,0.023340734,-0.483595674,0.07,0.14,1
Dpyd,0.023348297,-0.379989563,0.802,0.811,1
2210016F16Rik,0.023357387,0.534846944,0.481,0.354,1
Pebp1,0.023401769,0.159836827,0.995,0.982,1
Ttc21b,0.023414049,-0.778702609,0.171,0.262,1
Klhl2,0.023424411,-0.318139188,0.626,0.72,1
Arid4b,0.023442897,-0.238630744,0.701,0.817,1
Fam168a,0.023449326,-0.235928846,0.93,0.945,1
Smad9,0.023554117,-0.284960964,0.626,0.713,1
Dipk2a,0.023578974,-0.316374868,0.358,0.451,1
Prorsd1,0.023605297,0.364394273,0.444,0.28,1
Mef2a,0.023625566,-0.274786172,0.957,0.976,1
Apc,0.023625566,-0.184413222,0.957,0.976,1
3010001F23Rik,0.023656384,-0.95298122,0.16,0.244,1
Eif3l,0.023689495,0.240719702,0.754,0.695,1
Gm13889,0.023692844,0.172784866,0.979,0.982,1
Edil3,0.023823415,-0.204225987,0.984,0.976,1
Tecr,0.02385635,0.262341516,0.984,0.982,1
2610507B11Rik,0.023862997,0.347040256,0.898,0.787,1
Ino80,0.023863899,-0.31595727,0.46,0.591,1
Zfp738,0.023866951,-0.332131609,0.401,0.494,1
Nol11,0.023876802,0.407861657,0.508,0.384,1
Ndufab1,0.023922289,0.100717881,0.995,0.994,1
Adamtsl3,0.023949003,-0.695838733,0.481,0.524,1
Rnase4,0.023951801,0.480731085,0.578,0.451,1
Mcts2,0.023958467,0.340102904,0.615,0.457,1
Pdhb,0.02397246,-0.205451354,0.898,0.927,1
Bloc1s5,0.023979454,0.258438771,0.701,0.506,1
Arhgap5,0.023988933,-0.175701214,0.93,0.915,1
Gm21781,0.023994732,0.973485728,0.08,0.024,1
Gm15918,0.024037073,0.959167722,0.07,0.018,1
Pip5k1b,0.024043808,-0.290749527,0.877,0.921,1
Actn2,0.024055007,0.456072648,0.337,0.213,1
Map4k5,0.024107625,-0.397761306,0.626,0.671,1
Emc2,0.02411552,0.275733005,0.909,0.817,1
Mettl15,0.024116392,-1.080117137,0.128,0.207,1
Pwwp3b,0.024118878,0.714972155,0.203,0.11,1
Lhcgr,0.024161225,2.116721176,0.107,0.043,1
Ccdc66,0.024162583,-0.595339375,0.278,0.372,1
H3f3a,0.024213918,0.14482863,0.952,0.963,1
Hmgcr,0.024215848,0.170973493,0.979,0.945,1
Pccb,0.024229885,-0.405318674,0.556,0.616,1
Fam131b,0.024268943,-0.28683069,0.759,0.799,1
Synrg,0.024332516,-0.266498364,0.92,0.951,1
Creld2,0.024350762,0.748654728,0.118,0.049,1
Gpr119,0.024373725,0.770089029,0.16,0.079,1
Parn,0.024385554,-0.663001175,0.369,0.457,1
H2-K1,0.024393456,-0.302581208,0.898,0.915,1
Zfp74,0.024407494,0.452302234,0.433,0.323,1
Atn1,0.024408894,-0.385270627,0.754,0.787,1
Zc3h7a,0.024409533,-0.474790997,0.508,0.573,1
Mal,0.024469321,0.456664259,0.401,0.268,1
Wasf2,0.024487814,0.375390904,0.866,0.726,1
Afmid,0.024504497,0.378535228,0.316,0.195,1
Recql,0.024573184,-0.69422465,0.246,0.335,1
Dennd1a,0.024611752,-0.237948201,0.738,0.799,1
Pcdh11x,0.024612919,1.164305877,0.182,0.098,1
2510009E07Rik,0.024635505,-0.169163321,0.727,0.841,1
Cplx1,0.024822744,-0.188452305,0.979,0.982,1
Mme,0.024847218,0.912664474,0.08,0.024,1
Baiap2l1,0.024847218,1.096351287,0.08,0.024,1
Mrps12,0.02484752,0.201930603,0.952,0.945,1
Trappc8,0.024874645,-0.410881665,0.711,0.72,1
Kcnb1,0.024887521,-0.24106661,0.904,0.896,1
Zswim5,0.024928614,-1.49881123,0.091,0.165,1
Bambi,0.024941056,-0.37867197,0.54,0.622,1
Raly,0.024943778,0.203007915,0.952,0.927,1
Upf2,0.024953066,-0.240594494,0.567,0.646,1
Tmem218,0.024957283,0.474338022,0.374,0.25,1
Gtf2i,0.025054898,-0.137720125,0.909,0.927,1
B4galt7,0.025131449,-1.015520043,0.112,0.189,1
Xpa,0.025142042,0.653906779,0.551,0.427,1
Pls3,0.025198622,-0.268522982,0.995,0.982,1
Ext1,0.025305004,-0.327990392,0.717,0.774,1
Camsap2,0.025326524,-0.277067115,0.904,0.89,1
Zfp706,0.025334766,-0.214673924,0.968,0.976,1
Dpm3,0.025367486,-0.171231052,0.893,0.909,1
Immp1l,0.025402578,0.366648575,0.877,0.793,1
Drd2,0.025466751,-0.734761654,0.064,0.134,1
Tbk1,0.025499978,-0.185417207,0.695,0.738,1
Herc2,0.025503814,-0.201280205,0.957,0.957,1
Nfya,0.025548324,-0.73900357,0.134,0.22,1
Gabbr1,0.025574394,-0.142072568,0.957,0.963,1
Slc46a1,0.025639112,-0.758993373,0.091,0.171,1
Ppp6c,0.025652745,-0.223285168,0.845,0.86,1
Ripk1,0.025679607,-0.759433983,0.283,0.366,1
Slc1a5,0.025696374,0.564133052,0.23,0.134,1
Fam171b,0.025697792,-0.262403371,0.93,0.939,1
Foxn3,0.025752692,-0.179890898,0.984,0.97,1
Spast,0.025775232,-0.306776973,0.765,0.799,1
Ctnnd2,0.025893036,0.183401573,0.984,0.97,1
Zfr,0.025926141,-0.227263327,0.947,0.988,1
Meig1,0.025931435,0.708626559,0.198,0.11,1
Plekha2,0.025955099,0.376316958,0.524,0.378,1
Elfn1,0.025977329,0.609697943,0.257,0.152,1
Epb41l2,0.025980308,0.556433536,0.342,0.238,1
Rgl1,0.025984144,0.753065314,0.476,0.36,1
Rnpepl1,0.02598731,0.593728533,0.246,0.146,1
Atg3,0.026025139,-0.23671582,0.888,0.909,1
Zzef1,0.026044242,-0.394239217,0.722,0.744,1
Shisa4,0.026136944,0.354253864,0.818,0.726,1
Mta1,0.0261807,-0.518863783,0.663,0.726,1
Inppl1,0.026185395,-0.799592302,0.182,0.274,1
Alkbh3,0.026194689,0.408043294,0.508,0.378,1
Gstm7,0.026242397,0.458366166,0.316,0.201,1
Dpysl3,0.026247075,-0.114225824,0.979,0.982,1
Syt3,0.026254038,-0.876516465,0.134,0.213,1
Ewsr1,0.026272357,-0.231529658,0.754,0.811,1
Mis12,0.026274604,0.383833067,0.535,0.396,1
Hook2,0.026312672,0.621976044,0.16,0.079,1
Cryl1,0.026357354,0.424841669,0.385,0.256,1
Neo1,0.026435442,-0.247444056,0.866,0.872,1
Supv3l1,0.026529044,0.338561575,0.257,0.146,1
Limch1,0.026575439,0.307827127,0.39,0.268,1
Disp2,0.026589416,-0.145794063,0.947,0.933,1
Sidt2,0.026598985,0.334841405,0.545,0.409,1
Ccdc106,0.026658571,-0.786152968,0.187,0.274,1
Naxd,0.026670277,0.39242117,0.69,0.573,1
Ckb,0.02667681,-0.261876361,0.973,0.982,1
Pald1,0.026696984,-1.125141823,0.096,0.171,1
Gls,0.026713213,-0.145122824,0.984,0.976,1
Sco2,0.026732503,0.740263271,0.316,0.207,1
Ccdc90b,0.026804463,-0.531575579,0.428,0.494,1
Gm26708,0.026820384,-0.989535961,0.096,0.171,1
Cald1,0.02683099,0.427771986,0.422,0.293,1
Btc,0.02685319,-1.022935245,0.027,0.079,1
Cs,0.026883738,-0.213465002,0.904,0.927,1
Trim66,0.026896149,-0.553904647,0.278,0.39,1
Ndst1,0.026908802,0.369223928,0.834,0.78,1
Retreg1,0.026921067,-0.174112858,0.947,0.951,1
Slc16a1,0.02697734,-0.211895543,0.316,0.409,1
Mvb12b,0.027083072,-0.34119675,0.759,0.78,1
Ppp2r5e,0.027088657,-0.354682303,0.786,0.793,1
Rbl2,0.027115412,-0.723747565,0.348,0.445,1
Pts,0.027118385,-0.270204665,0.866,0.915,1
5033430I15Rik,0.027123286,-0.949240693,0.07,0.14,1
Amotl1,0.027158324,-0.380355746,0.439,0.549,1
Vti1b,0.027222481,0.15705004,0.973,0.976,1
Fpgs,0.027233111,0.494631393,0.417,0.293,1
Haghl,0.027340603,0.526638287,0.503,0.372,1
Vwa5b2,0.027354299,-0.729589023,0.203,0.293,1
Pip4k2b,0.027362346,-0.329359297,0.583,0.677,1
Selenoi,0.027363019,-0.627177655,0.561,0.616,1
Gm47204,0.027394511,-0.926802847,0.091,0.165,1
4930480K15Rik,0.02739939,-1.27026839,0.016,0.061,1
4930414N06Rik,0.027419441,-1.186455779,0.048,0.11,1
Mtmr6,0.02744182,-0.18573069,0.968,0.963,1
Elp5,0.027454625,0.212917302,0.936,0.872,1
Maged1,0.027555641,0.186736957,0.989,0.976,1
Ptpmt1,0.027600699,0.32941194,0.882,0.817,1
Mb21d2,0.027636642,-0.738099478,0.134,0.226,1
Pigt,0.027677227,-0.509654964,0.503,0.567,1
Mif4gd,0.027680567,0.420083951,0.305,0.189,1
Cdk4,0.027690314,0.39942657,0.578,0.445,1
Mterf1a,0.027708135,-0.950897307,0.043,0.104,1
Mak16,0.027799653,0.627852462,0.38,0.28,1
Spg20,0.027863986,-0.265062004,0.626,0.677,1
A930037H05Rik,0.02787582,-0.781367825,0.043,0.104,1
Alg10b,0.027888999,-0.426664698,0.647,0.677,1
Dok4,0.02791375,-0.737639955,0.61,0.64,1
Senp6,0.027917989,0.216513522,0.93,0.896,1
Snhg4,0.027941683,-0.46843536,0.749,0.774,1
Sash1,0.027990143,0.494936335,0.439,0.305,1
Crebbp,0.028027262,-0.349859809,0.84,0.872,1
Chac1,0.028081711,0.615450105,0.171,0.085,1
Ar,0.028190958,-0.48334772,0.508,0.585,1
Rgs9,0.028233534,0.340486095,0.84,0.811,1
Vcl,0.028252096,0.142239194,0.952,0.927,1
Ndufv2,0.028262827,0.126783115,0.963,0.951,1
Shld3,0.028354944,0.865628074,0.144,0.067,1
Abi1,0.028447309,-0.296803396,0.877,0.89,1
Decr1,0.02849248,0.393643272,0.476,0.354,1
Wdr45b,0.028497796,-0.206772305,0.856,0.878,1
Gm16759,0.028503765,-0.939227098,0.134,0.213,1
Acad8,0.028535598,-0.887963594,0.251,0.348,1
9530062K07Rik,0.028544797,-0.889189759,0.139,0.22,1
Gm15866,0.028638248,0.317813226,0.075,0.146,1
Tro,0.028667354,-0.233680516,0.824,0.872,1
Neu1,0.028702571,0.232881767,0.513,0.354,1
Chd9,0.028754113,-0.226080089,0.872,0.896,1
Mrpl11,0.028826493,0.190850448,0.93,0.89,1
Sulf2,0.028890913,0.841702282,0.182,0.098,1
Chchd6,0.028895938,0.175097686,0.92,0.86,1
Gm12576,0.028897459,-1.37702566,0.032,0.085,1
Sac3d1,0.028904812,0.338712186,0.647,0.482,1
Isg15,0.028919056,0.201693415,0.358,0.244,1
Chsy1,0.028968948,1.255955018,0.198,0.11,1
Nap1l3,0.029001199,-0.270315584,0.781,0.811,1
Rev1,0.029012387,-0.627459413,0.358,0.439,1
Dnpep,0.029058129,0.465082819,0.754,0.72,1
Specc1,0.029107858,0.879105346,0.16,0.085,1
Ccdc50,0.029134191,0.440161223,0.807,0.701,1
Trim25,0.029213968,0.182967134,0.813,0.701,1
Nek1,0.029215385,0.224131513,0.856,0.823,1
Slc9a6,0.029219867,-0.305524087,0.861,0.866,1
Bbx,0.029271117,-0.326847437,0.85,0.866,1
Paxbp1,0.029276203,-0.934791601,0.182,0.262,1
4833417C18Rik,0.029284633,-1.488889628,0.032,0.085,1
Nxnl2,0.029297586,-1.027104933,0.08,0.152,1
Nkain4,0.029332733,0.470894137,0.16,0.079,1
Myo1h,0.029405289,1.338825087,0.123,0.055,1
Ate1,0.029414089,-0.405559494,0.802,0.86,1
Snx30,0.029446144,-1.021337829,0.112,0.195,1
Trpc1,0.029519898,-0.590678216,0.487,0.524,1
Adamts10,0.029553854,-1.132146245,0.064,0.128,1
Rprd2,0.029573296,-0.377682096,0.572,0.598,1
Ankrd39,0.029658477,0.352913978,0.588,0.463,1
2610002M06Rik,0.029674564,-0.32191226,0.631,0.671,1
Scap,0.029678267,0.373001051,0.791,0.701,1
Rab3gap2,0.029749429,-0.310792386,0.807,0.78,1
Pikfyve,0.029761303,-0.544127774,0.561,0.598,1
Radil,0.029787555,-0.723856983,0.299,0.378,1
Hacd4,0.029788274,0.674135766,0.134,0.061,1
Xk,0.02979792,-0.490855659,0.471,0.549,1
Usp45,0.029806518,-0.484761574,0.668,0.762,1
Tfap4,0.029809404,-0.983212443,0.064,0.134,1
Utp20,0.029820609,0.614125657,0.294,0.183,1
Hif3a,0.029871497,1.114429072,0.043,0.006,1
Gm9968,0.029871497,1.198304572,0.043,0.006,1
Coa6,0.029899781,-0.297008648,0.722,0.762,1
Cntnap2,0.029901494,-0.202399032,1,0.988,1
Gspt1,0.029928707,0.433563848,0.775,0.744,1
Fmo5,0.029953063,-0.409980864,0.385,0.476,1
Eif4ebp1,0.029955466,0.449580383,0.588,0.47,1
Synpo,0.029979345,-0.695118394,0.241,0.335,1
Dedd2,0.029987884,0.685218947,0.342,0.244,1
Lrch3,0.029996607,-0.340138715,0.636,0.738,1
Ppef1,0.030064136,-0.154012784,0.642,0.689,1
Ppfia4,0.030097621,-0.395441759,0.572,0.671,1
Kbtbd3,0.030157822,-0.42692701,0.412,0.5,1
Pappa,0.030163295,1.675088451,0.043,0.006,1
Frem1,0.030163295,1.245475006,0.043,0.006,1
Podxl,0.030163295,1.590311955,0.043,0.006,1
Gm48882,0.030163295,1.141185836,0.043,0.006,1
Kcnj15,0.030163295,1.24576127,0.043,0.006,1
Gm11613,0.03017568,-0.903416813,0.134,0.213,1
Cfap69,0.030180289,-0.868974168,0.112,0.189,1
Rxrg,0.030181509,-0.438368615,0.214,0.311,1
Nedd4l,0.030217318,-0.240334261,0.963,0.963,1
Ndufb8,0.030261682,0.158375478,0.995,0.994,1
Tatdn3,0.030295817,0.488278197,0.439,0.317,1
Ppm1k,0.030322389,-0.559741774,0.332,0.415,1
Smarca5,0.030370389,-0.226257919,0.861,0.848,1
Rac3,0.030371228,0.269909405,0.92,0.909,1
Cdyl2,0.030427473,-0.675530951,0.225,0.311,1
Tfec,0.030457539,1.580638914,0.043,0.006,1
Met,0.030457539,1.254042385,0.043,0.006,1
Grpel2,0.030508952,0.437883976,0.422,0.311,1
Ubqln2,0.030532604,-0.373693473,0.802,0.817,1
Zmym3,0.030536315,-0.332732871,0.663,0.701,1
Tarbp2,0.030737989,0.448715455,0.471,0.36,1
Dbndd1,0.030785524,-0.601935695,0.406,0.463,1
Slf2,0.03084225,-0.485807296,0.283,0.378,1
Abcc5,0.031007429,-0.325106244,0.85,0.854,1
Cyth3,0.03101126,-0.367290729,0.701,0.707,1
Kremen1,0.031038844,-0.845090292,0.283,0.378,1
Itch,0.031040853,-0.261391027,0.802,0.841,1
Slc52a3,0.031053431,1.040261817,0.043,0.006,1
Gm12381,0.031053431,0.990710594,0.043,0.006,1
Zmynd11,0.031098636,-0.189219024,0.941,0.939,1
C2cd4c,0.031138695,-1.066485877,0.053,0.116,1
Casp1,0.031191862,0.704321277,0.15,0.073,1
Klhl26,0.031194845,-0.485186262,0.519,0.561,1
Gm4425,0.031199712,-1.178706838,0.037,0.091,1
Spcs2,0.031234225,0.314556881,0.941,0.89,1
Dock4,0.031238353,0.225037486,0.599,0.47,1
Lratd2,0.03132387,-1.49771238,0.011,0.049,1
Setx,0.031354151,-0.482755793,0.588,0.634,1
1700015F17Rik,0.031355111,0.899864418,0.043,0.006,1
Cdc42ep5,0.031397517,1.18861142,0.086,0.03,1
Mrps2,0.031511905,0.740060814,0.289,0.195,1
Nucks1,0.031610153,0.12054613,0.963,0.963,1
Gm14964,0.031612559,-1.563530028,0.011,0.049,1
Dclk1,0.031655664,-0.426726307,0.594,0.646,1
Sult1a1,0.031659301,1.1410125,0.043,0.006,1
Ccdc116,0.031659301,0.607418059,0.043,0.006,1
Ppp6r1,0.031733985,-0.51683751,0.642,0.689,1
E430018J23Rik,0.031758046,1.077332213,0.075,0.024,1
Purg,0.031794858,-0.15326564,0.893,0.921,1
Pacsin2,0.031876128,-0.290222608,0.695,0.72,1
Recql5,0.031910042,0.722151041,0.187,0.104,1
Otud3,0.031963553,0.654258535,0.273,0.171,1
Rev3l,0.031969922,-0.322610404,0.759,0.805,1
Fam222a,0.031979042,0.400397475,0.561,0.445,1
Ccdc84,0.031992549,-1.053216264,0.07,0.134,1
Ppfia3,0.032001241,-0.327165389,0.588,0.634,1
Syt14,0.032048193,-0.466578484,0.46,0.537,1
Cdk16,0.032109321,0.225711936,0.968,0.933,1
Tmem258,0.032185415,-0.211676556,0.936,0.945,1
Gm29536,0.032197934,-1.496126665,0,0.024,1
Gm11099,0.032197934,-1.215941209,0,0.024,1
Gm13617,0.032197934,-1.127119712,0,0.024,1
Ncaph,0.032197934,-1.329603792,0,0.024,1
Gm35585,0.032197934,-1.368792359,0,0.024,1
Gm11844,0.032197934,-1.165151503,0,0.024,1
Gm12992,0.032197934,-1.573257332,0,0.024,1
B230303O12Rik,0.032197934,-1.309268323,0,0.024,1
Kl,0.032197934,-1.129492167,0,0.024,1
Hpgds,0.032197934,-1.370093771,0,0.024,1
Cecr2,0.032197934,-1.372286042,0,0.024,1
Gm26600,0.032197934,-1.258577418,0,0.024,1
Gm16175,0.032197934,-1.282759567,0,0.024,1
Hpn,0.032197934,-1.578973297,0,0.024,1
BC046251,0.032197934,-1.400484399,0,0.024,1
4930483O08Rik,0.032197934,-1.123913404,0,0.024,1
D030068K23Rik,0.032197934,-1.248520371,0,0.024,1
Gm17344,0.032197934,-1.683089275,0,0.024,1
Gm47334,0.032197934,-2.313401393,0,0.024,1
Gm29642,0.032197934,-1.300356932,0,0.024,1
Gm47465,0.032197934,-1.652437149,0,0.024,1
Gm17540,0.032197934,-1.541573815,0,0.024,1
Gm19325,0.032197934,-1.336456218,0,0.024,1
Prss45,0.032197934,-1.375374707,0,0.024,1
Gm35722,0.032197934,-1.300281008,0,0.024,1
Gm5136,0.032197934,-1.355525433,0,0.024,1
AC135859.1,0.032197934,-1.20690871,0,0.024,1
Pik3r5,0.032197934,-1.205641876,0,0.024,1
Gm32219,0.032197934,-1.498844813,0,0.024,1
Gm30655,0.032197934,-1.104908099,0,0.024,1
Zfp457,0.032197934,-1.331665363,0,0.024,1
Dnase1l3,0.032197934,-1.306865716,0,0.024,1
Gm49024,0.032197934,-1.364763773,0,0.024,1
Tpm3-rs7,0.032197934,-1.257121053,0,0.024,1
Fam83f,0.032197934,-1.261751442,0,0.024,1
Nlrc4,0.032197934,-1.205199938,0,0.024,1
Pcdha3,0.032197934,-1.276552087,0,0.024,1
4933407I08Rik,0.032197934,-1.297719202,0,0.024,1
Gm35438.1,0.032197934,-1.501423084,0,0.024,1
Gm15247,0.032197934,-1.368271568,0,0.024,1
Atl2,0.032201106,-0.331079654,0.594,0.652,1
Serpinb9,0.032211138,-0.713789661,0.257,0.348,1
Pcdhb11,0.032214562,1.091409513,0.086,0.03,1
Slc3a2,0.032285857,0.490924128,0.802,0.774,1
Cops7a,0.03232841,-0.290630689,0.69,0.762,1
Avl9,0.032343795,-0.323696147,0.674,0.695,1
Aspscr1,0.032424597,0.342389293,0.535,0.402,1
Xlr4b,0.032477983,2.185164596,0.053,0.012,1
Morn3,0.032492355,-1.27807092,0.011,0.049,1
Nr2c2,0.032498496,-0.286741835,0.749,0.75,1
Dapk1,0.032602685,-0.248066956,0.834,0.817,1
Vps50,0.032621819,-0.394221631,0.449,0.53,1
Zfp429,0.032750508,1.3182801,0.053,0.012,1
Cuedc2,0.032762941,0.45255495,0.947,0.896,1
C330007P06Rik,0.032764221,-0.244152232,0.749,0.762,1
Zfp112,0.032808177,0.726949482,0.139,0.067,1
9130023H24Rik,0.032839241,0.839000808,0.086,0.03,1
B230217C12Rik,0.032873573,-0.421739237,0.62,0.652,1
Pdcd6ip,0.032941907,-0.297069671,0.866,0.915,1
Clca2,0.032965803,-1.034426374,0.059,0.122,1
Spred3,0.032973718,0.613574873,0.299,0.189,1
Zfp275,0.033040026,-0.523640821,0.545,0.616,1
Cdc34,0.033070898,0.279131062,0.802,0.713,1
4930556N13Rik,0.033090468,-1.206152987,0.011,0.049,1
Dhrs2,0.033098025,1.177316957,0.075,0.024,1
Taldo1,0.033098141,0.327464421,0.866,0.86,1
Unc50,0.03313617,0.273253889,0.674,0.543,1
Higd2a,0.033148774,0.171838519,0.995,0.976,1
Epn3,0.033162608,1.170658684,0.064,0.018,1
C030047K22Rik,0.033162608,-1.258057174,0.021,0.067,1
Gm9803,0.033179838,0.936707152,0.112,0.049,1
Elmo1,0.03320193,-0.276378109,0.722,0.799,1
U2af1,0.033315673,0.186372226,0.925,0.866,1
Ubr1,0.033318268,-0.245035313,0.642,0.726,1
Leprotl1,0.033337538,-0.208839053,0.904,0.909,1
Phf2os1,0.033393042,-1.216578923,0.011,0.049,1
Gm46563,0.033411737,1.151367554,0.064,0.018,1
Apoe,0.033453699,0.378409582,0.936,0.902,1
Dnajc14,0.03352313,-0.319399323,0.636,0.707,1
Fibp,0.033535471,0.236429292,0.749,0.628,1
Hnrnpu,0.033539757,-0.167775284,0.973,0.963,1
Fan1,0.033556533,0.9550655,0.128,0.061,1
Tmem60,0.033575547,0.303868169,0.898,0.841,1
Gm11817,0.033651358,-1.115265717,0.07,0.134,1
Ctif,0.033664455,-0.214927919,0.957,0.945,1
Tspan18,0.033682802,0.579259282,0.444,0.329,1
Prdx6,0.033695451,0.21413596,0.914,0.902,1
Mtmr11,0.033787754,-0.250462821,0.225,0.134,1
Tjp1,0.033814645,-0.29951942,0.615,0.659,1
Gm12353,0.033852732,-1.293829779,0.043,0.098,1
Ch25h,0.033860274,1.34702944,0.053,0.012,1
Hyou1,0.033914045,-0.310796316,0.278,0.372,1
Qk,0.03391627,0.347911332,0.674,0.555,1
Ciao2b,0.03400367,0.134721726,0.957,0.909,1
0610040F04Rik,0.034017985,0.982997271,0.075,0.024,1
Slitrk1,0.034032947,-0.391086694,0.626,0.628,1
Snx25,0.034063581,-0.383436631,0.652,0.689,1
Sdccag8,0.03407059,-0.461694983,0.471,0.512,1
1700011L22Rik,0.034136724,-1.086349769,0.118,0.195,1
Rab36,0.034174865,-0.475272383,0.257,0.341,1
Ccnyl1,0.034202864,-0.302758942,0.348,0.415,1
Bag1,0.034206674,0.12439135,0.989,0.976,1
Kctd13,0.034207142,-0.292294456,0.722,0.768,1
Oat,0.034319272,-0.110493505,0.952,0.921,1
Elovl5,0.034349693,-0.250258109,0.936,0.915,1
Fbxo27,0.034376145,-1.008360482,0.064,0.128,1
Cers4,0.034385454,0.208079439,0.941,0.896,1
E130304I02Rik,0.034427112,1.060084746,0.053,0.012,1
Arid1a,0.034443547,-0.256157447,0.925,0.933,1
Gm3636,0.034477506,0.760450194,0.112,0.049,1
Gtf2a2,0.034510871,0.152568329,0.968,0.933,1
Sp1,0.03466848,-0.54859181,0.326,0.409,1
Mab21l3,0.034713559,1.108708741,0.053,0.012,1
Akna,0.034713559,1.018782662,0.053,0.012,1
Bcl2l12,0.034713559,1.139618621,0.053,0.012,1
Gm9750,0.034713559,0.961562473,0.053,0.012,1
Tgoln1,0.034739835,-0.214450114,0.947,0.97,1
Zkscan3,0.034754895,-0.392773309,0.444,0.537,1
Tspan5,0.034755145,-0.281878504,0.701,0.744,1
Hnrnpm,0.034768708,-0.155462278,0.791,0.878,1
Zfp422,0.034793793,-0.422958971,0.39,0.445,1
Ints3,0.034914356,-0.257437701,0.535,0.616,1
Htr5b,0.034940379,-1.238799157,0.021,0.067,1
Crat,0.0349694,0.351163892,0.572,0.433,1
Sil1,0.035061394,-0.513897083,0.519,0.591,1
Tmem74b,0.035097752,-1.320261855,0.048,0.104,1
S100b,0.035102161,0.172061368,0.968,0.939,1
Slc35e4,0.035106838,0.446061717,0.524,0.421,1
Psmb5,0.035107152,0.263635331,0.968,0.963,1
Mettl21a,0.035185348,-0.642413356,0.225,0.317,1
Ndufs5,0.035202202,0.138995741,0.995,0.988,1
St6gal1,0.035241334,-0.483145284,0.497,0.561,1
Fbxo31,0.035288109,-0.366913892,0.813,0.902,1
6430573P05Rik,0.035292562,1.000611127,0.053,0.012,1
Gm20754,0.035295405,-1.722713005,0.043,0.098,1
Zfp941,0.035310895,-0.523553775,0.406,0.494,1
Fam20c,0.035361922,0.552436708,0.316,0.213,1
4930532G15Rik,0.035424063,1.00422941,0.027,0,1
Gm11464,0.035424063,1.074208437,0.027,0,1
Gm43462,0.035424063,0.933441551,0.027,0,1
Fam189a1,0.035424063,1.585779509,0.027,0,1
Gm45680,0.035424063,1.2951281,0.027,0,1
2310003N18Rik,0.035424063,0.880551401,0.027,0,1
BC065403,0.035424063,0.890492028,0.027,0,1
Trf,0.035424063,0.904834103,0.027,0,1
Gm11963,0.035424063,0.953448488,0.027,0,1
Tha1,0.035424063,1.058745802,0.027,0,1
Gm20036,0.035424063,1.076769465,0.027,0,1
Galnt15,0.035424063,1.5027667,0.027,0,1
Krt80,0.035424063,1.052997502,0.027,0,1
Gm49479,0.035424063,1.007580982,0.027,0,1
Cdc45,0.035424063,0.965491685,0.027,0,1
Srd5a2,0.035424063,0.894971763,0.027,0,1
Psma8,0.035424063,1.69551309,0.027,0,1
AC142100.1,0.035424063,1.076082741,0.027,0,1
Lipo2,0.035424063,0.926040182,0.027,0,1
Blnk,0.035424063,0.929481061,0.027,0,1
Rab26os,0.035448928,-0.571709089,0.273,0.36,1
Ap1m1,0.035547655,0.235224513,0.893,0.841,1
Trib2,0.035548216,-0.283718913,0.813,0.841,1
Nras,0.035564761,0.147442934,0.888,0.817,1
Map3k11,0.035581782,0.553495165,0.278,0.171,1
Sfrp4,0.035585141,0.863986619,0.053,0.012,1
2900026A02Rik,0.035610513,0.444097024,0.626,0.555,1
Gprin2,0.035622876,-0.554748412,0.497,0.549,1
Mrps16,0.035638271,0.266872459,0.925,0.854,1
Gm13582,0.035678972,-0.75272985,0.417,0.494,1
Mrpl41,0.03570031,0.161524713,0.973,0.933,1
Tmed7,0.035711561,-0.347638041,0.711,0.726,1
Kcnq2,0.035717275,0.662099704,0.316,0.213,1
Fbxo11,0.0357802,-0.243314883,0.84,0.823,1
Aldh2,0.035812941,-0.348056889,0.759,0.793,1
Nfil3,0.035814783,0.290445962,0.326,0.207,1
Msrb3,0.035818288,1.10109684,0.112,0.049,1
Hoxb5os,0.035819266,-1.087134543,0.064,0.128,1
Spsb1,0.035827583,0.866391859,0.176,0.098,1
Zfp810,0.035861402,0.538444066,0.23,0.134,1
Tub,0.035868689,-0.263562803,0.481,0.567,1
Slc16a14,0.035880895,-0.842944112,0.032,0.085,1
Foxj2,0.035895509,-0.50402795,0.358,0.457,1
Siah3,0.035992321,-0.931999299,0.021,0.067,1
Glmn,0.036001703,0.586291988,0.487,0.384,1
Slc10a6,0.03603482,0.432195786,0.727,0.646,1
A930012O16Rik,0.036052534,-1.296165871,0.005,0.037,1
Gm13985,0.036052534,-1.287250212,0.005,0.037,1
Gm42678,0.036052534,-2.737008997,0.005,0.037,1
Gm43920,0.036052534,-1.324863138,0.005,0.037,1
Tyr,0.036052534,-1.741300483,0.005,0.037,1
Icam5,0.036052534,-1.399401655,0.005,0.037,1
Il23a,0.036052534,-1.609857556,0.005,0.037,1
Six1,0.036068979,-0.164869631,0.952,0.945,1
Pskh1,0.036081809,0.511761541,0.289,0.189,1
Tbc1d16,0.0361047,-0.760028678,0.412,0.47,1
6330411D24Rik,0.036143109,-2.135811503,0.043,0.098,1
Fbln2,0.036153626,0.430744774,0.342,0.232,1
Cstf2,0.036212871,-0.55459775,0.513,0.561,1
Sdk2,0.036259486,1.203905941,0.064,0.018,1
Gm11837,0.036310811,0.400983135,0.305,0.195,1
Edem3,0.036330382,-0.473901616,0.406,0.494,1
Rnf38,0.036377513,-0.227618435,0.77,0.78,1
Pgs1,0.036412136,0.349573859,0.743,0.659,1
Tmem208,0.036432861,0.305737118,0.909,0.872,1
Senp7,0.036434744,-0.412070605,0.743,0.75,1
8030442B05Rik,0.036440244,-1.923619292,0.005,0.037,1
Snx20,0.036440244,-1.4114066,0.005,0.037,1
Gas1,0.036440244,-1.452166766,0.005,0.037,1
Gm49539,0.036440244,-1.469012612,0.005,0.037,1
Tmem28,0.036440244,-1.626533499,0.005,0.037,1
Dcaf6,0.036478278,-0.325874431,0.749,0.799,1
Ttc14,0.036482697,-0.305757338,0.663,0.744,1
Acot11,0.036579686,0.408603535,0.471,0.348,1
Ube2o,0.036584167,-0.181269306,0.947,0.945,1
Taf1a,0.036606136,0.69320835,0.176,0.098,1
Tceal8,0.036615745,0.204597037,0.936,0.872,1
Phactr1,0.036688247,-0.237373421,0.92,0.915,1
Mapk1,0.036689022,-0.153266421,0.963,0.963,1
Smim12,0.036817659,0.253581737,0.904,0.854,1
Zbtb49,0.036831502,-1.334437857,0.005,0.037,1
Atxn2l,0.036887138,-0.378486289,0.647,0.683,1
Tmbim1,0.036920954,0.323413413,0.733,0.604,1
Ovca2,0.036925501,1.076564526,0.134,0.067,1
Ubac2,0.036980329,-0.557839601,0.428,0.5,1
1700102P08Rik,0.037071147,-0.916244449,0.021,0.067,1
Prdx1,0.037074967,0.117060371,0.995,1,1
Prmt3,0.037114497,-0.427530329,0.278,0.366,1
Ttll4,0.037135523,0.783365028,0.128,0.061,1
Rab21,0.037215014,0.248702998,0.973,0.957,1
4921516A02Rik,0.037226332,-1.252644666,0.005,0.037,1
Cstf2t,0.037289816,-0.723248719,0.193,0.274,1
Stau2,0.037327324,-0.221095423,0.882,0.848,1
Pdgfb,0.037345116,0.662998835,0.064,0.018,1
Heca,0.037414836,-0.297271182,0.652,0.72,1
Glt8d1,0.037444149,0.400198376,0.61,0.482,1
Psmd11,0.037478984,0.223217823,0.877,0.805,1
Mbp,0.03748663,0.319119175,0.519,0.415,1
Strn,0.037498961,-0.328038125,0.663,0.689,1
Kansl1,0.037538435,-0.312418034,0.797,0.817,1
Brpf1,0.037572874,-0.52198933,0.214,0.305,1
As3mt,0.037595019,-0.197520815,0.722,0.78,1
Runx2os1,0.037620807,0.858096017,0.064,0.018,1
Capn12,0.037624759,-1.318107096,0.005,0.037,1
Stx7,0.03765195,0.141459969,0.968,0.988,1
Hps3,0.037868188,-0.273486089,0.626,0.683,1
Prdm11,0.037898227,-0.895286768,0.021,0.067,1
2700069I18Rik,0.037898227,0.717488987,0.064,0.018,1
Zfp90,0.037976935,0.560853456,0.257,0.159,1
9330185C12Rik,0.038026809,-1.344803951,0.005,0.037,1
Gm3364,0.038026809,-1.134285206,0.005,0.037,1
Prmt8,0.038026809,-1.065429613,0.005,0.037,1
Mrpl28,0.038102094,0.172950902,0.925,0.878,1
Mtmr3,0.038170923,-0.308093278,0.813,0.829,1
Jmjd6,0.038175453,-0.498520609,0.241,0.329,1
Gm14261,0.038177385,0.810039952,0.064,0.018,1
Wdr75,0.038335731,0.352544144,0.465,0.329,1
Iqsec3,0.038336426,-0.30018426,0.749,0.774,1
Prkcd,0.038362667,-0.292181624,0.952,0.921,1
Cysltr2,0.038395548,-1.131078296,0.193,0.262,1
Mea1,0.038416638,0.300740106,0.882,0.817,1
Grin1,0.038416638,-0.134151318,0.85,0.854,1
4930555G07Rik,0.038432507,-1.133984545,0.005,0.037,1
Gm11437,0.038432507,-1.142711603,0.005,0.037,1
Il1rapl2,0.038432507,-1.192638914,0.005,0.037,1
Lancl3,0.038437455,-0.334041502,0.727,0.713,1
4930594M22Rik,0.038456045,0.75083799,0.219,0.134,1
Tmem250-ps,0.03845755,0.209736375,0.882,0.799,1
Itga9,0.038465782,-0.352954448,0.615,0.726,1
Acbd7,0.038505161,-0.705311535,0.128,0.207,1
Dchs1,0.038612454,-0.626655541,0.193,0.274,1
Psmd2,0.03862252,-0.217114511,0.888,0.945,1
Ptprr,0.038626324,0.229709289,0.856,0.835,1
Jhy,0.038687439,-0.443473566,0.326,0.439,1
Pex11b,0.03870733,0.174093699,0.556,0.433,1
Rprml,0.038882559,-0.261018141,0.69,0.817,1
Wdpcp,0.038964429,-0.724161432,0.321,0.372,1
Zfp820,0.038965058,0.762684841,0.214,0.128,1
Lamb1,0.038986674,0.608967844,0.241,0.146,1
Kdm5b,0.039107441,-0.317783709,0.604,0.646,1
Lrch1,0.039140067,-0.393398407,0.439,0.506,1
Parp4,0.039143246,-0.478141832,0.439,0.512,1
Hsd17b10,0.039176493,0.354985644,0.775,0.707,1
Slc15a2,0.039214854,-1.128052709,0.096,0.165,1
Prkci,0.039271842,-0.574937829,0.476,0.5,1
Mapk6,0.0393138,-0.440729477,0.599,0.652,1
Ncam1,0.039531543,-0.129145549,0.973,0.963,1
Ttll7,0.039534514,-0.112512624,0.989,1,1
Mark2,0.039543815,-0.330755327,0.84,0.829,1
Wdtc1,0.039615813,-0.131415646,0.861,0.878,1
Ktn1,0.039668179,0.244862437,0.963,0.921,1
Dop1a,0.039730946,-0.586747701,0.465,0.5,1
Nf2,0.039773363,-0.437293802,0.54,0.61,1
Gm42067,0.039862549,0.506629821,0.316,0.207,1
Stx18,0.039879333,-0.465459291,0.508,0.585,1
Rab15,0.039882447,0.390025047,0.583,0.415,1
Ntan1,0.039885772,0.163599864,0.973,0.957,1
Rab40b,0.039902969,-0.839259565,0.118,0.189,1
Coq7,0.039908283,0.255884857,0.882,0.829,1
Exog,0.039953574,-0.762213336,0.294,0.372,1
Plbd2,0.039989238,-0.114874072,0.765,0.811,1
Zfp287,0.040114252,0.403162134,0.353,0.244,1
Tcp11l2,0.040281798,-0.546459602,0.385,0.47,1
Gpatch2l,0.040398413,-0.42884487,0.294,0.39,1
Paqr6,0.040403368,0.392054182,0.193,0.11,1
Smoc1,0.040428408,1.712953992,0.128,0.061,1
Kmt5a,0.040489991,0.202230295,0.882,0.835,1
Cep170,0.040489991,-0.318801036,0.861,0.86,1
Prkaa1,0.040566871,-0.255186724,0.781,0.811,1
Tafa1,0.040571265,1.331498588,0.118,0.055,1
Hadh,0.040581028,0.240059523,0.642,0.5,1
Inf2,0.040586151,0.346258153,0.706,0.591,1
Cdk13,0.04059008,-0.309414136,0.652,0.707,1
5033406O09Rik,0.040725158,1.321673388,0.091,0.037,1
Arf1,0.040762721,-0.106910863,0.979,0.982,1
Cic,0.040798002,0.256441196,0.93,0.89,1
Zbtb11os1,0.040801306,-0.491407668,0.572,0.604,1
Sirt2,0.040849953,-0.28938507,0.818,0.811,1
Chpt1,0.0409025,-0.280659632,0.679,0.713,1
Ppif,0.040994483,-0.76835478,0.241,0.317,1
Miga1,0.041026216,-0.305906176,0.775,0.799,1
Nudcd3,0.041071189,-0.273073967,0.877,0.89,1
Rad52,0.041101736,0.229576274,0.294,0.177,1
Mrm1,0.041104603,0.383089929,0.23,0.134,1
Suco,0.041365231,-0.417408377,0.658,0.683,1
Tceal3,0.041376113,-0.268074547,0.893,0.896,1
Tkt,0.041391048,0.133477728,0.941,0.896,1
Nup210l,0.041509366,0.452090978,0.203,0.116,1
Dcun1d5,0.041523501,0.173137781,0.914,0.902,1
Ptprd,0.041573892,-0.320210932,0.711,0.75,1
Xpo1,0.041634839,-0.392246009,0.775,0.829,1
Gemin7,0.041800645,0.173638022,0.963,0.939,1
Slc39a11,0.041848731,0.557440196,0.385,0.28,1
Cblc,0.041851161,-1.580844721,0.07,0.134,1
Rnf2,0.041853281,-1.276571052,0.209,0.28,1
Kbtbd7,0.041910714,-0.591028183,0.257,0.341,1
Mcts1,0.041938776,0.268504486,0.941,0.921,1
Clrn2,0.041990891,-1.338964802,0.027,0.073,1
Reep5,0.042024692,0.123417159,1,0.994,1
Isg20,0.04206017,0.903213877,0.102,0.043,1
Gskip,0.042069147,-0.185575661,0.818,0.848,1
C330013E15Rik,0.042205582,0.747349739,0.241,0.152,1
Gm2464,0.04222657,-0.558530932,0.572,0.591,1
Plxnb1,0.042280572,0.949937466,0.118,0.055,1
Mtmr4,0.042327594,-0.186212254,0.642,0.707,1
Tubb2a,0.042452088,-0.208776471,0.979,0.994,1
Cep128,0.04246464,0.722720619,0.166,0.091,1
Fam91a1,0.04246903,-0.309893317,0.834,0.835,1
Efemp2,0.042474544,0.596405638,0.182,0.098,1
Arpc5l,0.04250084,0.172020908,0.968,0.957,1
Fancf,0.042540596,-0.626054024,0.235,0.317,1
Snhg20,0.042559846,-0.419166569,0.567,0.591,1
Serpinb1b,0.042620138,1.053216236,0.08,0.03,1
Frmd3,0.042638477,0.181479756,0.963,0.902,1
Tmem42,0.042650638,0.250429502,0.663,0.537,1
Ctnna3,0.042706567,-0.46912912,0.251,0.348,1
Sfswap,0.042728779,-0.409334978,0.551,0.616,1
Slc35g2,0.042775033,-0.10383594,0.476,0.53,1
9030404E10Rik,0.042856325,-1.181894256,0.027,0.073,1
Mff,0.042929794,0.126794116,0.952,0.963,1
Pign,0.042951596,-0.699375418,0.193,0.268,1
Uimc1,0.042957765,-0.476288342,0.273,0.366,1
Prdx5,0.042991842,0.136961065,0.984,0.988,1
Acad9,0.043081321,-0.672409744,0.171,0.25,1
Zfp280d,0.043147331,-0.226237576,0.663,0.707,1
Rin2,0.043154067,-0.739397487,0.267,0.348,1
Epha7,0.043207762,0.278513412,0.235,0.14,1
Usp53,0.043235409,0.169086782,0.364,0.25,1
Brca1,0.04324739,0.748332204,0.182,0.104,1
H2afz,0.043263857,0.113288318,0.984,0.988,1
Mllt6,0.043280287,-0.327863246,0.406,0.482,1
Smarcad1,0.043315566,-0.468479537,0.417,0.476,1
Hmgn5,0.043630134,0.838446248,0.262,0.177,1
Vamp1,0.043783191,-0.360949655,0.69,0.713,1
Ccdc171,0.043832651,-0.862383528,0.166,0.244,1
Bag4,0.043910151,-0.250678414,0.738,0.762,1
Tra2b,0.043919667,0.23535035,0.898,0.896,1
Gsk3a,0.043984571,-0.211136219,0.856,0.872,1
Gm43713,0.044033654,-1.108359864,0.027,0.073,1
Egfem1,0.04405041,0.673117947,0.118,0.055,1
Dgkz,0.044095442,-0.302848396,0.861,0.866,1
Abca7,0.044190835,-0.308634909,0.791,0.811,1
Atp2a2,0.044199214,-0.221711871,0.979,0.982,1
Ythdf3,0.044232439,-0.30804813,0.786,0.78,1
Adgrl2,0.044246516,0.204826012,0.824,0.671,1
Sgcd,0.044467479,-0.287386301,0.727,0.768,1
Chd7,0.044558304,0.511566425,0.251,0.159,1
Chrnb3,0.044572079,-0.991249183,0.139,0.213,1
Plekhd1os,0.044575916,-0.970418838,0.07,0.134,1
Acoxl,0.044658364,-1.213813185,0.016,0.055,1
Gm48321,0.044658364,-1.451225355,0.016,0.055,1
Rsf1,0.044709653,-0.301496226,0.861,0.866,1
Klc3,0.044713062,-0.720927156,0.16,0.238,1
Diras1,0.045089923,-0.330174671,0.77,0.793,1
Pnpla3,0.045090745,-0.942811173,0.139,0.207,1
Dalrd3,0.045144925,-0.580708927,0.353,0.427,1
Xpr1,0.045244251,-0.389846131,0.615,0.634,1
Gm17057,0.045375178,-1.227188297,0.016,0.055,1
Tspyl1,0.04540617,-0.231787724,0.93,0.939,1
Abhd6,0.045425511,-0.252727925,0.417,0.482,1
Fam110b,0.045451577,-0.400870685,0.503,0.567,1
1810055G02Rik,0.045481785,0.725686342,0.166,0.091,1
Rasgrf2,0.045543602,-1.828618275,0.027,0.073,1
Taok1,0.045597074,-0.22376622,0.947,0.963,1
Parvb,0.045613294,-0.623501065,0.46,0.53,1
Agap1,0.045633967,-0.148106941,0.909,0.963,1
Mtmr2,0.045672673,-0.389409471,0.556,0.604,1
Rasal2,0.045712503,-0.289961759,0.834,0.89,1
Gpx8,0.045719388,0.31472834,0.385,0.262,1
Ralgapa2,0.045730428,-0.449189981,0.567,0.598,1
Adarb2,0.045737207,-1.277445028,0.016,0.055,1
Shisa5,0.045807812,0.295987012,0.813,0.726,1
Ppp2r5d,0.045908905,-0.553664248,0.54,0.628,1
Lgals8,0.045940232,-0.214416229,0.914,0.915,1
Tecpr1,0.04594973,0.189986173,0.77,0.622,1
Sncb,0.046020004,0.196185245,0.476,0.354,1
Arl2bp,0.046021369,0.280068188,0.941,0.909,1
Cep85l,0.046028205,-0.435391797,0.551,0.616,1
Tmem9b,0.04604814,-0.232105923,0.909,0.915,1
Paqr7,0.046067725,-0.439446846,0.481,0.53,1
Ly6c1,0.04607577,0.658399493,0.091,0.037,1
Gadd45a,0.046082164,0.238464265,0.754,0.659,1
Tmem150c,0.046096526,-0.378855109,0.786,0.756,1
Pik3c3,0.046138686,-0.57499782,0.439,0.494,1
Rad51c,0.046154859,-0.843277934,0.075,0.14,1
Tnfaip3,0.046165119,-1.065876816,0.053,0.11,1
Foxd3,0.046263688,0.72414419,0.166,0.091,1
Ahnak2,0.046391562,0.170530202,0.941,0.945,1
Gpn3,0.046447943,-0.74179738,0.214,0.28,1
Tmem29,0.046448086,0.28472437,0.84,0.762,1
Tbxas1,0.046468567,-1.078075595,0.016,0.055,1
Sec13,0.046499892,0.221527423,0.679,0.537,1
Klf13,0.046565438,-0.192151862,0.936,0.951,1
5-Mar,0.046597704,0.193578643,0.909,0.86,1
Traf6,0.046636232,0.688333283,0.219,0.134,1
Apbb1,0.046636834,-0.153706646,0.963,0.957,1
Cox10,0.046667529,0.313900614,0.481,0.354,1
Mcoln1,0.046701904,-0.494468207,0.283,0.372,1
Tnnt1,0.046722618,-1.17718693,0.048,0.104,1
Osbpl2,0.046736853,-0.416341664,0.561,0.616,1
Rps25,0.0467596,0.123383095,0.984,0.982,1
Rrp36,0.046775979,-0.396691025,0.38,0.451,1
Sv2c,0.046814764,-0.245940389,0.898,0.939,1
Emc9,0.046861696,0.265935705,0.866,0.817,1
Gal3st1,0.046871065,0.809033876,0.134,0.067,1
Adam22,0.046912335,-0.24821723,0.882,0.902,1
Snhg15,0.046957209,-0.682220191,0.128,0.201,1
Dok5,0.04709695,1.102745057,0.07,0.024,1
Elovl2,0.047097562,0.941946598,0.08,0.03,1
Tpst2,0.04711337,0.472046767,0.428,0.323,1
5730409E04Rik,0.047116745,-0.388101658,0.54,0.616,1
Zfp609,0.047165819,-0.507753952,0.535,0.579,1
Usp10,0.04718961,-0.245504177,0.642,0.726,1
Dennd4b,0.047194151,-0.654102313,0.299,0.372,1
Ppp1r3f,0.047253831,-0.651834585,0.31,0.372,1
A730020E08Rik,0.047261111,-0.464703668,0.465,0.518,1
Mrpl12,0.047294828,0.205907921,0.92,0.878,1
Patj,0.047302967,0.319571728,0.273,0.165,1
Fam189a2,0.047374429,-1.006526068,0.267,0.335,1
2600006K01Rik,0.047390073,0.811011213,0.08,0.03,1
1810010H24Rik,0.047499199,0.768093177,0.155,0.085,1
Zfp597,0.047512796,-0.681996322,0.337,0.402,1
Ift74,0.047522795,0.331244979,0.508,0.378,1
Slc12a2,0.047530666,0.361378391,0.711,0.598,1
Tasor2,0.047549216,-0.582722294,0.235,0.323,1
Atad3a,0.047631413,0.370494258,0.332,0.226,1
Samd10,0.047638152,0.384620261,0.594,0.506,1
Nmrk1,0.047647913,-0.614917828,0.305,0.372,1
Hexim2,0.047659253,0.501373143,0.166,0.091,1
Atcay,0.047659451,-0.445481892,0.545,0.567,1
Oxsr1,0.047699712,-0.294918986,0.439,0.537,1
Gm48742,0.047832286,-0.456711048,0.283,0.372,1
Gzf1,0.04788506,-0.558876878,0.289,0.372,1
Gm10130,0.04797968,0.777785071,0.08,0.03,1
Cacna1a,0.048031449,-0.214301197,0.904,0.915,1
Itgb5,0.048050175,0.957842912,0.07,0.024,1
Sdhaf1,0.048085014,0.231737438,0.717,0.622,1
2810029C07Rik,0.048127804,-1.426734109,0.032,0.079,1
Mcm4,0.048143368,0.574727895,0.251,0.159,1
Nfat5,0.04814855,-0.26486367,0.856,0.841,1
Gdpd1,0.048190664,0.416675702,0.684,0.543,1
Stom,0.048193541,-0.315739847,0.631,0.652,1
Snx2,0.048341117,-0.262660923,0.701,0.72,1
Ankrd49,0.048365325,0.328736469,0.588,0.463,1
Znhit1,0.048409524,0.179584986,0.963,0.963,1
F2rl2,0.048433175,0.188941611,0.92,0.884,1
Klhl12,0.048441106,-0.514577892,0.545,0.579,1
Fam214b,0.048537503,0.335277069,0.54,0.433,1
Renbp,0.048619491,1.195168102,0.037,0.006,1
Galnt5,0.048667325,-0.306171498,0.61,0.665,1
Zkscan17,0.048694623,0.995229515,0.07,0.024,1
Sec11a,0.048702667,0.335681633,0.647,0.61,1
Ank3,0.048715001,0.188583422,0.984,0.976,1
Yaf2,0.048753918,-0.335220083,0.781,0.768,1
Ubn2,0.048826887,-0.387824281,0.775,0.817,1
Abhd11,0.048871874,0.297194478,0.77,0.677,1
Hmbs,0.048899221,0.212149525,0.417,0.299,1
Lypla1,0.048912518,-0.459732349,0.535,0.579,1
Nnat,0.048985576,-0.418807493,0.294,0.36,1
Zfp677,0.048996067,0.540118645,0.118,0.055,1
Ptpra,0.049008102,0.256537268,0.92,0.909,1
Chd6,0.049017805,-0.34130903,0.775,0.848,1
Socs7,0.049050317,-0.276848019,0.652,0.768,1
Xpnpep3,0.049079502,0.430966746,0.38,0.274,1
Zbtb25,0.049117575,-0.511798399,0.209,0.293,1
Egr3,0.049121564,0.840673801,0.139,0.073,1
Tomm7,0.049138893,-0.108921702,0.984,0.982,1
Tmem182,0.049177398,0.907953473,0.08,0.03,1
Stk24,0.049181585,-0.396092131,0.642,0.677,1
Pik3ca,0.049280907,-0.234970987,0.877,0.872,1
Ccl2,0.049286708,-0.680943381,0.166,0.244,1
Ndufs4,0.049290005,0.137268747,0.925,0.945,1
Tmem266,0.049358341,-1.105512663,0.032,0.079,1
Satb2,0.049558327,1.143694121,0.037,0.006,1
Fgl2,0.049558327,1.474608682,0.037,0.006,1
Pigk,0.0495642,-0.144272111,0.957,0.994,1
Rhoj,0.049703354,0.707823057,0.187,0.11,1
Tln2,0.049752017,-0.172952689,0.872,0.896,1
Piezo1,0.049785604,0.932272421,0.08,0.03,1
Pold4,0.049786142,0.242847394,0.872,0.823,1
Mrps6,0.049825095,0.1980386,0.872,0.774,1
Aldh5a1,0.049894519,-0.638046702,0.326,0.384,1
Cd9,0.049934268,0.196650096,1,0.994,1
Lemd3,0.049938411,-0.444252691,0.417,0.494,1
Rock2,0.04999553,-0.262333458,0.882,0.915,1
Mettl1,0.050031002,0.210276627,0.604,0.476,1
Asic4,0.050033418,1.407486626,0.037,0.006,1
Dio2,0.050033418,1.006419259,0.037,0.006,1
Casp4,0.050092065,0.642472933,0.08,0.03,1
Perp,0.050098378,0.739854506,0.187,0.11,1
Gm28905,0.050120353,-0.682900317,0.123,0.195,1
Eif2s1,0.050124991,0.383902505,0.717,0.585,1
Gtpbp6,0.050140565,0.234860626,0.759,0.677,1
Gak,0.050176973,-0.325440953,0.786,0.805,1
Med20,0.050197338,-0.524467729,0.31,0.378,1
Xaf1,0.050216217,-0.404672899,0.636,0.701,1
Rnf5,0.050295212,-0.270688494,0.781,0.793,1
Dusp12,0.050331323,0.470367693,0.337,0.238,1
Gm28320,0.050337557,0.966386905,0.07,0.024,1
Blmh,0.050459024,0.241997884,0.856,0.75,1
Usp8,0.050508062,-0.128712915,0.759,0.774,1
Cep250,0.050535028,-0.355648993,0.449,0.5,1
Pgpep1,0.050598893,-0.264084047,0.406,0.482,1
Fbxo17,0.050671657,0.939257436,0.07,0.024,1
Orc4,0.0507232,-0.560865687,0.497,0.555,1
Cdh6,0.050878531,0.525584457,0.235,0.146,1
Chd4,0.050918281,-0.184949389,0.957,0.957,1
Gm42659,0.05099506,0.911426698,0.037,0.006,1
Sfxn3,0.051006713,0.291239009,0.695,0.573,1
Crym,0.051007614,0.96210568,0.07,0.024,1
Hspb8,0.051052244,-0.133708872,0.989,0.982,1
Stag1,0.051142622,-0.260137896,0.717,0.756,1
Gm15559,0.051289623,-0.444288891,0.401,0.476,1
Ltbp4,0.051333767,0.452280751,0.08,0.03,1
Tdrd5,0.051345434,0.95443565,0.07,0.024,1
Gm14164,0.051345434,0.992035863,0.07,0.024,1
Jag2,0.051355103,-0.371581825,0.561,0.579,1
Riok3,0.051385957,-0.329395782,0.786,0.86,1
Arf4,0.051387138,-0.241042073,0.882,0.927,1
Scaf8,0.051389288,-0.368845949,0.561,0.616,1
Gm14403,0.051407136,-0.617292458,0.273,0.36,1
Naxe,0.051470217,0.241808487,0.754,0.646,1
4930539E08Rik,0.051481655,0.939559389,0.037,0.006,1
Rcc1l,0.051501748,0.702799389,0.187,0.11,1
Yif1a,0.051538751,0.42773782,0.679,0.567,1
Thyn1,0.051571345,0.511502983,0.567,0.482,1
Tbcel,0.051588335,0.200146646,0.658,0.543,1
Gla,0.051596956,-0.79950022,0.112,0.183,1
Wwtr1,0.051602284,0.776069735,0.193,0.116,1
Zfp513,0.051611164,0.416324535,0.235,0.14,1
Slitrk3,0.051753236,-0.746908069,0.187,0.262,1
Snx29,0.051766831,-0.484260676,0.476,0.518,1
Virma,0.051784164,-0.127138195,0.396,0.463,1
Gm4117,0.051827199,-0.978739329,0.07,0.128,1
Fzd7,0.051964217,0.817848589,0.08,0.03,1
Mgat5b,0.051972131,0.663106647,0.037,0.006,1
Kcnv1,0.051972131,0.85127712,0.037,0.006,1
Stk40,0.052005185,0.388207837,0.519,0.39,1
Rab7,0.052190372,0.149088347,0.984,0.97,1
Ppp4r2,0.052220815,-0.435153631,0.706,0.732,1
4930533B01Rik,0.052222645,1.480709163,0.096,0.043,1
9330151L19Rik,0.052293092,-1.293758148,0.128,0.201,1
Pom121,0.052311631,-0.269159701,0.743,0.75,1
Ice1,0.052314192,-0.295965397,0.615,0.677,1
Tmem252,0.052328104,1.522469352,0.048,0.012,1
Osbpl11,0.052423069,-0.452939808,0.481,0.53,1
Vmn2r85,0.052550602,-1.006760597,0.032,0.079,1
Nrip3,0.052571495,0.136887783,0.979,0.951,1
Tmem242,0.052598078,-0.282042564,0.834,0.817,1
Braf,0.052674671,-0.261578394,0.824,0.86,1
Abcb1a,0.052742638,-0.462361417,0.476,0.524,1
Sult2b1,0.052753713,0.94064531,0.048,0.012,1
Slco3a1,0.052861417,0.282160769,0.337,0.226,1
Pla2r1,0.052891163,-0.301005866,0.059,0.018,1
Naip1,0.052906792,0.668992757,0.15,0.079,1
Zfp365,0.05295526,-0.331192562,0.615,0.659,1
Gm21860,0.0529585,-1.125066678,0.037,0.085,1
Slc6a19,0.05296255,0.377576162,0.246,0.165,1
Gar1,0.052997842,0.38530423,0.54,0.427,1
Vps35l,0.053050016,-0.284443528,0.583,0.677,1
Rffl,0.053104904,-0.724801181,0.348,0.427,1
Bscl2,0.053182124,0.142232081,0.856,0.78,1
Gm26964,0.053182212,1.163100786,0.048,0.012,1
Rasl10b,0.053209341,-0.961156087,0.032,0.079,1
Wdr44,0.053211875,-0.364088225,0.636,0.689,1
Cebpz,0.053242452,0.136889584,0.765,0.579,1
Mon1b,0.0533279,0.420650365,0.305,0.213,1
Pnisr,0.053367974,-0.339661714,0.754,0.793,1
Gm15952,0.05347895,-1.055455811,0.086,0.146,1
Cnot2,0.053501042,-0.441565673,0.636,0.646,1
Rundc3a,0.053579322,0.175735498,0.957,0.909,1
Klf9,0.053606862,0.15232086,0.968,0.957,1
Tfam,0.053644663,0.398486186,0.396,0.293,1
Atp11c,0.053680203,-0.23296294,0.743,0.762,1
Tyw5,0.053744968,0.492701719,0.316,0.207,1
Gm17501,0.05378982,-0.379988022,0.358,0.451,1
Gm17259,0.053800615,-1.196800432,0.08,0.14,1
Clip4,0.053887076,0.119045999,0.909,0.89,1
5430405H02Rik,0.053904578,0.524238092,0.348,0.244,1
Tubg1,0.053943784,0.427286669,0.529,0.421,1
Cacnb1,0.053945643,0.36717701,0.674,0.543,1
Chac2,0.054014511,-0.474253338,0.487,0.549,1
Gprin3,0.054030042,-0.475474084,0.294,0.384,1
Hspb2,0.054044557,1.122351012,0.059,0.018,1
Gm35315,0.054047936,1.007022547,0.048,0.012,1
Dlec1,0.054047936,1.009088325,0.048,0.012,1
Gm49893,0.054047936,0.976393368,0.048,0.012,1
Ly6a,0.054115986,0.713102857,0.07,0.024,1
Ak2,0.054149611,0.327614551,0.765,0.634,1
Tef,0.054217562,-0.241845737,0.647,0.701,1
Fam169b,0.05422944,-1.248184046,0.037,0.085,1
Klf10,0.054331186,0.414642,0.588,0.482,1
Abhd3,0.05435189,-0.933343812,0.07,0.128,1
Gm16223,0.054485189,0.896502107,0.048,0.012,1
Tspan14,0.054503494,-0.706677016,0.251,0.323,1
Tspan33,0.054549429,-0.64224629,0.139,0.213,1
Tmod1,0.054566302,-0.213773379,0.941,0.927,1
Fam149a,0.054570953,0.303775347,0.658,0.518,1
Add3,0.054578341,0.344090724,0.695,0.579,1
Svil,0.054581833,-0.158623507,0.797,0.817,1
Hacl1,0.054602662,-1.342524992,0.118,0.183,1
Htr3b,0.054657453,0.933001044,0.267,0.195,1
Rell1,0.054671339,0.282188435,0.305,0.201,1
Mgat1,0.054684867,-0.402000657,0.578,0.616,1
Rwdd4a,0.05476004,0.260359301,0.524,0.396,1
Mtch2,0.054765527,0.204347755,0.952,0.915,1
Smim18,0.05482509,0.86291167,0.059,0.018,1
Uba2,0.054830668,-0.323312518,0.77,0.799,1
Gba2,0.054830809,-0.821793857,0.139,0.207,1
Gm10138,0.054914956,-0.866666881,0.112,0.177,1
Gm41396,0.05492539,0.978856538,0.048,0.012,1
Ubald1,0.054945933,-0.348851605,0.845,0.829,1
Rpl4,0.054998486,0.133178659,0.979,0.982,1
Dpp10,0.055199261,-1.101204606,0.037,0.085,1
Ccdc8,0.055199261,-1.082047551,0.037,0.085,1
Gm26618,0.055199261,-1.237039484,0.037,0.085,1
Slc1a6,0.055273609,-0.743385311,0.096,0.165,1
Klhl24,0.055281651,-0.287474102,0.717,0.726,1
Zfyve16,0.055351393,-0.651071091,0.289,0.348,1
Ppp3cc,0.055379932,0.328636033,0.396,0.28,1
Vps36,0.055395345,0.185369587,0.861,0.793,1
Nab2,0.055456318,0.771693681,0.096,0.043,1
Mrps31,0.055465694,-0.513411611,0.289,0.36,1
Prim2,0.055536345,0.517858927,0.182,0.104,1
Adam9,0.055550511,-0.56030407,0.578,0.579,1
Pdcl,0.055567855,-0.278076318,0.706,0.72,1
Zfp882,0.055569481,-0.752770369,0.032,0.079,1
Gm16153,0.055615001,-1.301824819,0.021,0.061,1
Espn,0.055646511,-1.446696132,0.011,0.043,1
Gm13844,0.055646511,-1.454870049,0.011,0.043,1
D130079A08Rik,0.055652224,-0.978413764,0.07,0.128,1
Tmem196,0.055814689,0.837769351,0.048,0.012,1
Gm20342,0.055830774,-1.101061613,0.043,0.091,1
Lrrc4c,0.05600952,-0.257986068,0.856,0.829,1
4930578G10Rik,0.056013499,0.875581983,0.059,0.018,1
Rnf219,0.056119908,-0.301375573,0.508,0.555,1
2310047D07Rik,0.056140541,-1.241821828,0.011,0.043,1
Cpsf4l,0.056140541,-1.194352299,0.011,0.043,1
Mfap5,0.056263817,1.013625638,0.048,0.012,1
Rps3,0.056279236,0.111940014,0.989,0.982,1
Ubap1l,0.056514805,-1.096406837,0.037,0.085,1
Plxna4,0.056584872,0.596944958,0.273,0.177,1
Gm29100,0.056638219,-1.273973695,0.011,0.043,1
Mtbp,0.056638219,-1.279156348,0.011,0.043,1
Lncbate10,0.056638219,-1.311113963,0.011,0.043,1
Hist1h4c,0.056641525,1.083551445,0.07,0.024,1
Lrrcc1,0.056689396,-0.870541233,0.278,0.348,1
Cog7,0.056707412,-0.329924463,0.412,0.476,1
Cul9,0.056730975,-0.103006785,0.433,0.537,1
Mindy3,0.056799469,-0.179306822,0.936,0.945,1
Nptx1,0.056817629,0.803414171,0.059,0.018,1
Scai,0.056881201,-0.425205248,0.556,0.61,1
Nedd9,0.05688848,-0.397069631,0.251,0.354,1
Dennd5b,0.056921782,-0.113399878,0.727,0.756,1
Plxnd1,0.056975123,-0.426284594,0.321,0.402,1
Marveld1,0.057025885,0.460977776,0.449,0.341,1
Pcsk4,0.057139563,-1.518307337,0.011,0.043,1
Rapgef2,0.057161098,-0.326023393,0.513,0.579,1
Syp,0.057510154,-0.17480806,0.968,0.963,1
Scrn1,0.057561344,0.24400232,0.957,0.927,1
Etfb,0.057627071,0.219709924,0.957,0.921,1
Ccdc63,0.057629289,0.715550074,0.048,0.012,1
Gm20751,0.057631343,-1.137513439,0.021,0.061,1
Hecw2,0.057702952,0.397408756,0.321,0.22,1
Sipa1l1,0.057741319,0.582842518,0.337,0.256,1
Api5,0.057799508,-0.126968878,0.679,0.72,1
Guk1,0.05786168,-0.105347483,0.979,0.988,1
Stat6,0.0578634,-0.363096841,0.604,0.646,1
Mvk,0.057980212,0.404410287,0.861,0.817,1
Phf2,0.057999922,-0.429106568,0.332,0.409,1
Wdfy2,0.058003651,-0.402860728,0.663,0.665,1
Grm8,0.058041818,-0.992841761,0.021,0.061,1
Itpr1,0.058121726,0.242051511,0.834,0.762,1
Gm26839,0.058126835,-0.642426658,0.128,0.201,1
Fam3a,0.05819587,0.482451569,0.364,0.256,1
Hic2,0.058212445,-0.914092734,0.102,0.165,1
Samhd1,0.058222,-0.445119929,0.62,0.628,1
Nrg4,0.058287875,-0.873252086,0.112,0.177,1
Rnf25,0.058315053,0.317347905,0.369,0.262,1
Mtdh,0.058345969,0.177698111,0.909,0.848,1
Nlgn3,0.058358177,-0.381947694,0.46,0.518,1
Taf5,0.058371776,0.478647891,0.257,0.171,1
Gm48605,0.058454721,-1.131562476,0.021,0.061,1
Kpna4,0.058479132,-0.135803003,0.775,0.811,1
Snx4,0.058549711,-0.263662469,0.775,0.811,1
Dzip1l,0.058554823,0.312661642,0.048,0.012,1
Gm14410,0.058582554,-0.923294996,0.118,0.183,1
Notch1,0.05858916,0.327732204,0.31,0.201,1
Gm45311,0.05862365,1.299365854,0.086,0.037,1
Irgm1,0.058628622,-0.718546231,0.166,0.238,1
Prkab2,0.0586695,0.202741271,0.797,0.707,1
Parva,0.058700082,-0.10194401,0.861,0.878,1
Lrfn4,0.058748926,0.495948957,0.257,0.165,1
Pcdhb13,0.058822309,0.463799031,0.112,0.055,1
Fitm2,0.058891607,0.453498553,0.61,0.482,1
Zmiz2,0.058901547,0.231777901,0.898,0.811,1
Adcy2,0.058902224,-0.355694737,0.807,0.896,1
Dtd2,0.058906547,-0.39408055,0.444,0.512,1
Arf5,0.059055426,0.121036004,0.984,0.988,1
Nol3,0.05912371,0.165578955,0.973,0.97,1
Eif2b4,0.059144557,-0.409809346,0.513,0.579,1
1110046J04Rik,0.059161497,0.308658089,0.861,0.799,1
Ccdc189,0.059181992,-1.108490568,0.011,0.043,1
Sst,0.059181992,-1.134891208,0.011,0.043,1
Depdc5,0.059219713,-0.252388748,0.786,0.768,1
Ebag9,0.059237143,-0.315297688,0.535,0.591,1
Atg9a,0.05923921,0.23706197,0.69,0.628,1
Map7,0.059245054,-0.196935608,0.941,0.945,1
Aldh4a1,0.059297207,-0.575968569,0.289,0.378,1
Hr,0.059329046,-0.498638044,0.251,0.323,1
Parl,0.059355565,0.244871824,0.77,0.677,1
Celf1,0.059385431,-0.234986108,0.898,0.921,1
Tmed2,0.059398525,-0.214140661,0.861,0.854,1
2310033P09Rik,0.059427012,-0.346199805,0.513,0.561,1
Rhd,0.059454091,-0.761223543,0.032,0.079,1
Commd7,0.059491814,0.272337801,0.802,0.726,1
Nudt13,0.059626882,0.603603779,0.267,0.183,1
Fkbp11,0.059635847,0.925021721,0.086,0.037,1
Minar2,0.059709285,-0.26004508,0.925,0.921,1
Kat2a,0.059766633,-0.574564692,0.406,0.476,1
Apoc1,0.059850854,0.872804166,0.128,0.067,1
Rbm6,0.059931503,-0.343114598,0.642,0.695,1
Metrn,0.060019302,0.567259633,0.283,0.195,1
Atp13a1,0.060054778,0.388075945,0.241,0.152,1
Cd276,0.060133213,0.654595493,0.096,0.043,1
Col6a4,0.060184843,-1.239415374,0.086,0.146,1
Dmd,0.060194072,-0.233082391,0.834,0.835,1
Eif2b3,0.060219488,1.132731929,0.374,0.274,1
Lpar2,0.060360906,0.863704066,0.021,0,1
Gm973,0.060361433,1.372738165,0.021,0,1
Gm13293,0.060361433,1.004901937,0.021,0,1
Fap,0.060361433,0.829367021,0.021,0,1
1700003F12Rik,0.060361433,0.883026359,0.021,0,1
Il21,0.060361433,0.785607348,0.021,0,1
Fgg,0.060361433,0.73909093,0.021,0,1
Gm40190,0.060361433,0.845560972,0.021,0,1
4930534D22Rik,0.060361433,0.861514186,0.021,0,1
Gm43403,0.060361433,0.892797656,0.021,0,1
Clca3a1,0.060361433,0.767309326,0.021,0,1
Gm12679,0.060361433,0.79033129,0.021,0,1
Foxd2os,0.060361433,1.002824768,0.021,0,1
Fhl3,0.060361433,0.841526163,0.021,0,1
Myom3,0.060361433,0.809812876,0.021,0,1
Pla2g2d,0.060361433,0.870941937,0.021,0,1
Gm13203,0.060361433,0.667237416,0.021,0,1
Gm29707,0.060361433,0.818382143,0.021,0,1
Dnah6,0.060361433,1.322934983,0.021,0,1
Spx,0.060361433,1.107986161,0.021,0,1
Lair1,0.060361433,0.836598772,0.021,0,1
Cxcl17,0.060361433,1.083453026,0.021,0,1
Gm9885,0.060361433,0.864205877,0.021,0,1
Trim6,0.060361433,1.281563749,0.021,0,1
Gm45304,0.060361433,0.674541149,0.021,0,1
Comp,0.060361433,0.822301689,0.021,0,1
Gm3830,0.060361433,0.989510767,0.021,0,1
Plet1,0.060361433,0.770760806,0.021,0,1
Snx22,0.060361433,0.889325966,0.021,0,1
Rab32,0.060361433,1.001760666,0.021,0,1
4930405J17Rik,0.060361433,0.753172213,0.021,0,1
Gm36208,0.060361433,0.798826504,0.021,0,1
4930505A04Rik,0.060361433,1.023289429,0.021,0,1
Cct6b,0.060361433,0.666068371,0.021,0,1
Dnah11,0.060361433,0.729717217,0.021,0,1
Tes3-ps,0.060361433,0.739432572,0.021,0,1
Pfn3,0.060361433,0.86076585,0.021,0,1
Zfp488,0.060361433,0.74378199,0.021,0,1
Ccdc152,0.060361433,0.894998533,0.021,0,1
Gm16618,0.060361433,0.626628542,0.021,0,1
Gm16310,0.060361433,0.740086967,0.021,0,1
Bace2,0.060361433,0.942974243,0.021,0,1
Gm17657,0.060361433,1.360762164,0.021,0,1
A530088E08Rik,0.060361433,0.871960332,0.021,0,1
4833419F23Rik,0.060361433,1.05094647,0.021,0,1
Lipg,0.060361433,0.951417077,0.021,0,1
Gm50323,0.060361433,1.296121924,0.021,0,1
Gm14698,0.060361433,0.750666873,0.021,0,1
Adar,0.060401472,-0.328525038,0.717,0.768,1
Gm27003,0.060555993,0.213276131,0.021,0.061,1
Gm43111,0.060555993,-1.010847472,0.021,0.061,1
Cdadc1,0.060661181,-0.237798337,0.765,0.793,1
Cpxm1,0.060702248,1.073953234,0.139,0.073,1
Oas1g,0.06075327,-1.001325002,0.011,0.043,1
Atg16l1,0.060756961,-0.374244245,0.449,0.518,1
Prps1,0.06076503,0.16496485,0.893,0.817,1
Palm3,0.060818169,0.333877427,0.492,0.384,1
Tnfsf13b,0.061023941,-1.057472296,0.075,0.134,1
Pdlim4,0.061094842,0.586897346,0.203,0.128,1
Mical1,0.061105027,0.101340156,0.273,0.165,1
Capn2,0.061107035,0.114791665,0.941,0.933,1
Ppard,0.06110857,0.518463272,0.176,0.104,1
Dusp18,0.061128875,0.527211006,0.294,0.189,1
Bckdk,0.061167575,0.452302899,0.406,0.287,1
Usp29,0.061167575,-0.389478911,0.31,0.396,1
Gm17494,0.061169405,-0.621255993,0.096,0.159,1
Cog3,0.061170016,-0.668789426,0.278,0.348,1
Pcif1,0.061170873,0.336010765,0.749,0.671,1
Trp53i13,0.061182822,-0.166299829,0.545,0.604,1
Insig1,0.061263633,0.29151778,0.861,0.762,1
Xpot,0.061305152,-0.387955864,0.652,0.707,1
Cadps,0.061357123,-0.133080474,0.979,0.988,1
Exoc5,0.061374531,0.237820178,0.824,0.811,1
Smc4,0.061395455,0.45165937,0.481,0.366,1
Rabif,0.061422936,0.217640498,0.738,0.616,1
Slc43a3,0.061422936,-0.242391565,0.652,0.713,1
Nlk,0.061523314,-0.250904555,0.877,0.866,1
Rcc1,0.061552485,-0.863101674,0.091,0.152,1
Tprn,0.061589503,0.633191967,0.176,0.104,1
Matn4,0.061589503,0.681105732,0.176,0.104,1
Kcnj10,0.061710322,0.555946929,0.289,0.195,1
Zfp579,0.061749578,0.417899014,0.337,0.244,1
Dync1i1,0.061753149,-0.447547234,0.615,0.61,1
Ncmap,0.061763066,0.509064756,0.096,0.043,1
Snrnp25,0.061812682,0.243083398,0.85,0.768,1
AI847159,0.061819872,-0.93542438,0.011,0.043,1
Wdr83os,0.061939539,0.193411726,0.979,0.951,1
Slc7a4,0.061963502,-0.752743838,0.283,0.36,1
Tial1,0.061982984,-0.191838668,0.652,0.689,1
Sox3,0.06205411,1.093892765,0.086,0.037,1
Tmem248,0.062081047,0.486622025,0.674,0.549,1
Map4k4,0.062121182,0.154574269,0.925,0.878,1
Ndufaf5,0.062200534,0.336772635,0.471,0.366,1
Cpeb2,0.062279252,-0.172765136,0.92,0.89,1
Arrdc3,0.062287919,-0.464977378,0.348,0.427,1
Map3k4,0.06230011,-0.321019622,0.626,0.689,1
Grxcr1,0.062358958,-0.581167256,0.011,0.043,1
Cacnb2,0.062466568,0.830421532,0.267,0.177,1
Trappc9,0.06253358,-0.189315369,0.786,0.817,1
9530068E07Rik,0.062617607,-0.110719518,0.727,0.756,1
Zc3h12b,0.062626034,-0.468837884,0.31,0.384,1
Pole,0.062675448,0.283976308,0.155,0.085,1
Ptcd3,0.062761178,-0.780574479,0.321,0.39,1
Bcas3os1,0.062838487,-1.907172037,0.07,0.128,1
Prxl2b,0.062863491,0.12941371,0.925,0.878,1
Nr2f2,0.062885072,0.343531154,0.658,0.543,1
Ifih1,0.062923477,-0.717423512,0.171,0.244,1
Reep2,0.063004269,0.13344594,0.898,0.841,1
Cenpm,0.063009034,0.556188305,0.209,0.128,1
Pros1,0.063121287,0.451997814,0.203,0.122,1
Gstt2,0.063294217,-0.611523613,0.353,0.409,1
Serping1,0.06331623,0.242736943,0.872,0.799,1
9130401M01Rik,0.063346484,0.315401883,0.684,0.549,1
R3hcc1l,0.063356888,-0.431518398,0.508,0.567,1
Zswim8,0.063399028,-0.306316648,0.62,0.652,1
Zfp524,0.063402185,0.413200642,0.369,0.262,1
Trpm2,0.063580728,-0.581027616,0.251,0.317,1
Nvl,0.063759322,-0.456222401,0.406,0.488,1
Gm28557,0.063766981,0.634895684,0.096,0.043,1
Ncoa5,0.063800083,-0.424499777,0.487,0.524,1
Hscb,0.063863546,0.539717733,0.396,0.287,1
Hmg20b,0.063896642,0.36930611,0.781,0.683,1
Phf13,0.064041972,0.376704819,0.396,0.287,1
Bbs1,0.064073733,-0.572296443,0.289,0.36,1
Ptp4a1,0.064097278,-1.133605848,0,0.018,1
Ptpn18,0.064097278,-2.299031397,0,0.018,1
Gm16150,0.064097278,-0.992078276,0,0.018,1
Rnf152,0.064097278,-1.158279438,0,0.018,1
Gm28513,0.064097278,-1.007470319,0,0.018,1
Fgf7,0.064097278,-1.022801329,0,0.018,1
Ccdc169,0.064097278,-1.027187953,0,0.018,1
Hormad1,0.064097278,-1.128668937,0,0.018,1
Gm43646,0.064097278,-1.171475188,0,0.018,1
Gm15577,0.064097278,-0.95262176,0,0.018,1
Fsbp,0.064097278,-1.266076314,0,0.018,1
Tal2,0.064097278,-0.957377577,0,0.018,1
Skint5,0.064097278,-1.073321865,0,0.018,1
Tal1,0.064097278,-1.551919743,0,0.018,1
Gm26716,0.064097278,-1.178654848,0,0.018,1
Ptafr,0.064097278,-1.076118708,0,0.018,1
Cox7b2,0.064097278,-1.361717423,0,0.018,1
Gm42918,0.064097278,-1.086702543,0,0.018,1
Pitpnm2os1,0.064097278,-1.204967631,0,0.018,1
Gm43598,0.064097278,-1.075644166,0,0.018,1
Gm44089,0.064097278,-0.934364806,0,0.018,1
Gm44957,0.064097278,-1.14948403,0,0.018,1
Gm45069,0.064097278,-1.481821545,0,0.018,1
Mypopos,0.064097278,-0.969525179,0,0.018,1
Gm28307,0.064097278,-1.12484,0,0.018,1
Zfp473,0.064097278,-1.05143259,0,0.018,1
Abcc8,0.064097278,-1.143608946,0,0.018,1
Gm30873,0.064097278,-1.127279438,0,0.018,1
Ccdc89,0.064097278,-0.828089153,0,0.018,1
Kcnq1,0.064097278,-1.128735956,0,0.018,1
Gm39168,0.064097278,-1.191193943,0,0.018,1
Cbln1,0.064097278,-1.328545065,0,0.018,1
Gm31805,0.064097278,-1.470274312,0,0.018,1
Gm45833,0.064097278,-1.110764366,0,0.018,1
Gm16853,0.064097278,-2.958594325,0,0.018,1
Gm39323,0.064097278,-0.970828697,0,0.018,1
AY074887,0.064097278,-1.167353594,0,0.018,1
Tpbg,0.064097278,-1.029560019,0,0.018,1
Gm28959,0.064097278,-0.881677028,0,0.018,1
Acaa1b,0.064097278,-1.204181651,0,0.018,1
Tmem200a,0.064097278,-1.253521771,0,0.018,1
Ccn6,0.064097278,-1.100182903,0,0.018,1
Gm48671,0.064097278,-0.985726649,0,0.018,1
Derl3,0.064097278,-1.117332882,0,0.018,1
A130077B15Rik,0.064097278,-1.096822693,0,0.018,1
4931440F15Rik,0.064097278,-0.940986935,0,0.018,1
Gemin4,0.064097278,-1.184904823,0,0.018,1
Cdc6,0.064097278,-1.071661084,0,0.018,1
Gm48617,0.064097278,-1.124204447,0,0.018,1
Gm4756,0.064097278,-0.926984605,0,0.018,1
4930595D18Rik,0.064097278,-1.080565534,0,0.018,1
Gm47423,0.064097278,-0.999718392,0,0.018,1
Taf9,0.064097278,-1.122514024,0,0.018,1
Gm2822,0.064097278,-1.12811873,0,0.018,1
Gm48949,0.064097278,-1.046243117,0,0.018,1
Stc1,0.064097278,-1.040052503,0,0.018,1
Kctd4,0.064097278,-1.015703661,0,0.018,1
Gm27198,0.064097278,-0.985594686,0,0.018,1
Gm27153,0.064097278,-1.266904941,0,0.018,1
Mafa,0.064097278,-0.973805298,0,0.018,1
Acr,0.064097278,-1.168597459,0,0.018,1
Gm15764,0.064097278,-1.209687835,0,0.018,1
Gm15591,0.064097278,-0.979092902,0,0.018,1
4930500H12Rik,0.064097278,-1.042472105,0,0.018,1
Gm15342,0.064097278,-1.085888792,0,0.018,1
4930452A19Rik,0.064097278,-1.271234718,0,0.018,1
Gm36199,0.064097278,-1.106685397,0,0.018,1
Pcdha12,0.064097278,-1.053381267,0,0.018,1
Gm46637,0.064097278,-1.099870353,0,0.018,1
St8sia3os,0.064097278,-1.109895092,0,0.018,1
Gm34922,0.064097278,-1.567813348,0,0.018,1
Gm14820,0.064097278,-0.999529641,0,0.018,1
Zfp185,0.064097278,-1.165945115,0,0.018,1
Tktl1,0.064097278,-1.242550934,0,0.018,1
Gm44593,0.064097278,-1.184771231,0,0.018,1
Npepps,0.064182065,-0.159532845,0.968,0.963,1
Arhgap21,0.06428177,-0.25748662,0.834,0.854,1
Zc3hav1,0.06431615,-0.301562349,0.572,0.646,1
Hdac2,0.064335906,-0.239711085,0.824,0.878,1
Gba,0.06436285,-0.389291157,0.246,0.317,1
Ppp2r5b,0.064402663,0.136930847,0.963,0.945,1
Zfp36,0.064426878,-0.374630709,0.759,0.811,1
Esco1,0.06460076,-0.709162523,0.396,0.439,1
Vldlr,0.06465901,0.48615511,0.273,0.183,1
Mbd5,0.064701739,-0.308204294,0.77,0.756,1
Rmnd5a,0.064735363,-0.326840567,0.765,0.78,1
Parp10,0.064797979,-0.784311866,0.171,0.238,1
Gm29502,0.064816164,-1.099129793,0.064,0.116,1
Macrod2,0.064836372,-0.329893361,0.856,0.872,1
Vps13a,0.065042471,-0.196540424,0.893,0.872,1
B9d2,0.065171234,0.380731804,0.444,0.354,1
Dtnb,0.065233177,-0.566263633,0.535,0.567,1
Tut4,0.065240556,-0.431624582,0.647,0.659,1
N4bp1,0.065341041,-0.308502232,0.604,0.628,1
Selenom,0.065410384,0.12298052,0.989,0.988,1
Thbs3,0.065499493,0.650509449,0.182,0.11,1
Ammecr1l,0.065532082,0.306411072,0.561,0.463,1
Gpam,0.065676359,0.641478532,0.433,0.354,1
Pdia3,0.065688899,-0.296647813,0.882,0.896,1
Lgi4,0.065699774,0.491990855,0.273,0.183,1
Ccdc12,0.065914859,0.119438554,0.877,0.793,1
Ammecr1,0.065922214,0.49286484,0.187,0.11,1
Ccdc91,0.065950177,0.186370254,0.684,0.555,1
Col14a1,0.065998183,-0.974550767,0.048,0.098,1
Vps33a,0.066057429,-0.215564288,0.604,0.665,1
Hey2,0.066191413,0.522496469,0.348,0.25,1
Sh2d3c,0.066237116,-0.732849983,0.219,0.28,1
Thsd7b,0.066292001,-1.450144783,0.027,0.067,1
Kcnj16,0.066388222,1.028356237,0.086,0.037,1
Gmeb1,0.066409001,0.265291437,0.374,0.268,1
Mtif3,0.066442796,-0.47273979,0.209,0.293,1
Map3k6,0.066520862,0.476211359,0.251,0.159,1
Airn,0.066532696,0.235863427,0.235,0.146,1
B3galnt1,0.066536925,0.364647752,0.69,0.567,1
Hp1bp3,0.066556448,-0.165114655,0.952,0.945,1
Ttc12,0.066573338,-0.7183165,0.112,0.177,1
Pnrc1,0.066653597,-0.205658443,0.818,0.884,1
C530044C16Rik,0.066686831,-1.651651575,0.096,0.159,1
Flot1,0.066727063,0.132609766,0.979,0.957,1
Sapcd1,0.066760386,0.43564654,0.086,0.037,1
Ercc8,0.066807061,0.554332857,0.187,0.116,1
Smim20,0.066933938,0.208403433,0.802,0.677,1
Myrf,0.066946187,0.740451731,0.171,0.104,1
Ppm1e,0.066992492,1.129582554,0.118,0.061,1
Coq10a,0.067029695,0.374562742,0.583,0.488,1
Dpysl4,0.067142993,0.325380983,0.262,0.177,1
Unc80,0.067232019,-0.189420417,0.92,0.939,1
Znhit3,0.067247143,0.341126679,0.679,0.567,1
Gm9916,0.067254476,-0.829620849,0.187,0.25,1
Cst6,0.067256115,0.15580193,0.968,0.915,1
Tpst1,0.067312031,-0.444217461,0.46,0.482,1
C630043F03Rik,0.067398061,0.452279343,0.652,0.591,1
Arhgef26,0.067429743,0.934955756,0.134,0.073,1
Slx1b,0.067465421,-0.770965728,0.219,0.293,1
Smn1,0.067827374,-0.857161413,0.417,0.463,1
Arvcf,0.067886252,-0.30424908,0.738,0.732,1
Rabep1,0.067899099,-0.192611073,0.936,0.97,1
Tnfaip6,0.067900334,0.987596451,0.075,0.03,1
Ripor2,0.067917884,-1.15035682,0.053,0.104,1
Cpne1,0.067946429,-0.295978716,0.733,0.72,1
Hdhd3,0.067984501,0.510273295,0.128,0.067,1
Hmgxb3,0.067995574,-0.264947021,0.38,0.457,1
Dact2,0.068086536,-0.761136374,0.107,0.171,1
Impdh2,0.068152761,0.424024078,0.444,0.335,1
Lpin1,0.068236597,-0.244888754,0.813,0.89,1
Rsad1,0.068293471,0.330357007,0.182,0.11,1
8030462N17Rik,0.068304646,-0.367804379,0.529,0.537,1
Fgl1,0.068306583,0.855725335,0.075,0.03,1
Bbs12,0.068472562,-0.960998511,0.048,0.098,1
Eml1,0.068511718,-0.169938463,0.765,0.78,1
E130102H24Rik,0.068574239,-0.679401129,0.123,0.189,1
Uba5,0.068582814,0.165023092,0.642,0.518,1
Parp16,0.068598688,-1.8525114,0.075,0.128,1
Cyb5d1,0.068608776,-1.007788627,0.053,0.104,1
Hdac11,0.068634424,-0.284069015,0.802,0.829,1
Coa4,0.068734235,0.158252401,0.326,0.22,1
Cdk17,0.068748051,-0.16948489,0.765,0.805,1
Gm42722,0.068812933,-2.726566352,0.005,0.03,1
Fam220a,0.068812933,-1.152898046,0.005,0.03,1
Gm38825,0.068812933,-1.174152243,0.005,0.03,1
Gm47117,0.068812933,-1.73714894,0.005,0.03,1
Tspear,0.068812933,-1.473090331,0.005,0.03,1
Snhg4.1,0.068812933,-1.189370916,0.005,0.03,1
Slit1,0.068812933,-1.439826018,0.005,0.03,1
Zfp606,0.068851627,0.56835582,0.203,0.128,1
Psip1,0.068866839,-0.204659231,0.936,0.994,1
Dcaf5,0.069011979,-0.158300772,0.738,0.762,1
Klhdc1,0.069015059,-0.754906354,0.278,0.36,1
Cisd3,0.069019034,0.124032746,0.957,0.945,1
Fndc4,0.069019412,0.294413121,0.406,0.293,1
2610037D02Rik,0.069028453,-0.72280697,0.251,0.323,1
Pnmal1,0.069039461,0.343915544,0.428,0.317,1
Zfp638,0.069066264,-0.261846657,0.861,0.841,1
Pgf,0.069125077,0.941609918,0.075,0.03,1
Tsr1,0.069161279,0.462642935,0.299,0.213,1
Brat1,0.069229358,-0.7026027,0.128,0.195,1
Ctnna1,0.069307316,-0.216641184,0.93,0.927,1
Lpcat4,0.069424688,-1.126156495,0.091,0.146,1
Srsf9,0.069487566,-0.233613441,0.668,0.695,1
Stk33,0.069512378,0.404588423,0.16,0.091,1
Shank3,0.069528514,-0.982520089,0.075,0.128,1
Gm14211,0.069531574,-2.745495852,0.005,0.03,1
Gm43570,0.069531574,-1.145834311,0.005,0.03,1
Gm16054,0.069531574,-1.139013431,0.005,0.03,1
Tox3,0.069531574,-1.189620744,0.005,0.03,1
Fanca,0.069531574,-1.276896278,0.005,0.03,1
Gm45194,0.069531574,-1.262941603,0.005,0.03,1
Gm43597,0.069556106,-0.949565808,0.048,0.098,1
Zfp619,0.069556106,-0.943314237,0.048,0.098,1
Hmga1,0.069587533,-0.694745361,0.144,0.213,1
Jakmip1,0.069642471,-0.342413792,0.62,0.652,1
Zfp760,0.069691877,-0.340915684,0.374,0.445,1
1110032A03Rik,0.069750344,0.2691247,0.834,0.738,1
Cacna1b,0.069753992,0.127070486,0.973,0.945,1
Trmo,0.069815526,-1.033541904,0.027,0.067,1
Fnip2,0.069820608,-0.150999667,0.209,0.134,1
Cdk18,0.06983173,0.794572258,0.102,0.049,1
Cntn1,0.06989357,-0.263174151,0.241,0.329,1
Igbp1,0.069944395,-0.538838173,0.39,0.433,1
Gm15446,0.070001812,0.475025785,0.273,0.183,1
Il13ra1,0.070050568,0.383132961,0.599,0.494,1
Mad1l1,0.070084118,-0.659920892,0.257,0.323,1
Ehd4,0.070121869,0.256084607,0.759,0.677,1
Dhh,0.070141542,0.762590968,0.134,0.073,1
Smad7,0.070198572,0.434319195,0.299,0.201,1
Wdr6,0.070210256,-0.32690814,0.802,0.811,1
Snx1,0.070245683,-0.459988077,0.626,0.689,1
Gm38115,0.070256365,-1.083160208,0.005,0.03,1
Ninj2,0.070256365,-1.107199679,0.005,0.03,1
4930432B10Rik,0.070256365,-1.103637344,0.005,0.03,1
Mettl24,0.070256365,-0.948765503,0.005,0.03,1
Lim2,0.070361304,-1.013773757,0.053,0.104,1
Ism2,0.070367908,0.77139539,0.075,0.03,1
Pnma3,0.070588019,-0.931584805,0.096,0.159,1
Plekho2,0.070643998,0.257725695,0.717,0.591,1
Caml,0.070647958,0.23828036,0.77,0.683,1
Pcdhga3,0.070653689,-1.006442059,0.048,0.098,1
Gm48283,0.070686015,-0.944133271,0.059,0.11,1
Alkbh2,0.070695384,0.63196423,0.241,0.165,1
Ppp4r3a,0.070699633,-0.507480495,0.299,0.39,1
Slc35b3,0.070781126,-0.385519426,0.316,0.384,1
0610040J01Rik,0.070786237,0.967308255,0.075,0.03,1
Tent5a,0.070894167,0.59152019,0.102,0.049,1
Gabrg2,0.07090036,-0.809545707,0.235,0.323,1
Vip,0.07091143,-0.490515886,0.332,0.427,1
Tacc3,0.070918392,0.609311374,0.16,0.091,1
Gm6994,0.070919853,0.575244886,0.439,0.354,1
Tmem70,0.070948202,0.349938833,0.711,0.579,1
S100a7a,0.070987344,-1.119011838,0.005,0.03,1
Rmrp,0.070987344,-1.109518704,0.005,0.03,1
Gm16174,0.070987344,-1.037574903,0.005,0.03,1
Ube2e2,0.071120459,-0.15020988,0.925,0.951,1
Ecm1,0.071251245,0.619725036,0.102,0.049,1
Gm49067,0.071273803,0.873187366,0.091,0.043,1
Katnbl1,0.071287464,-0.305147203,0.428,0.5,1
Med13l,0.071429711,-0.307860231,0.791,0.732,1
Atp6v0a2,0.071430245,0.26636781,0.524,0.396,1
Habp4,0.071520714,-0.441130994,0.807,0.793,1
Letm2,0.071586526,-0.232099427,0.471,0.537,1
Hmgcll1,0.071617922,-0.362693986,0.332,0.39,1
Wrap53,0.071630887,0.445488154,0.112,0.055,1
Eva1b,0.071634118,1.204775956,0.064,0.024,1
Rab14,0.071648767,0.113754644,0.968,0.976,1
Rnf215,0.071687085,0.397332248,0.225,0.146,1
Gm43112,0.071724547,-1.074212423,0.005,0.03,1
Gm34597,0.071724547,-1.020104477,0.005,0.03,1
Gm26555,0.071724547,-0.927740466,0.005,0.03,1
Slc23a1,0.071724547,-1.137571602,0.005,0.03,1
Dpy30,0.071783348,0.155609733,0.947,0.927,1
BB218582,0.071815133,-0.752737625,0.198,0.25,1
Pdia5,0.071855679,-0.507408474,0.23,0.299,1
Mtg1,0.071870488,0.684643516,0.353,0.256,1
Slc25a5,0.071888083,0.249012932,0.963,0.945,1
Irak1bp1,0.071921292,0.232360123,0.567,0.457,1
Rassf8,0.071936908,-1.206071522,0.144,0.213,1
Khdrbs3,0.07203645,0.164201622,0.818,0.762,1
Arnt,0.072049681,-0.438975392,0.519,0.604,1
Fam221b,0.072073087,-0.988017608,0.059,0.11,1
Mmp11,0.07209478,1.421609249,0.064,0.024,1
Ralgds,0.072162274,0.159253233,0.872,0.762,1
Slc30a4,0.07221266,-0.838951926,0.187,0.25,1
Exosc5,0.072220226,0.238696877,0.54,0.433,1
Ppp1r11,0.072302708,0.165899072,0.947,0.957,1
Tmc1,0.072363183,-0.268558346,0.043,0.091,1
Ints6l,0.072378966,-0.428057639,0.257,0.329,1
Gm26779,0.072468011,-0.938973953,0.005,0.03,1
Gm17733,0.072468011,-0.796102573,0.005,0.03,1
Gm12319,0.072468011,-0.971830672,0.005,0.03,1
B4galnt2,0.072468011,-0.835881045,0.005,0.03,1
Esrrb,0.072468011,-0.270109032,0.005,0.03,1
Aspa,0.072471935,0.409838588,0.299,0.201,1
Ptprb,0.072479993,0.535134943,0.075,0.03,1
Pcbp1,0.072484717,-0.173788211,0.968,0.988,1
Osbp2,0.072494059,-0.790856194,0.193,0.268,1
St7,0.072531671,-0.651322419,0.118,0.183,1
Zfp768,0.072597246,0.446748727,0.144,0.079,1
2310015A10Rik,0.072728259,-0.408105875,0.374,0.451,1
Efcab2,0.072737032,0.52130721,0.358,0.28,1
Vipas39,0.072739943,0.541102251,0.706,0.61,1
Gm13028,0.07285885,-1.334522799,0.016,0.049,1
Col10a1,0.07285885,-1.936522255,0.016,0.049,1
Klhl1,0.07285885,-2.674666163,0.016,0.049,1
Etfa,0.072961262,-0.139499838,0.84,0.89,1
Atp8b2,0.07301151,-0.469159032,0.262,0.335,1
Ctla2a,0.073023383,1.873626316,0.064,0.024,1
Iqce,0.073102877,0.324918663,0.219,0.14,1
Gatd3a,0.073105706,0.200684847,0.668,0.573,1
Zfp850,0.07323143,-1.035103057,0.086,0.14,1
Gm45441,0.073339232,0.482073922,0.075,0.03,1
Arl6,0.073431123,0.276060946,0.775,0.713,1
Tab3,0.073452826,-0.414241094,0.332,0.421,1
Exoc4,0.073487834,-0.232135328,0.888,0.866,1
BB365896,0.073491342,1.003116343,0.064,0.024,1
Hacd1,0.073491636,0.147602499,0.738,0.652,1
Stk11,0.073512792,-0.232538383,0.786,0.86,1
Dtx3,0.073597368,-0.16626064,0.898,0.896,1
Gfra4,0.073668446,-0.257693577,0.743,0.701,1
Safb,0.073900406,-0.427899267,0.642,0.634,1
Tagap1,0.07390041,0.57761865,0.374,0.287,1
Gm10863,0.073960046,0.695764811,0.091,0.043,1
Fa2h,0.07401121,-1.036300867,0.064,0.116,1
Mast4,0.074032251,-0.316578868,0.69,0.695,1
Numb,0.074088405,-0.345148976,0.572,0.61,1
AA388235,0.074104209,-0.686817945,0.112,0.177,1
Tceanc,0.074165945,-0.976303317,0.086,0.14,1
Anapc2,0.07418897,-0.298867995,0.733,0.774,1
Gm14399,0.074255769,0.202042217,0.353,0.238,1
Trmt112,0.074330504,0.171520188,0.963,0.933,1
Rbfox3,0.074338744,-0.14863435,0.968,0.945,1
Ttll13,0.074548134,-1.345929286,0.016,0.049,1
Gm11337,0.074548134,-1.262604436,0.016,0.049,1
Actn4,0.074564003,-0.173566326,0.888,0.884,1
Saal1,0.074602392,0.422937173,0.262,0.177,1
Flrt1,0.074673654,-0.325397761,0.299,0.39,1
Tbx3os1,0.074755978,0.277858661,0.251,0.171,1
Prkrip1,0.074790844,0.198281362,0.738,0.61,1
Bloc1s1,0.07484856,-0.650988197,0.439,0.476,1
A230087F16Rik,0.074878514,-0.661664565,0.075,0.134,1
Adam15,0.074895153,-0.276071948,0.743,0.75,1
Mfsd14a,0.074899242,-0.499739063,0.492,0.555,1
Nipsnap2,0.074903426,-0.238729232,0.717,0.762,1
Pcdhgc4,0.074909952,0.98675344,0.064,0.024,1
Kdm3a,0.07492092,-0.149863834,0.332,0.433,1
Sart1,0.074931045,-0.647294257,0.406,0.488,1
1700054A03Rik,0.07500877,0.141815834,0.118,0.183,1
Kdelr1,0.075061654,0.214599478,0.77,0.677,1
Hs3st4,0.075121046,-1.092417272,0.091,0.152,1
4930405A21Rik,0.075233803,0.11956453,0.246,0.159,1
Tmem35a,0.075298229,-0.630754661,0.364,0.415,1
Smarcd2,0.075310329,0.319960231,0.487,0.396,1
Gm45716,0.075312845,0.266795514,0.267,0.171,1
Trim24,0.075356657,-0.40513159,0.508,0.537,1
Col5a2,0.075427103,0.965048693,0.139,0.079,1
Impad1,0.075572022,-0.190362651,0.882,0.915,1
Peak1,0.075662523,-0.252359955,0.62,0.659,1
Gpatch8,0.075702915,-0.227287431,0.856,0.872,1
Yy1,0.075702935,0.264088818,0.882,0.841,1
Iqgap2,0.075769491,0.607229619,0.332,0.256,1
Gcfc2,0.075888992,-1.09636731,0.032,0.073,1
Hgh1,0.075965078,-0.560273566,0.048,0.098,1
Spop,0.075976954,0.178779859,0.947,0.963,1
Agk,0.075985893,-0.728961711,0.39,0.457,1
Map3k10,0.076104521,0.355953878,0.663,0.579,1
Ambra1,0.076116363,-0.395569535,0.578,0.646,1
Zfp827,0.076121363,-0.279789974,0.54,0.598,1
Ankrd29,0.076191525,-0.768542339,0.251,0.323,1
Igsf3,0.076191847,-0.180619427,0.786,0.848,1
Cmtr1,0.076202844,-0.236325462,0.604,0.671,1
Sdf2,0.076294716,0.221609509,0.797,0.689,1
Pex13,0.076303594,-0.298069004,0.54,0.598,1
Rab3b,0.076333134,-0.457651418,0.214,0.293,1
Kcnk2,0.076416072,-0.186112628,0.947,0.97,1
Mgat4c,0.076421616,-0.586971579,0.102,0.165,1
Nrde2,0.076459935,-0.658898612,0.198,0.262,1
Ndufs1,0.076516426,-0.353688659,0.695,0.713,1
Prpf38b,0.076528916,-0.422952986,0.465,0.506,1
Oxnad1,0.076573735,0.397538283,0.225,0.14,1
Gm17066,0.076596508,-0.76477848,0.053,0.104,1
Tmem14a,0.076794043,-0.167196518,0.834,0.848,1
G430095P16Rik,0.076836139,0.886199507,0.064,0.024,1
Gm39326,0.076850149,-1.064558223,0.016,0.049,1
Ccdc87,0.076850149,-1.211566463,0.016,0.049,1
Mrps10,0.076939315,0.196278077,0.834,0.787,1
Chtop,0.076957352,-0.212196031,0.904,0.884,1
Rarb,0.076982802,-0.693571333,0.118,0.183,1
Zscan12,0.076997488,0.731030171,0.118,0.061,1
Tsc22d3,0.077070423,-0.270508767,0.807,0.811,1
A930004D18Rik,0.077145576,-1.00047324,0.134,0.195,1
Zfp169,0.077254361,-0.916864575,0.07,0.122,1
Fam222b,0.077286192,-0.298732078,0.604,0.659,1
Chga,0.077286651,-0.661198269,0.471,0.5,1
Trrap,0.077387682,-0.313986227,0.636,0.671,1
Slc25a16,0.077541264,0.259667156,0.658,0.579,1
Ulk1,0.077619907,-0.23386914,0.62,0.671,1
Psmf1,0.077639706,-0.442055413,0.39,0.421,1
Slc8a2,0.077650552,0.492810223,0.283,0.207,1
Sptan1,0.077660341,-0.147000748,0.984,0.982,1
Ccp110,0.077738529,0.202927231,0.802,0.744,1
B230322F03Rik,0.077814266,-0.659776434,0.027,0.067,1
Smim40,0.077814266,1.282391622,0.064,0.024,1
Stard8,0.077841679,0.564708576,0.182,0.11,1
Ipo13,0.077914157,0.421761791,0.374,0.274,1
Zfp839,0.077936318,0.205156461,0.187,0.11,1
Nmral1,0.077940549,0.829749563,0.091,0.043,1
Srsf4,0.078072971,-0.33603658,0.519,0.567,1
Shkbp1,0.078161318,-0.46845291,0.16,0.232,1
Ube2v1,0.078188789,0.177101863,0.979,0.951,1
Ep300,0.078217514,-0.259136013,0.54,0.604,1
Dync2li1,0.078307378,-0.315086391,0.193,0.262,1
Aatf,0.078326913,0.199396163,0.273,0.183,1
Cep126,0.078677377,-0.644617661,0.433,0.463,1
Cpsf2,0.078701851,0.167522276,0.813,0.713,1
Fkrp,0.078720052,-0.307533977,0.455,0.488,1
Epb41l4aos,0.078729664,0.13709523,0.551,0.421,1
Dmac2l,0.078838801,-0.415538323,0.439,0.494,1
Mfap1b,0.078851917,-0.206820385,0.529,0.579,1
Ankra2,0.078868958,-0.224553215,0.893,0.878,1
Prdx4,0.078876142,0.342783881,0.561,0.433,1
Nrxn3,0.078909667,-0.199056914,0.973,0.988,1
Lpar6,0.078952141,-0.892343253,0.096,0.159,1
Slc25a12,0.07905866,0.173888182,0.952,0.927,1
Brk1,0.079359364,0.117495113,0.984,0.97,1
Nectin4,0.079407711,-1.012929237,0.075,0.128,1
Ttpal,0.079426402,-0.320318083,0.508,0.543,1
Rgmb,0.079464997,0.129727984,0.882,0.878,1
Zfp14,0.079494062,-0.782359548,0.08,0.134,1
Ppp1r14b,0.079612054,-0.162339465,0.947,0.951,1
Magohb,0.079707606,0.473603977,0.428,0.329,1
Ppp2cb,0.079738033,-0.482678484,0.578,0.591,1
Gm42829,0.079789797,0.295303622,0.273,0.183,1
Itga2b,0.079922133,-0.590464331,0.422,0.5,1
Slc35b1,0.079951365,0.259983019,0.738,0.665,1
Arhgef9,0.079974391,-0.3174642,0.684,0.732,1
Gdi1,0.079992509,-0.107113251,0.968,0.982,1
Tmem256,0.079994602,0.11685972,0.984,0.988,1
Batf2,0.080078988,-1.102515379,0.032,0.073,1
Dmxl2,0.080355924,-0.244410446,0.92,0.909,1
Ptgfrn,0.080375175,0.305328009,0.225,0.146,1
Hsd11b1,0.080411506,-0.800208644,0.016,0.049,1
Cct2,0.08047281,0.112473859,0.93,0.915,1
Atp5mpl,0.080541428,0.116451181,0.989,0.988,1
Cnot10,0.080650182,-0.696936636,0.455,0.482,1
Ankrd2,0.080671864,-0.724220599,0.155,0.22,1
Rundc3b,0.080713162,-0.252253632,0.679,0.738,1
Cfdp1,0.080714945,0.110487626,0.968,0.951,1
Sdc2,0.080754253,-0.535534162,0.481,0.512,1
Snx27,0.080766868,-0.31115749,0.791,0.829,1
Srrd,0.080802047,0.879217138,0.289,0.207,1
Asah2,0.08082637,-0.54555981,0.246,0.311,1
Cckbr,0.080835817,1.382314447,0.032,0.006,1
Scara5,0.080835817,1.281858691,0.032,0.006,1
Grip2,0.080838164,-0.950273485,0.064,0.116,1
Afap1,0.080969905,-0.525107425,0.455,0.518,1
Cnot4,0.081024684,-0.279471807,0.845,0.896,1
Frg1,0.081098685,-0.339912425,0.668,0.713,1
Thap7,0.081148746,-0.306682339,0.567,0.646,1
Mcm6,0.081293943,0.619555073,0.123,0.067,1
Fbxw5,0.081357962,0.348290614,0.674,0.585,1
Cd274,0.0814321,-0.3862275,0.176,0.25,1
Gm6712,0.081494841,-0.936331774,0.096,0.152,1
Mboat2,0.081595249,0.13659797,0.497,0.384,1
Gm14027,0.081595419,0.887196685,0.032,0.006,1
Gssos1,0.081595419,0.812418156,0.032,0.006,1
Cmtm8,0.081595419,1.343238214,0.032,0.006,1
Junb,0.081619843,-0.193624583,0.941,0.951,1
Vps13c,0.081749308,-0.113183374,0.706,0.762,1
Kcnt1,0.081838757,-0.63422489,0.273,0.329,1
Ddhd2,0.081858066,-0.146331129,0.85,0.848,1
Dqx1,0.081898729,-1.658237986,0.07,0.122,1
Ehd1,0.081910917,0.425940955,0.476,0.366,1
Tmem233,0.081925115,-0.761534768,0.144,0.207,1
Senp1,0.082089353,-0.439226026,0.225,0.305,1
Lrrfip2,0.082137092,-0.304014741,0.749,0.774,1
Hddc3,0.082238368,-0.396409231,0.23,0.317,1
Sdhd,0.082251467,-0.206178202,0.829,0.841,1
Mmd2,0.082309856,0.544345618,0.39,0.311,1
Pvalb,0.082360803,0.848800051,0.032,0.006,1
Cenps,0.082385004,0.388655725,0.38,0.268,1
Hnf4g,0.082486813,-1.03246981,0.032,0.073,1
Stau1,0.082507593,-0.228780223,0.674,0.707,1
Hoxa1,0.082546885,-0.859538749,0.037,0.079,1
Rad9b,0.082584708,-0.830686522,0.075,0.128,1
Rnf26,0.082617082,0.827795289,0.374,0.287,1
Lbh,0.082631262,-0.352275523,0.332,0.402,1
Pick1,0.082691277,-0.603229348,0.289,0.354,1
Nfib,0.082696149,-0.150231179,0.936,0.915,1
Zfp938,0.082716259,-0.238643226,0.759,0.756,1
Hexdc,0.082770212,0.570039201,0.15,0.085,1
Lipe,0.082770212,-0.452726573,0.091,0.152,1
Tpcn1,0.082784541,0.517296376,0.294,0.207,1
Rhobtb2,0.082798576,-0.474762436,0.332,0.409,1
Cad,0.082948981,-0.597619861,0.176,0.244,1
Slc35f2,0.083022466,-0.961834768,0.086,0.14,1
Plch1,0.083045981,-0.196624683,0.941,0.89,1
Neb,0.083131997,0.820521567,0.032,0.006,1
Gm525,0.083131997,0.881900318,0.032,0.006,1
Gm9796,0.083131997,0.817166913,0.032,0.006,1
Pebp4,0.083131997,1.130490435,0.032,0.006,1
Timm17b,0.083224999,0.222480126,0.754,0.646,1
Eif3f,0.083317827,0.162579507,0.973,0.976,1
Sema3a,0.083407637,-0.500210721,0.31,0.384,1
Foxp2,0.083480693,-0.880639822,0.016,0.049,1
Mrpl10,0.083502419,0.345299158,0.615,0.53,1
Slc39a3,0.08356743,-0.384017166,0.556,0.585,1
Hectd2os,0.083619073,0.611630106,0.08,0.037,1
Tubb4a,0.083696266,0.107445012,0.984,0.988,1
Cd46,0.083787868,-0.994098977,0.096,0.152,1
Rrp15,0.083849382,0.547662027,0.166,0.098,1
Zbtb43,0.083854519,0.529914358,0.203,0.128,1
Emp1,0.083886738,1.522982684,0.043,0.012,1
Tmc4,0.083909031,0.64800431,0.032,0.006,1
Gm17749,0.083909031,1.331345258,0.032,0.006,1
Naprt,0.083909031,1.506018106,0.032,0.006,1
Gm30085,0.083909031,0.840286734,0.032,0.006,1
4930461C15Rik,0.083909031,0.757778131,0.032,0.006,1
Rnf216,0.083925029,-0.636086552,0.508,0.543,1
Gm14327,0.084057337,0.570186692,0.139,0.079,1
Susd4,0.084103993,-0.452944275,0.332,0.409,1
Nat2,0.084117389,-0.842692179,0.07,0.122,1
Tspyl3,0.08428691,-0.10071559,0.369,0.439,1
Nemp2,0.084419771,-1.836443673,0.037,0.079,1
Gm47725,0.084691934,0.740373277,0.032,0.006,1
Gm3772,0.084691934,0.667102048,0.032,0.006,1
Dnah1,0.084691934,0.799255998,0.032,0.006,1
Gm9922,0.084691934,0.855062521,0.032,0.006,1
Rps6ka4,0.084691934,0.757704835,0.032,0.006,1
9330188P03Rik,0.084704038,0.944180268,0.053,0.018,1
Gm28836,0.084893326,-0.933659896,0.037,0.079,1
Gm12158,0.084948368,0.483647268,0.064,0.024,1
2810405F17Rik,0.085002906,0.770990462,0.08,0.037,1
Mex3b,0.085109002,-0.678103169,0.112,0.177,1
Sumf1,0.085128547,-0.487042475,0.428,0.457,1
Eaf1,0.085183983,-0.509131695,0.572,0.616,1
Prr22,0.08520553,1.104274743,0.043,0.012,1
Lrrn1,0.085302423,-0.737158,0.209,0.28,1
Akap10,0.085319026,-0.400345499,0.374,0.421,1
A630052C17Rik,0.085369027,-1.198775926,0.037,0.079,1
B830012L14Rik,0.085470237,-0.463305839,0.513,0.579,1
Gm13837,0.085480736,0.537541749,0.032,0.006,1
Klf15,0.085480736,0.757250116,0.032,0.006,1
Gm29394,0.085480736,0.224576975,0.032,0.006,1
Gm13629,0.085532053,-1.053100946,0.053,0.098,1
Zfp654,0.085534199,-0.436165555,0.374,0.439,1
Rlim,0.085633569,0.21116678,0.802,0.744,1
Pdp2,0.085703897,0.463550113,0.267,0.183,1
Smarce1,0.085727014,-0.118195279,0.658,0.634,1
Rnf113a1,0.085786875,0.476388865,0.107,0.055,1
Gpr18,0.085825653,-1.996999768,0.043,0.085,1
Ppp3r2,0.085871185,0.81025258,0.043,0.012,1
Lag3,0.085873955,0.645354894,0.053,0.018,1
Kdm1a,0.085923664,-0.2519257,0.775,0.774,1
Zfp105,0.085983467,0.385627007,0.091,0.043,1
Gbp3,0.086069666,-0.551496853,0.182,0.25,1
Map3k7,0.086070441,-0.401877395,0.524,0.561,1
Bik,0.086090337,0.222671455,0.401,0.317,1
Erbb3,0.086156826,0.440673657,0.342,0.25,1
Hagh,0.086214402,0.201800511,0.872,0.823,1
Klhl22,0.086222334,-0.347975982,0.444,0.512,1
Bnip3,0.086347067,-0.184641208,0.92,0.896,1
Cetn4,0.086435399,0.145136123,0.481,0.36,1
Wdr54,0.086443465,0.62502538,0.123,0.067,1
Ptp4a1.1,0.086541036,0.898489541,0.043,0.012,1
Tent5c,0.086541036,1.047456611,0.043,0.012,1
Tvp23bos,0.086541036,1.003304019,0.043,0.012,1
Traf7,0.086628612,0.308612488,0.358,0.256,1
Slc35f1,0.086652586,0.397187011,0.412,0.317,1
Sfi1,0.086712631,-0.601607642,0.214,0.274,1
Hdhd2,0.08672163,-0.326217524,0.781,0.829,1
Gt(ROSA)26Sor,0.086789541,-0.222632825,0.626,0.677,1
Gm34455,0.086809073,-1.343404715,0.037,0.079,1
Gm15050,0.086821148,0.862546724,0.123,0.067,1
Rhot2,0.086907127,-0.218535936,0.567,0.646,1
Zmym5,0.086999772,-0.289137219,0.695,0.713,1
4833438C02Rik,0.087056895,1.052136472,0.053,0.018,1
Nelfa,0.087204455,-0.36169853,0.364,0.427,1
Gm12359,0.0872151,0.7693937,0.043,0.012,1
Edc3,0.087239501,0.362061351,0.385,0.293,1
Kif16b,0.087251394,-0.408257725,0.476,0.512,1
Zfand4,0.087354806,-0.898620919,0.075,0.128,1
Cox6b2,0.087417617,0.757822979,0.198,0.128,1
Scnm1,0.08748451,0.288923667,0.647,0.549,1
Epm2aip1,0.087525866,-0.107399567,0.968,0.951,1
Rasd2,0.087653278,0.568720483,0.053,0.018,1
Spdef,0.087653278,-1.24076077,0.021,0.055,1
Litaf,0.087653749,0.4350474,0.642,0.573,1
Qrich1,0.087688047,-0.29509396,0.717,0.726,1
Ahdc1,0.087722726,-0.332959028,0.465,0.555,1
Snx14,0.087735863,-0.475458995,0.412,0.457,1
Uba3,0.087790615,-0.226238845,0.882,0.89,1
Mphosph8,0.087800161,0.200944098,0.941,0.945,1
Rgs22,0.087819835,0.521459925,0.107,0.055,1
Tmem11,0.087836483,0.125863585,0.684,0.518,1
Strap,0.087870707,0.121616152,0.856,0.823,1
Gm15943,0.087893395,0.86430201,0.043,0.012,1
Etaa1os,0.088025251,-1.414264613,0.059,0.11,1
Tor3a,0.088079276,0.349670167,0.166,0.098,1
Tlr4,0.088122839,0.347700196,0.262,0.177,1
Arl15,0.088175776,-0.303563029,0.503,0.543,1
Cstf3,0.088245211,-0.30401931,0.807,0.817,1
Lsm10,0.08826647,0.341096936,0.588,0.463,1
Klhdc8b,0.088277248,-0.502313962,0.283,0.354,1
Manf,0.088295323,-0.105447522,0.947,0.945,1
Tmem198,0.088317941,0.449648815,0.262,0.171,1
Shank2,0.088359131,0.494114069,0.144,0.085,1
Gm28153,0.088465476,-0.730221337,0.123,0.183,1
Ldlr,0.088505153,0.125801327,0.973,0.939,1
Fam98c,0.088561852,0.306294614,0.695,0.604,1
Ltbp1,0.088575937,0.706259585,0.043,0.012,1
B230118H07Rik,0.088577129,0.344521733,0.722,0.659,1
Fhl1,0.088693772,-0.21556996,0.898,0.878,1
Adcy7,0.088700199,-0.492704036,0.444,0.494,1
4430402I18Rik,0.088768573,1.490799291,0.112,0.061,1
Adamts8,0.08878383,0.891421977,0.08,0.037,1
Foxq1,0.08878383,0.988305195,0.08,0.037,1
Zfp825,0.088819378,-0.328954353,0.262,0.329,1
Capn15,0.08902681,0.247011581,0.439,0.329,1
Gm11808,0.089117843,0.24769807,0.674,0.567,1
Tmem120b,0.089205324,0.309745289,0.39,0.28,1
Acsl6,0.089211684,0.177821697,0.401,0.287,1
N6amt1,0.089223062,0.267699304,0.684,0.604,1
Telo2,0.089335964,-0.113567515,0.31,0.384,1
Man1a,0.089358359,0.457308056,0.23,0.152,1
Tbc1d32,0.089440887,-0.589466263,0.316,0.366,1
Errfi1,0.089455701,-0.500709122,0.422,0.476,1
1110013H19Rik,0.089462224,-1.321996056,0.021,0.055,1
Eif3j2,0.08947403,0.532508191,0.107,0.055,1
Pfkfb2,0.089528439,0.475898586,0.364,0.274,1
Zfp607b,0.089668713,0.200803244,0.267,0.177,1
Fpgt,0.089737344,0.315524454,0.358,0.262,1
Abhd5,0.089737659,0.294468432,0.508,0.384,1
Dpm2,0.089769098,0.290611848,0.893,0.823,1
Gm13446,0.089953837,0.679228207,0.043,0.012,1
Tmem129,0.089971693,0.240236656,0.267,0.183,1
Tacc2,0.090017865,-0.201340476,0.706,0.707,1
Ahr,0.090047402,0.116843358,0.439,0.329,1
Trim3,0.090189988,-0.318951478,0.711,0.732,1
Gm11250,0.090245497,-0.899112454,0.037,0.079,1
Cyfip1,0.090266572,-0.370409144,0.626,0.665,1
Dhdds,0.090288611,0.167818285,0.711,0.585,1
Srsf6,0.09031389,-0.186913644,0.829,0.884,1
Cxadr,0.090343818,0.316732637,0.187,0.116,1
Fkbp2,0.090507389,0.132531965,0.989,0.994,1
Pigh,0.090577291,-0.705546619,0.214,0.28,1
Gm14443,0.090651805,-0.464597704,0.15,0.22,1
Rarres2,0.091064936,0.539982518,0.267,0.183,1
Socs1,0.091105499,-0.689274352,0.455,0.488,1
B230112J18Rik,0.091153226,0.527033677,0.107,0.055,1
Ryr3,0.09120825,0.622970257,0.262,0.195,1
Mcur1,0.091261243,0.366353871,0.578,0.512,1
Fxr1,0.091267994,-0.195551691,0.93,0.939,1
Clic6,0.091348938,0.395909887,0.043,0.012,1
Hivep1,0.091382338,0.429236127,0.652,0.591,1
Nup160,0.091435683,-0.401492907,0.214,0.293,1
Atg13,0.091550546,-0.212621217,0.69,0.701,1
Cdk20,0.091668618,0.546177604,0.203,0.128,1
Rhoa,0.09171736,-0.110466245,0.968,0.994,1
Gm28403,0.091751376,-0.951827849,0.037,0.079,1
Ggh,0.091787338,-0.666986261,0.326,0.378,1
Lst1,0.091866086,-0.218191279,0.872,0.896,1
Polr1d,0.091916778,0.116149372,0.984,0.951,1
Slc6a7,0.091920785,-1.497005151,0.021,0.055,1
Ccdc158,0.092028622,1.225885938,0.112,0.061,1
Cbx1,0.09203238,-0.335177462,0.775,0.787,1
C330011M18Rik,0.092052982,0.585783781,0.043,0.012,1
Vps8,0.092118982,-0.270341997,0.449,0.518,1
Fam171a1,0.092209409,0.189985879,0.717,0.616,1
Evl,0.09221169,-0.135131062,0.968,0.939,1
Gm16701.1,0.092228564,-0.666079293,0.134,0.195,1
Snhg3,0.09225843,-0.265883998,0.813,0.823,1
Adrm1,0.092300688,0.173984207,0.743,0.646,1
Pxk,0.09234629,-0.198798164,0.497,0.555,1
Thg1l,0.092385553,0.335916792,0.193,0.122,1
Elob,0.092431068,0.106754254,1,0.988,1
Txnrd3,0.092503692,0.389658396,0.332,0.244,1
Zfp979,0.09267187,0.33361862,0.513,0.439,1
Lin7b,0.092672899,-0.374889615,0.31,0.378,1
Magee1,0.092722401,-0.198269712,0.941,0.97,1
Sorbs2,0.092988451,0.632683397,0.176,0.11,1
Zfp652,0.093000577,-0.380807096,0.294,0.36,1
Nol10,0.093025653,-0.538885163,0.332,0.384,1
Cdhr1,0.093067611,-0.627761849,0.171,0.232,1
Smim27,0.09314962,-0.599629856,0.332,0.396,1
B230216N24Rik,0.093211509,-0.30912912,0.273,0.348,1
Bcl2l13,0.09336901,-0.244356838,0.727,0.756,1
BC051226,0.09342137,-0.911766624,0.273,0.329,1
Zfp131,0.093445872,0.226020388,0.807,0.713,1
Ece1,0.093644954,0.154993118,0.701,0.591,1
Cdc37l1,0.093675341,-0.145105924,0.845,0.866,1
Lrrc3b,0.093676883,-0.202831425,0.738,0.787,1
Sema4f,0.0936807,-0.305399963,0.775,0.787,1
Tcirg1,0.093699292,0.733540455,0.08,0.037,1
A830082N09Rik,0.093795673,-0.534040265,0.342,0.39,1
Gm44210,0.093800098,-1.038675576,0.021,0.055,1
Bok,0.093828549,-0.376869645,0.497,0.53,1
Aco2,0.093969064,-0.268158183,0.968,0.976,1
Ssh2,0.094009532,-0.233504481,0.711,0.75,1
Szrd1,0.094040252,0.256140861,0.588,0.47,1
Fam173a,0.094105428,0.220090444,0.765,0.707,1
Rgs16,0.094325192,-0.45105359,0.064,0.116,1
Fam151b,0.094392769,-0.982216674,0.043,0.085,1
Myef2,0.094428481,-0.20925417,0.781,0.823,1
Cntd1,0.09443334,-0.983126086,0.021,0.055,1
Ighm,0.09443334,-1.018410499,0.021,0.055,1
Wapl,0.094507324,-0.286813211,0.733,0.756,1
Rab42,0.094587596,0.470721088,0.107,0.055,1
Gng3,0.094699121,0.117212213,0.995,0.982,1
Enc1,0.094708105,0.486123055,0.08,0.037,1
Eepd1,0.094743941,0.18573151,0.936,0.921,1
Pkn2,0.094772728,-0.124397455,0.701,0.713,1
Gm26944,0.094823686,-0.836154467,0.037,0.079,1
Prune1,0.094884762,0.120697452,0.711,0.616,1
Tmem14c,0.094886928,0.182263766,0.936,0.878,1
Sik3,0.094905259,-0.327857212,0.535,0.598,1
Spout1,0.094924114,-0.446395195,0.267,0.329,1
Zfp672,0.095042963,0.59513989,0.54,0.439,1
Desi1,0.095557246,-0.267454802,0.626,0.652,1
St13,0.095629558,-0.196064977,0.957,0.963,1
Lsm6,0.095639223,-0.127572276,0.979,0.988,1
Gm10544,0.095639569,-0.986149933,0.048,0.091,1
Ppp1r21,0.095694131,-0.279881225,0.749,0.707,1
Ints7,0.095809104,-0.393346973,0.353,0.415,1
Mocs1,0.095810413,0.652105472,0.112,0.061,1
Cmtm4,0.095816662,-0.406317788,0.513,0.567,1
Prrt1,0.095862146,-0.378943226,0.31,0.378,1
Actr3,0.095939547,-0.150208666,0.952,0.957,1
Plcxd2,0.096008882,-0.383182971,0.513,0.549,1
Fgfr2,0.096027137,-0.582929633,0.524,0.573,1
Sox2ot,0.096047704,0.405470891,0.219,0.146,1
Cntn2,0.096220484,-0.243358999,0.727,0.744,1
Serpinb7,0.096336943,-0.840644029,0.075,0.128,1
Tbx3os2,0.096353645,-0.921299271,0.021,0.055,1
Prkaca,0.096366292,-0.173576469,0.952,0.97,1
Cks1b,0.096404905,0.329502551,0.353,0.25,1
Stk3,0.096405362,0.221620207,0.738,0.652,1
Gpr176,0.096577001,-0.730971833,0.187,0.25,1
Ak8,0.09663276,0.867730356,0.096,0.049,1
4930590J08Rik,0.09663276,-1.061614263,0.053,0.098,1
Uhrf1bp1l,0.09663607,0.214903797,0.888,0.848,1
Ifngr2,0.096667265,-0.276863947,0.684,0.726,1
Mrps22,0.096672292,0.629555068,0.267,0.189,1
Ppp2ca,0.096905075,0.10839447,0.979,0.988,1
Cant1,0.096930983,0.283691252,0.647,0.543,1
Rnf182,0.096977477,-0.354061203,0.594,0.616,1
Cryzl2,0.097000647,-1.534158666,0.021,0.055,1
Fam220a.1,0.097013075,-1.03388856,0.059,0.104,1
Nktr,0.097040183,-0.216951665,0.824,0.872,1
Vps18,0.097051737,-0.613696449,0.278,0.329,1
Rap1a,0.097078912,0.272685574,0.77,0.689,1
Cfap410,0.097104798,0.399534929,0.631,0.579,1
Syt7,0.097144509,-0.289199101,0.749,0.744,1
2610316D01Rik,0.097183161,-0.483551209,0.23,0.305,1
Ube2h,0.097235941,-0.173179151,0.872,0.884,1
Fam20b,0.097244573,-0.192797096,0.652,0.695,1
Gal,0.097268239,-0.273791486,0.08,0.037,1
Rara,0.097280251,-0.886100944,0.144,0.201,1
Xylt2,0.097288018,0.71914498,0.144,0.091,1
Echs1,0.097338596,0.168651383,0.668,0.585,1
Plpp2,0.097404409,-0.204014678,0.642,0.689,1
Aup1,0.097405579,0.283830001,0.807,0.744,1
Klhl28,0.097416521,-0.244261413,0.567,0.646,1
Ablim2,0.097509756,-0.306567876,0.46,0.506,1
Anp32a,0.097774435,-0.128087614,0.888,0.902,1
Nab1,0.097817475,0.220768926,0.818,0.793,1
Rps6ka2,0.097830488,-0.426549947,0.412,0.451,1
Srebf1,0.097858228,-0.320238774,0.39,0.463,1
Ip6k1,0.097917326,-0.193651444,0.872,0.896,1
Adam2,0.097945568,-0.737437858,0.118,0.177,1
Bicd1,0.097961158,-0.246412152,0.856,0.896,1
Sdad1,0.097970065,-0.54339012,0.278,0.335,1
Cldn9,0.098037962,0.943001751,0.155,0.098,1
Cmtm5,0.098039745,0.42732081,0.364,0.28,1
Hsp90aa1,0.09807797,0.111456911,1,1,1
Pex11g,0.098192005,1.077691501,0.07,0.03,1
Nrg2,0.098257387,-0.727291548,0.219,0.293,1
Nasp,0.098281522,0.498246316,0.289,0.207,1
Plxnc1,0.098326943,0.652163417,0.348,0.268,1
Gm14325,0.098358268,-0.197716782,0.925,0.951,1
Dyrk2,0.098385548,-0.251450459,0.797,0.787,1
Gm35188,0.098454999,-0.93704055,0.118,0.171,1
Opa3,0.098588974,-0.273007418,0.695,0.756,1
Tcea1,0.098662679,-0.154322124,0.904,0.896,1
Galk1,0.098753117,0.499653654,0.332,0.262,1
Arhgap35,0.098776423,-0.212106955,0.872,0.896,1
Snrpd3,0.098807083,0.119803867,0.957,0.939,1
Gm14419,0.09903731,0.258994896,0.406,0.287,1
Tanc2,0.099175684,0.162224747,0.925,0.915,1
Itga1,0.099217293,0.491242637,0.155,0.091,1
Rpp14,0.099221231,-0.251789266,0.62,0.634,1
Cpne6,0.099242089,0.826126928,0.203,0.134,1
Rassf7,0.099372364,-0.884055868,0.112,0.165,1
Rac1,0.099476936,0.111597295,0.984,0.982,1
5033417F24Rik,0.099495367,-0.403806,0.064,0.116,1
Zscan29,0.09954952,0.442315809,0.128,0.073,1
Med14,0.099586597,-0.271743142,0.866,0.86,1
Ccnl1,0.099594802,-0.285347088,0.561,0.604,1
Ythdc2,0.099602216,-0.730280568,0.283,0.348,1
Wdr35,0.099608807,-0.549768039,0.337,0.384,1
Slc25a39,0.099900949,0.106924894,0.968,0.951,1
Aatk,0.099910839,-0.205803675,0.834,0.854,1
Mafk,0.09998344,0.4382871,0.305,0.226,1
Tradd,0.100015276,0.28372215,0.465,0.378,1
Hspd1,0.100122455,-0.248497764,0.957,0.976,1
Ankfy1,0.100126174,-0.231709708,0.674,0.732,1
Tdp2,0.100182364,-0.467439603,0.316,0.39,1
Ighmbp2,0.100190209,-0.690367657,0.112,0.171,1
Timm29,0.100263152,-0.246977633,0.519,0.591,1
Anapc16,0.100369961,0.139652962,0.941,0.896,1
Trim12a,0.100418989,0.614803722,0.096,0.049,1
Zfp804a,0.100479312,-0.123854689,0.668,0.744,1
Htra2,0.100609713,0.356012511,0.567,0.451,1
Pde3b,0.100661114,-0.415536033,0.283,0.348,1
Gm27253,0.100680841,-1.183658391,0.011,0.037,1
Gm49267,0.100680841,-1.642849461,0.011,0.037,1
Dazl,0.100680841,-1.111951164,0.011,0.037,1
Cartpt,0.100752568,0.466830739,0.936,0.951,1
Adamts15,0.100790351,0.712070661,0.128,0.073,1
Gm29054,0.101027939,0.821435334,0.07,0.03,1
Cplane1,0.101040146,-0.221441333,0.636,0.665,1
Fam57a,0.101109728,0.322079076,0.278,0.195,1
Sh2b3,0.101219137,-0.492030637,0.305,0.36,1
Icmt,0.101317684,-0.261756613,0.529,0.573,1
Fam120c,0.101365086,-0.524454284,0.401,0.439,1
Med8,0.101477611,0.323787947,0.711,0.634,1
Gm42413,0.101627459,0.898655171,0.021,0.055,1
Anapc7,0.101786656,0.250375152,0.369,0.268,1
Med17,0.10185347,-0.218735155,0.326,0.39,1
Ints5,0.101871699,-0.300681765,0.123,0.183,1
Il1r1,0.101934437,0.559437883,0.166,0.104,1
Mrpl38,0.102008867,0.178361074,0.658,0.543,1
Pde9a,0.102043474,-0.81288108,0.08,0.128,1
Ndufa5,0.102103748,0.114162446,0.995,0.988,1
Gm5544,0.102167667,-0.67783968,0.214,0.274,1
Gopc,0.102200355,0.252757214,0.786,0.689,1
Gpd1l,0.102200355,-0.448292866,0.727,0.756,1
2010001A14Rik,0.102323834,0.300508903,0.519,0.402,1
Mier1,0.102354168,0.215465508,0.668,0.585,1
Rsf1os1,0.102383843,-1.096174709,0.011,0.037,1
G530011O06Rik,0.102383843,-1.215520588,0.011,0.037,1
Gm30504,0.102487461,-0.485741429,0.342,0.39,1
Tomm22,0.102535991,0.125327093,0.968,0.951,1
Gm3604,0.102554333,0.488742386,0.08,0.037,1
Cd2ap,0.102642605,-0.26311508,0.775,0.799,1
Sp4,0.102657133,-0.426485025,0.412,0.451,1
Pcsk1,0.102791785,-0.401691567,0.572,0.634,1
Iqsec2,0.102817985,-0.143571272,0.914,0.945,1
Enox2,0.102932829,-0.281447528,0.786,0.793,1
Pxdn,0.102944196,-0.643153667,0.246,0.305,1
3110056K07Rik,0.103018609,-0.165218457,0.332,0.384,1
Socs4,0.103122825,-0.231916951,0.743,0.768,1
Ccnb1ip1,0.103243898,-1.029416803,0.011,0.037,1
Lgi3,0.103243898,-1.101407843,0.011,0.037,1
Sh2d1a,0.103243898,-1.141925877,0.011,0.037,1
Rgl3,0.103308967,0.4561337,0.128,0.073,1
Epdr1,0.103434537,-0.10345592,0.979,0.97,1
Mpp6,0.103477258,0.499789615,0.278,0.195,1
Ppm1d,0.1035197,-0.378398728,0.23,0.311,1
Zfp729b,0.103713342,0.945696252,0.246,0.171,1
Slc25a29,0.103808184,-0.830770577,0.102,0.152,1
Tyms,0.103928744,0.688688557,0.07,0.03,1
Pla2g7,0.103928744,0.813366578,0.07,0.03,1
2210016L21Rik,0.103941926,0.165050431,0.952,0.909,1
9530059O14Rik,0.103992923,-0.149381547,0.84,0.915,1
Gmnn,0.104019025,0.284405812,0.492,0.39,1
Urod,0.104068167,-0.493080199,0.406,0.445,1
Ccdc146,0.104109687,-1.176870915,0.011,0.037,1
Ctsz,0.104254932,0.161036274,0.877,0.774,1
Gatb,0.10428748,0.270757626,0.235,0.152,1
Dhrs4,0.104291506,0.326400766,0.364,0.268,1
Cog1,0.104293577,-0.451426118,0.529,0.585,1
Maip1,0.104314312,0.273403167,0.385,0.299,1
Ranbp2,0.104339743,-0.620400304,0.695,0.695,1
Rgl2,0.10434277,0.347212555,0.246,0.171,1
Zcchc2,0.104506756,-0.563834347,0.278,0.36,1
Adhfe1,0.104510109,0.63043746,0.016,0,1
Gm37146,0.104510109,0.531380644,0.016,0,1
Gm13748,0.104510109,0.61778861,0.016,0,1
5730419F03Rik,0.104510109,1.48455737,0.016,0,1
Gpr39,0.104510109,0.582991083,0.016,0,1
Elf3,0.104510109,0.9192517,0.016,0,1
Gm37027,0.104510109,0.525889444,0.016,0,1
Gm14486,0.104510109,0.529500622,0.016,0,1
9430097D07Rik,0.104510109,0.626308171,0.016,0,1
Traf1,0.104510109,1.019868303,0.016,0,1
Fsip2,0.104510109,0.595731908,0.016,0,1
Them7,0.104510109,0.581122506,0.016,0,1
Pdyn,0.104510109,0.677620712,0.016,0,1
Gm32950,0.104510109,0.785441591,0.016,0,1
Adad1,0.104510109,0.634946121,0.016,0,1
Gm12534,0.104510109,0.557389052,0.016,0,1
C230034O21Rik,0.104510109,0.685800462,0.016,0,1
Gm1647,0.104510109,0.61316332,0.016,0,1
Tmem144,0.104510109,0.548969886,0.016,0,1
Gm17146,0.104510109,0.524574116,0.016,0,1
Gm9857,0.104510109,0.626558883,0.016,0,1
Neurog2,0.104510109,0.614327198,0.016,0,1
Slc39a8,0.104510109,1.383386582,0.016,0,1
9330178D15Rik,0.104510109,0.906442776,0.016,0,1
Aldob,0.104510109,0.597030112,0.016,0,1
Spocd1,0.104510109,0.653519639,0.016,0,1
Fhad1,0.104510109,0.567814854,0.016,0,1
Megf6,0.104510109,0.637207339,0.016,0,1
Gm26761,0.104510109,0.744412801,0.016,0,1
Gm38102,0.104510109,0.548394786,0.016,0,1
Ankrd61,0.104510109,0.463517485,0.016,0,1
Gm15473,0.104510109,0.703309452,0.016,0,1
1700095J07Rik,0.104510109,2.556804413,0.016,0,1
Mmrn1,0.104510109,2.013598525,0.016,0,1
Gm32591,0.104510109,0.592025763,0.016,0,1
Gxylt2,0.104510109,0.882876804,0.016,0,1
4930479D17Rik,0.104510109,0.734297412,0.016,0,1
9530053A07Rik,0.104510109,0.525321718,0.016,0,1
Gm44767,0.104510109,0.528475203,0.016,0,1
Saa3,0.104510109,0.553360999,0.016,0,1
Gm44969,0.104510109,0.556074583,0.016,0,1
Gm34350,0.104510109,0.81579049,0.016,0,1
Nox4,0.104510109,0.592868273,0.016,0,1
Sox6os,0.104510109,0.696141245,0.016,0,1
Gm44647,0.104510109,0.69340178,0.016,0,1
D7Ertd443e,0.104510109,0.62668878,0.016,0,1
Mki67,0.104510109,0.569053258,0.016,0,1
1700016D06Rik,0.104510109,1.156869702,0.016,0,1
B020031H02Rik,0.104510109,0.764502113,0.016,0,1
5430403N17Rik,0.104510109,0.534446464,0.016,0,1
Hand2,0.104510109,1.753819549,0.016,0,1
Cers1,0.104510109,0.670516431,0.016,0,1
Gm29895,0.104510109,0.733435061,0.016,0,1
Wfdc1,0.104510109,0.704262995,0.016,0,1
Olfr18,0.104510109,0.776123368,0.016,0,1
4930434F21Rik,0.104510109,0.614849602,0.016,0,1
Robo4,0.104510109,1.115300231,0.016,0,1
Vsig2,0.104510109,0.6333555,0.016,0,1
Gm35657,0.104510109,0.95139726,0.016,0,1
Gm47887,0.104510109,0.81037272,0.016,0,1
Gm32017,0.104510109,0.538962831,0.016,0,1
Aqp9,0.104510109,0.659185236,0.016,0,1
4921534H16Rik,0.104510109,0.681169725,0.016,0,1
Ackr4,0.104510109,0.785296946,0.016,0,1
Als2cl,0.104510109,0.477782562,0.016,0,1
Gm15934,0.104510109,1.03790024,0.016,0,1
Gm4792,0.104510109,0.497260262,0.016,0,1
Grip1os2,0.104510109,0.61424842,0.016,0,1
B130011K05Rik,0.104510109,1.135079592,0.016,0,1
Ntn1,0.104510109,0.683369098,0.016,0,1
Alox12b,0.104510109,0.661524264,0.016,0,1
Cd68,0.104510109,2.592276204,0.016,0,1
Atp2a3,0.104510109,0.852035987,0.016,0,1
Scarf1,0.104510109,1.238685545,0.016,0,1
Dbil5,0.104510109,0.586834502,0.016,0,1
Vtn,0.104510109,0.59303875,0.016,0,1
Ccl3,0.104510109,0.607753896,0.016,0,1
Gm11592,0.104510109,0.565734759,0.016,0,1
Gm11713,0.104510109,0.588824237,0.016,0,1
Gm16596,0.104510109,0.500003978,0.016,0,1
Eci3,0.104510109,0.524964395,0.016,0,1
Gm48746,0.104510109,1.475120996,0.016,0,1
Gm46392,0.104510109,0.778664048,0.016,0,1
Gm47352,0.104510109,0.520981571,0.016,0,1
Gm28707,0.104510109,0.583461511,0.016,0,1
Gm48190,0.104510109,0.497243314,0.016,0,1
Gm4211,0.104510109,0.586447375,0.016,0,1
Gm31804,0.104510109,0.452973619,0.016,0,1
Slc18a3,0.104510109,0.566585027,0.016,0,1
Gm49519,0.104510109,0.585812536,0.016,0,1
Snx31,0.104510109,0.522854237,0.016,0,1
Trhr,0.104510109,0.748352711,0.016,0,1
Gm20324,0.104510109,0.861141334,0.016,0,1
A330009N23Rik,0.104510109,0.764391617,0.016,0,1
Rpl39l,0.104510109,1.45404025,0.016,0,1
Scarf2,0.104510109,0.909171901,0.016,0,1
Trp63,0.104510109,0.701546728,0.016,0,1
Hgd,0.104510109,0.580284906,0.016,0,1
Erg,0.104510109,1.333863281,0.016,0,1
Tmem217,0.104510109,1.216639396,0.016,0,1
1700097N02Rik,0.104510109,0.741737449,0.016,0,1
Cyp4f15,0.104510109,1.051214452,0.016,0,1
Gm16279,0.104510109,0.604681907,0.016,0,1
Gnmt,0.104510109,0.559490313,0.016,0,1
Lrg1,0.104510109,0.987144851,0.016,0,1
Acsbg2,0.104510109,0.519011193,0.016,0,1
Ttc39d,0.104510109,0.6349182,0.016,0,1
0710001A04Rik,0.104510109,0.611934412,0.016,0,1
Frmd8os,0.104510109,0.688868303,0.016,0,1
Htr7,0.104510109,1.234170131,0.016,0,1
Dach2,0.104510109,1.074122498,0.016,0,1
Mzf1,0.104516771,0.669573219,0.07,0.03,1
Gm16066,0.104516771,0.389518102,0.07,0.03,1
Sf3b3,0.104566145,0.269789072,0.658,0.555,1
Map3k1,0.104667466,-0.343712117,0.481,0.524,1
Ginm1,0.104726724,0.578465091,0.262,0.189,1
Usp15,0.104756196,-0.246071851,0.845,0.835,1
Adap1,0.104961881,-0.17250245,0.93,0.939,1
Dcst2,0.104981234,-0.979837427,0.011,0.037,1
Chrm2,0.104981234,-1.78426103,0.011,0.037,1
Gm7030,0.104981234,-1.033699411,0.011,0.037,1
Gm15246,0.104981234,-1.186499253,0.011,0.037,1
Ier2,0.105044533,0.296828559,0.599,0.518,1
2900076A07Rik,0.105076474,-0.872558252,0.193,0.262,1
Prr14,0.105276374,-0.277135773,0.626,0.652,1
Adi1,0.105352221,-0.450295635,0.353,0.402,1
Nrf1,0.105362309,-0.470142446,0.348,0.39,1
Zscan26,0.105389109,-0.299603206,0.588,0.646,1
Prr16,0.105394108,-0.816225263,0.241,0.305,1
Gm32618,0.105417195,-0.678604567,0.176,0.238,1
Trit1,0.105445815,0.493616181,0.128,0.073,1
1700021F05Rik,0.105724657,0.266916922,0.62,0.524,1
Htr1b,0.105794216,0.704793703,0.086,0.043,1
Pnp,0.10584176,0.273576358,0.519,0.433,1
1700094D03Rik,0.105848517,1.476226505,0.059,0.024,1
Rnf180,0.105848728,-0.65777607,0.08,0.134,1
Card9,0.105858563,-1.001273058,0.011,0.037,1
Scn4b,0.105858563,-1.075513582,0.011,0.037,1
9530051G07Rik,0.105858563,-0.94884577,0.011,0.037,1
Extl3,0.105906787,-0.195664059,0.749,0.744,1
Smim13,0.105907189,-0.113922276,0.968,0.951,1
Tcf4,0.105929472,-0.132356565,0.749,0.793,1
Rnf114,0.105993368,-0.257912368,0.545,0.579,1
Styx,0.106021153,-0.738733557,0.128,0.183,1
Zfp106,0.106127622,-0.199026505,0.791,0.823,1
Bcl2l2,0.106144635,-0.313316409,0.626,0.665,1
Zhx1,0.106265139,-0.166803012,0.658,0.762,1
Tmem63a,0.106296714,0.174571236,0.07,0.03,1
Zfp28,0.106572148,1.211016756,0.118,0.067,1
6530401F13Rik,0.106741696,-0.886963455,0.011,0.037,1
Dmc1,0.106741696,-0.972383076,0.011,0.037,1
Hes1,0.106753354,0.138213458,0.84,0.75,1
Cnot3,0.106777126,-0.287682906,0.701,0.762,1
Gda,0.106822838,-1.306900701,0.053,0.098,1
Gp1bb,0.106895341,0.53748243,0.07,0.03,1
Ttc33,0.106972368,-0.197204808,0.914,0.927,1
Slc35f5,0.107008317,-0.637934967,0.401,0.427,1
Zc3h12a,0.107018448,0.462232489,0.123,0.067,1
Psme3,0.107040912,0.220792372,0.802,0.756,1
1-Mar,0.107127398,-0.349350549,0.722,0.732,1
Dbx2,0.107128587,-0.727602168,0.021,0.055,1
Lrrfip1,0.107246432,-0.332805539,0.406,0.463,1
Mta3,0.107335114,-0.276130338,0.561,0.585,1
Htra1,0.107386258,-0.343068272,0.38,0.445,1
Nsg1,0.10741332,0.236066061,0.235,0.159,1
Ttc39c,0.107492197,0.279798031,0.556,0.457,1
Plekha1,0.107506296,-0.126561967,0.791,0.811,1
Nufip2,0.107577491,-0.259486315,0.909,0.89,1
Col25a1,0.107630659,-0.472516089,0.011,0.037,1
Ephb4,0.107630659,-0.755550032,0.011,0.037,1
Gm12002,0.107630659,-0.319719009,0.011,0.037,1
Trpv2,0.107638246,0.196328002,0.802,0.713,1
Scamp5,0.107658709,-0.287055461,0.775,0.762,1
Lmtk3,0.107663623,0.429995814,0.15,0.091,1
Tfrc,0.107706355,0.145645284,0.636,0.561,1
Pde4d,0.107959164,-0.171207112,0.947,0.951,1
Dcaf7,0.108051349,-0.230536466,0.856,0.86,1
Gnpda1,0.108088129,-0.475112664,0.364,0.415,1
Fam120a,0.108121436,0.220068672,0.898,0.854,1
4930422I22Rik,0.108167944,0.979735951,0.198,0.128,1
Agpat4,0.108192006,-0.26296266,0.84,0.841,1
Sun1,0.108278955,-0.524756716,0.439,0.47,1
Egf,0.108345663,-0.856702566,0.053,0.098,1
Kansl3,0.10841833,-0.339200698,0.642,0.659,1
Mtnr1a,0.108496147,0.454877756,0.128,0.073,1
Dock6,0.108590271,0.663041639,0.171,0.104,1
Mri1,0.108599783,0.368113557,0.283,0.207,1
Ext2,0.108624457,0.176985472,0.583,0.463,1
Polr1e,0.108971355,0.61446074,0.16,0.098,1
Pspc1,0.10901747,-0.41603802,0.46,0.543,1
Pltp,0.109134657,1.773558875,0.059,0.024,1
Cmtm7,0.109146629,-1.063094917,0.144,0.085,1
Ttc26,0.109321775,0.454579892,0.112,0.061,1
Git1,0.109369411,0.249286678,0.567,0.488,1
Hoxb2,0.109369411,-0.328695435,0.503,0.561,1
Hist1h1d,0.109426165,-0.844713191,0.011,0.037,1
Ece2,0.109441289,-0.133927756,0.765,0.805,1
Arnt2,0.109487978,-0.264702179,0.594,0.604,1
Smpdl3a,0.109492436,0.563140627,0.61,0.543,1
Pcdh15,0.109766951,-2.257767047,0.064,0.11,1
B3gat3,0.10982461,0.136785468,0.957,0.945,1
Ttll3,0.109838527,-0.126279691,0.059,0.104,1
Tex10,0.109847353,-0.26461269,0.508,0.543,1
Cpne4,0.109903529,-0.312359576,0.572,0.591,1
Zbtb45,0.109935439,-0.512352535,0.251,0.323,1
Eif2s3x,0.10998906,-0.220511969,0.904,0.939,1
Lzts3,0.109994311,-0.602528784,0.176,0.238,1
Mob1a,0.110096437,0.233712816,0.412,0.293,1
4933424G06Rik,0.110332756,-0.392761138,0.011,0.037,1
Pdzrn3,0.110397936,-0.49921199,0.118,0.177,1
Gm45708,0.110402762,-0.832677126,0.053,0.098,1
Zranb2,0.110414928,-0.153049974,0.941,0.97,1
Slc25a47,0.110471491,0.821253708,0.059,0.024,1
Krt79,0.110471491,-1.702249321,0.027,0.061,1
Mre11a,0.110519927,-0.607471583,0.209,0.268,1
Nrarp,0.110527943,0.466761706,0.15,0.091,1
Vamp5,0.110568709,0.387312965,0.16,0.098,1
Zc3h7b,0.110719761,-0.292786574,0.62,0.628,1
Dusp1,0.110720744,0.166576765,0.952,0.902,1
L3mbtl1,0.110736213,-0.673035119,0.064,0.11,1
Gm45606,0.11082871,-0.54980394,0.091,0.146,1
Erc2,0.110844287,-0.194671297,0.888,0.915,1
Atp2b4,0.11089604,-0.103766004,0.963,0.97,1
Tmem131,0.110953022,-0.215206906,0.663,0.646,1
Grb2,0.110988264,0.152598194,0.957,0.927,1
Uqcc2,0.11102097,0.104136243,0.989,0.988,1
Mga,0.111143944,-0.333394892,0.663,0.665,1
Nrros,0.111144741,-0.909754553,0.027,0.061,1
AA465934,0.111245269,-0.680341659,0.011,0.037,1
Csnk1g2,0.111332076,-0.255366409,0.893,0.915,1
Elmod3,0.111360795,0.31842263,0.176,0.11,1
Kri1,0.11145613,0.4181204,0.369,0.28,1
Slc25a26,0.111600754,-0.464201089,0.251,0.311,1
Zfand2a,0.111663148,-0.42265208,0.497,0.537,1
Higd1a,0.111731875,0.116802206,1,1,1
Ccdc159,0.111765952,0.370067306,0.273,0.189,1
Zfp57,0.111825241,-1.466293707,0.032,0.067,1
Zswim1,0.111933668,0.155043904,0.455,0.341,1
Ptbp3,0.112077196,-0.129038188,0.963,0.957,1
Zfp51,0.112196779,0.423900657,0.112,0.061,1
Bsg,0.112204648,0.108414157,0.979,0.97,1
Gm20208,0.112218044,-0.54037774,0.267,0.323,1
Lama4,0.112313524,0.293998672,0.62,0.549,1
Dusp11,0.112317676,0.17061247,0.663,0.573,1
C030034I22Rik,0.112500955,-0.944827161,0.027,0.061,1
Srsf1,0.112593378,-0.201849553,0.872,0.884,1
Igdcc4,0.112819605,0.53402835,0.187,0.122,1
Mrpl27,0.112849853,-0.102410473,0.909,0.884,1
Prdm16,0.112889157,0.123597331,0.348,0.25,1
Fam111a,0.112900251,0.276803499,0.198,0.128,1
Acta1,0.112900392,-0.522837932,0.353,0.39,1
Pcmt1,0.112918752,0.148559853,0.973,0.963,1
Dimt1,0.112987895,-0.682315565,0.171,0.226,1
Mrln,0.113183937,0.845834711,0.059,0.024,1
Mrps9,0.113213487,0.380766392,0.599,0.5,1
Myh10,0.11327093,-0.723313895,0.139,0.195,1
Hoxb5,0.113281839,-0.193663567,0.973,0.982,1
Cndp1,0.113306388,0.682748129,0.176,0.11,1
P4ha1,0.113312817,-0.375705821,0.455,0.5,1
Mrps34,0.113391723,0.107509434,0.893,0.78,1
Pomk,0.113432011,-0.396832745,0.348,0.402,1
Hoxa4,0.113521984,0.613396789,0.118,0.067,1
Lap3,0.113567906,0.227803758,0.647,0.579,1
Chordc1,0.113658449,-0.205185065,0.85,0.799,1
Vezf1,0.113676381,-0.386814199,0.775,0.72,1
Arhgef1,0.113690731,-0.247737532,0.385,0.457,1
Zswim3,0.113861369,0.380393876,0.187,0.116,1
Nsmce2,0.113930317,-0.267193921,0.561,0.616,1
Cdh11,0.114104809,0.132969795,0.385,0.28,1
A330102I10Rik,0.11411826,-0.534818621,0.257,0.317,1
Ccnk,0.114125701,0.299127113,0.417,0.323,1
Pot1a,0.114141628,-0.560104287,0.273,0.323,1
1810044D09Rik,0.114168734,0.572604145,0.251,0.177,1
Dexi,0.114179804,-0.1732647,0.626,0.646,1
1700123O20Rik,0.114337241,0.261827922,0.642,0.53,1
Nlrc5,0.114445253,-0.962180833,0.086,0.134,1
Gltp,0.114521698,0.218902561,0.642,0.518,1
Vdac2,0.114603231,0.141455449,0.963,0.97,1
Smad6,0.114667388,-0.455603767,0.144,0.207,1
Ptpa,0.114714482,-0.181929515,0.957,0.951,1
Atrn,0.114872269,-0.212799432,0.695,0.732,1
Ptges2,0.115086343,0.305504132,0.588,0.494,1
Chm,0.115117294,-0.215155892,0.781,0.744,1
Zbtb37,0.115172531,-0.562475496,0.182,0.244,1
Taz,0.115225787,-0.357735953,0.38,0.409,1
Lnpk,0.115251712,-0.352316793,0.733,0.72,1
Casd1,0.115262265,-0.34924326,0.738,0.762,1
Gnl1,0.115387425,-0.368330063,0.679,0.689,1
Gm36975,0.115412408,-0.69437643,0.118,0.171,1
A330023F24Rik,0.115457928,-0.432460131,0.433,0.488,1
A230051N06Rik,0.11556095,-0.755646706,0.091,0.14,1
Lemd2,0.115620278,-0.449187122,0.241,0.305,1
Tent4b,0.115692697,-0.343982773,0.444,0.506,1
Grik4,0.115772079,0.266901381,0.583,0.488,1
Oas1c,0.11582001,0.557859038,0.257,0.177,1
Ak3,0.115846914,-0.180081173,0.818,0.835,1
Ccdc62,0.115888092,0.313145095,0.16,0.098,1
Pcdh10,0.115903143,-0.190025606,0.893,0.872,1
Cstad,0.115948587,0.673315695,0.059,0.024,1
Polr2j,0.116026644,0.163608143,0.957,0.915,1
Pcyt2,0.11610449,0.210732201,0.834,0.835,1
Ino80dos,0.116304902,0.621772531,0.187,0.128,1
Garnl3,0.116337677,-0.240161456,0.818,0.835,1
Stk19,0.11643175,0.248043032,0.604,0.488,1
Epb41l5,0.116538244,-0.432349625,0.401,0.439,1
Ipo7,0.116592112,-0.245964989,0.77,0.793,1
Fat4,0.116647976,0.705865308,0.059,0.024,1
Bcl9,0.117015031,-0.120277351,0.529,0.561,1
Zfp444,0.11706066,0.405257288,0.497,0.415,1
Pold3,0.11711513,-1.009206169,0.235,0.28,1
Snap29,0.117117052,0.472374833,0.364,0.28,1
Nup62,0.117271002,-0.230683816,0.636,0.659,1
Gm15614,0.117424566,-0.84650683,0.07,0.116,1
Ltk,0.117639283,-0.476987445,0.123,0.183,1
Ddx39,0.117649522,0.964340363,0.128,0.079,1
Prr12,0.117663537,-0.290438195,0.535,0.555,1
Gm17354,0.117711515,-0.752236509,0.064,0.11,1
Als2,0.117754194,-0.619563999,0.187,0.244,1
Cacna2d2,0.11778257,-0.1540196,0.781,0.787,1
Slc9a2,0.117787673,-0.720847349,0.091,0.14,1
Samd8,0.117815598,-0.517746307,0.604,0.64,1
Armcx4,0.117840727,-0.31505578,0.604,0.628,1
Zzz3,0.117932364,-0.319503395,0.647,0.683,1
Thoc2,0.117932364,-0.242621857,0.647,0.683,1
Hipk2,0.117973074,0.165800731,0.615,0.494,1
Man2a1,0.11800833,-0.478034823,0.289,0.366,1
Vps33b,0.118052071,-0.13427983,0.225,0.287,1
Fmnl3,0.118056691,0.658992861,0.059,0.024,1
Il17ra,0.118125406,0.473215225,0.112,0.061,1
Sat1,0.118166794,0.291644671,0.84,0.793,1
A330084C13Rik,0.118244935,0.398226182,0.278,0.201,1
Cfap298,0.118257361,0.160755094,0.578,0.451,1
2210406O10Rik,0.118377179,-0.413420367,0.278,0.335,1
Irak2,0.118540114,-0.732123045,0.086,0.134,1
Dscam,0.118572991,-0.526868439,0.144,0.207,1
4933439C10Rik,0.11862325,-0.728601744,0.187,0.238,1
Atf3,0.11875879,-0.173372384,0.957,0.933,1
Fer,0.118769763,-0.266394293,0.604,0.659,1
Ripk2,0.118797114,-0.158509553,0.492,0.555,1
Rapgef5,0.118801795,0.549644103,0.39,0.305,1
Rp2,0.118988356,-0.522454498,0.278,0.335,1
Pdk1,0.119113368,-0.244508006,0.289,0.335,1
Lonrf1,0.119116521,-0.305308559,0.412,0.482,1
Lrp6,0.119260789,-0.115241377,0.519,0.567,1
Dhx38,0.119405855,0.330259237,0.278,0.201,1
Fam219b,0.119479835,0.381870289,0.604,0.524,1
Fzd3,0.119535327,-0.195579967,0.904,0.921,1
Blzf1,0.119598685,-0.700567,0.31,0.372,1
Dhfr,0.119623169,-0.769545247,0.144,0.195,1
Ormdl1,0.119626246,-0.268578104,0.193,0.268,1
Apobec1,0.119722694,0.52415603,0.086,0.043,1
Klhl8,0.119732425,-0.341758078,0.465,0.5,1
6-Sep,0.119754537,0.221958264,0.872,0.841,1
Zfp808,0.119766526,-0.782280726,0.064,0.11,1
Cmc4,0.119798711,-0.572667258,0.561,0.616,1
Slc7a2,0.120117295,0.356519758,0.364,0.274,1
Gsap,0.120144101,-0.645564859,0.155,0.213,1
Timm22,0.120171454,0.174295193,0.84,0.793,1
Col16a1,0.120188423,0.550589579,0.187,0.122,1
Cbx2,0.120194746,0.154208247,0.059,0.024,1
Slc30a9,0.120196529,-0.16334634,0.925,0.915,1
Ctsd,0.120289639,0.121656494,0.979,0.988,1
Phf12,0.120298375,-0.46164782,0.449,0.488,1
Hist1h4i,0.12037288,-0.748969979,0.241,0.305,1
Loxl2,0.12037619,-1.378343822,0.032,0.067,1
Cd320,0.120376327,0.220312261,0.358,0.262,1
Gm47271,0.120480818,-1.371921617,0.037,0.073,1
2810021J22Rik,0.120920296,0.267977563,0.128,0.073,1
Pan2,0.120938767,-0.635590504,0.128,0.183,1
Mblac2,0.120944968,-0.374225454,0.599,0.61,1
Nupl2,0.120951472,-0.60068819,0.198,0.256,1
Morn4,0.121008017,-0.303047132,0.69,0.732,1
Gm15832,0.121054599,-0.986481748,0.032,0.067,1
Ube2v2,0.121299576,0.143780705,0.989,0.976,1
Gemin6,0.121334765,0.250601353,0.23,0.159,1
Pym1,0.121379057,-0.70154619,0.171,0.22,1
Supt20,0.121401907,-0.389257356,0.626,0.622,1
Zcchc4,0.121441764,-1.203720122,0.187,0.238,1
Steap1,0.121636877,0.320894219,0.059,0.024,1
Mtrex,0.121844889,-0.344661266,0.599,0.598,1
Dgkd,0.121895623,-0.345914485,0.455,0.494,1
Polr3a,0.121897017,-0.501474894,0.246,0.293,1
Steap2,0.121913381,-0.573701324,0.225,0.274,1
Zfp933,0.121984781,-0.1792008,0.209,0.274,1
Rgs8,0.122026904,-0.467181398,0.209,0.268,1
D730003I15Rik,0.122094802,-0.52282467,0.326,0.39,1
Zcchc24,0.122152209,0.123087967,0.246,0.165,1
Ap3d1,0.122169713,0.266397182,0.834,0.768,1
Btg1,0.122183291,0.198732449,0.877,0.817,1
Nmur1,0.12218534,1.240174914,0.048,0.018,1
Lgr5,0.12233185,0.368025206,0.241,0.171,1
Gpr3,0.122362999,0.582954106,0.059,0.024,1
Cfp,0.122420387,-1.119805733,0.032,0.067,1
Ppil3,0.122657339,0.166637787,0.749,0.652,1
Cd3eap,0.122666421,-0.595909688,0.187,0.244,1
Bola1,0.122732446,0.33037898,0.834,0.787,1
Rars2,0.122868659,-0.446879725,0.294,0.354,1
Rmi1,0.122992491,-0.465499258,0.337,0.384,1
Zfp790,0.123020734,0.345567879,0.123,0.073,1
Ncstn,0.123048478,-0.200400855,0.647,0.695,1
Stac3,0.123092504,-0.682189718,0.027,0.061,1
Zfp692,0.123160679,-0.604330318,0.16,0.207,1
Tmem135,0.123199396,-0.32341027,0.706,0.713,1
Cep192,0.123269164,-0.744293688,0.091,0.14,1
G3bp1,0.123277985,-0.239502277,0.856,0.854,1
Gpatch4,0.123363084,0.339224565,0.529,0.457,1
Pptc7,0.123425925,-0.339988538,0.754,0.75,1
Zranb1,0.123466644,0.142043913,0.77,0.646,1
Stat5a,0.123589814,-0.873192473,0.187,0.238,1
Arl6ip6,0.123694318,-0.867483461,0.214,0.268,1
Tmem164,0.123752686,0.535583952,0.316,0.232,1
Gm4356,0.123825401,0.3710481,0.059,0.024,1
Myl1,0.123957019,0.392433206,0.374,0.287,1
Crabp2,0.123960755,-0.83082388,0.064,0.11,1
Sox5,0.124097995,0.253128925,0.209,0.14,1
Taf1,0.124152542,0.22449914,0.77,0.713,1
Ddr2,0.124189884,0.201609155,0.519,0.402,1
Pard6b,0.124201808,0.568242379,0.139,0.085,1
Rasip1,0.124245635,0.606845798,0.166,0.11,1
Abraxas2,0.124292816,-0.285077453,0.631,0.659,1
Cep135,0.12438082,-0.682370903,0.166,0.22,1
Gm9828,0.124459085,-0.473914024,0.187,0.244,1
Snx18,0.124695277,-0.189608871,0.727,0.756,1
Btaf1,0.124714167,-0.359689621,0.513,0.524,1
Cacna2d3,0.125049992,0.508408324,0.326,0.256,1
Phldb1,0.12507587,0.407531932,0.214,0.146,1
Phf20,0.125086815,0.133756169,0.877,0.829,1
Gm37640,0.125456128,0.764571498,0.048,0.018,1
Ube4bos1,0.125456128,2.291003703,0.048,0.018,1
Arl2,0.12552494,0.149760468,0.963,0.957,1
Syt16,0.125529452,-0.172011935,0.791,0.817,1
Impa2,0.125549162,0.737801204,0.112,0.067,1
Pcp4l1,0.125551398,0.820731264,0.193,0.128,1
Taf1c,0.125693593,-0.745074625,0.123,0.177,1
Kdm2b,0.125826185,0.313192926,0.358,0.28,1
AU041133,0.125889837,0.274726407,0.262,0.189,1
Polh,0.126102545,-0.726664596,0.086,0.134,1
Tnpo2,0.126310008,-0.212522001,0.791,0.793,1
Crlf3,0.126324845,-0.543622725,0.369,0.409,1
Copb1,0.126351315,-0.14677768,0.583,0.604,1
Trim35,0.126381728,-0.106765661,0.936,0.921,1
Scarb2,0.126386903,-0.137099369,0.872,0.89,1
Taf2,0.126473849,-0.407250795,0.358,0.421,1
Snrnp200,0.126513119,-0.472309192,0.503,0.543,1
Tmem265,0.12651657,-0.505923463,0.171,0.244,1
Isoc1,0.126671593,-0.277026354,0.888,0.878,1
Tgm4,0.126672123,-1.319552825,0.016,0.043,1
Gm31513,0.126672123,-1.160918846,0.016,0.043,1
1700105P06Rik,0.126672123,-1.467205168,0.016,0.043,1
Smad2,0.126750578,-0.184594602,0.733,0.762,1
Nsd2,0.126751903,-0.215568685,0.888,0.902,1
Rbm33,0.126826248,-0.275993705,0.481,0.53,1
Fam8a1,0.127042711,-0.118487118,0.888,0.872,1
Adgrl4,0.12711691,1.426522501,0.048,0.018,1
Gfpt2,0.12711691,0.735162267,0.048,0.018,1
Ccn4,0.12711691,0.744078017,0.048,0.018,1
Crls1,0.1271329,-0.305276252,0.717,0.695,1
Fam43b,0.127399272,0.32729424,0.738,0.671,1
Gm13091,0.127512685,0.447003818,0.086,0.043,1
Dusp6,0.127719411,0.25791931,0.316,0.232,1
Klhl20,0.127746329,-0.408702371,0.572,0.591,1
Asah1,0.127869281,-0.186556906,0.679,0.713,1
Agl,0.127897278,-0.116632363,0.786,0.823,1
Nfkbib,0.127902147,0.314882429,0.348,0.274,1
Myl9,0.127953692,0.648621181,0.048,0.018,1
Cnn2,0.127965987,0.53039253,0.118,0.067,1
Khdrbs1,0.12799477,-0.173479912,0.85,0.89,1
Gm49179,0.128004263,-0.860161227,0.032,0.067,1
Mrrf,0.128119258,-0.205428957,0.615,0.616,1
Wbp2,0.128289029,-0.103988973,0.968,0.982,1
Shd,0.12829537,-0.380040361,0.476,0.524,1
Pcdh20,0.128471491,-0.261461887,0.257,0.335,1
Pla2g4c,0.128715955,-1.108968708,0.032,0.067,1
Gm15743,0.128715955,-0.813151438,0.032,0.067,1
Gm17396,0.128771473,-0.232556792,0.433,0.47,1
1700095J03Rik,0.128794751,0.724102849,0.048,0.018,1
C430002N11Rik,0.128794751,0.67255765,0.048,0.018,1
Lman2l,0.129027512,-0.382044886,0.385,0.445,1
Zfp943,0.129051993,0.36875845,0.342,0.256,1
Akap5,0.129063634,-1.274309211,0.037,0.073,1
Rrs1,0.129086908,0.414493676,0.39,0.311,1
Rft1,0.129099174,-0.441943941,0.235,0.287,1
Myt1l,0.12934651,0.201103208,0.963,0.97,1
Bdh1,0.12938384,0.302509013,0.401,0.311,1
Fam149b,0.129416692,0.189454888,0.556,0.457,1
Serpinb6c,0.129422652,-1.246333093,0.016,0.043,1
Gm20075,0.129422652,-1.108052432,0.016,0.043,1
Rab24,0.129426196,0.15551275,0.941,0.921,1
Wdr47,0.129446514,-0.174158388,0.904,0.902,1
Adarb1,0.129463019,-0.423653056,0.176,0.25,1
Smim15,0.129547677,0.154985253,0.727,0.561,1
Il31ra,0.129556055,1.411269718,0.123,0.073,1
Ddx6,0.129598977,-0.142642605,0.936,0.97,1
Slc26a8,0.129640099,0.634761915,0.048,0.018,1
Mettl26,0.129694044,0.240303207,0.754,0.683,1
Fut10,0.129700272,-0.7486083,0.15,0.201,1
Sp100,0.129751067,-0.523016655,0.257,0.317,1
Thnsl2,0.129853431,0.538313815,0.155,0.098,1
Tmem186,0.129877982,-0.560811096,0.176,0.232,1
Rbm7,0.129943066,0.127730405,0.497,0.409,1
Srp54a,0.130012525,0.294605271,0.556,0.488,1
Bahd1,0.130133792,-0.44116384,0.31,0.366,1
Dennd5a,0.130268885,-0.223887944,0.834,0.884,1
Tbc1d13,0.130324965,-0.44266825,0.449,0.506,1
Gm13986,0.130349731,-1.095912987,0.016,0.043,1
Taf1d,0.130480589,-0.634221994,0.444,0.488,1
Pou5f2,0.130489749,0.662554902,0.048,0.018,1
Bmp1,0.130489749,0.634199786,0.048,0.018,1
Gtpbp4,0.130587436,-0.33619191,0.62,0.61,1
Sqstm1,0.130683503,-0.18060536,0.957,0.976,1
Atad2b,0.130760088,-0.532024899,0.337,0.39,1
Atp6v1h,0.130762073,-0.293168225,0.701,0.756,1
Rab5a,0.130799543,-0.162844945,0.963,0.933,1
Tbc1d31,0.130989609,-0.578985112,0.112,0.165,1
Dyrk3,0.131281954,-1.070151294,0.016,0.043,1
Gm29865,0.131281954,-1.036629025,0.016,0.043,1
Tmem204,0.131281954,-1.037581458,0.016,0.043,1
Klf2,0.131302196,0.499479816,0.262,0.189,1
Daam2,0.131321944,0.181180454,0.417,0.335,1
Procr,0.131343713,0.379456984,0.048,0.018,1
Gm19719,0.131343713,0.505158416,0.048,0.018,1
Hyal1,0.131343713,0.628711156,0.048,0.018,1
Ap1s2,0.131359231,-0.139919612,0.973,0.97,1
Cxxc5,0.131460363,0.112149168,0.856,0.78,1
Oprk1,0.131492946,-1.441163364,0,0.012,1
Cpa6,0.131492946,-0.811988878,0,0.012,1
Gm16070,0.131492946,-0.782687788,0,0.012,1
4930568A12Rik,0.131492946,-0.814790659,0,0.012,1
Gm28319,0.131492946,-0.749971447,0,0.012,1
9530026F06Rik,0.131492946,-0.82009254,0,0.012,1
Pth2r,0.131492946,-0.73039287,0,0.012,1
Erbb4,0.131492946,-1.327930735,0,0.012,1
Gm28294,0.131492946,-0.745968077,0,0.012,1
Ngef,0.131492946,-0.714984165,0,0.012,1
Gm20268,0.131492946,-0.72075202,0,0.012,1
Chit1,0.131492946,-0.815900786,0,0.012,1
Crb1,0.131492946,-0.818325957,0,0.012,1
Gpr52,0.131492946,-0.840351636,0,0.012,1
Fmo4,0.131492946,-0.935755949,0,0.012,1
Gm32391,0.131492946,-0.707191871,0,0.012,1
1-Mar,0.131492946,-0.77181843,0,0.012,1
Ush2a,0.131492946,-0.872922831,0,0.012,1
Gm38348,0.131492946,-0.835963433,0,0.012,1
Ucma,0.131492946,-0.900585119,0,0.012,1
Gm13199,0.131492946,-0.806028685,0,0.012,1
A230005M16Rik,0.131492946,-0.692781213,0,0.012,1
1810012K08Rik,0.131492946,-0.866444612,0,0.012,1
Fibcd1,0.131492946,-0.771297302,0,0.012,1
Lypd6,0.131492946,-0.890633893,0,0.012,1
Acvr1c,0.131492946,-0.819268727,0,0.012,1
Gm13703,0.131492946,-0.778807825,0,0.012,1
Chn1os3,0.131492946,-1.122083832,0,0.012,1
Gm13943,0.131492946,-0.864495916,0,0.012,1
Chrm4,0.131492946,-0.788412372,0,0.012,1
Foxs1,0.131492946,-0.743612709,0,0.012,1
Adig,0.131492946,-0.804402806,0,0.012,1
Hnf4aos,0.131492946,-1.727392366,0,0.012,1
Gm11457,0.131492946,-0.821534281,0,0.012,1
Gm11465,0.131492946,-0.990332777,0,0.012,1
Gm14320,0.131492946,-1.143653104,0,0.012,1
Gm14435,0.131492946,-0.79513547,0,0.012,1
Gm16685,0.131492946,-0.784928688,0,0.012,1
Gm30667,0.131492946,-1.352483719,0,0.012,1
Gm42609,0.131492946,-0.73079662,0,0.012,1
Tmod4,0.131492946,-0.990461187,0,0.012,1
Gm20633,0.131492946,-0.866332731,0,0.012,1
Cd101,0.131492946,-0.798824448,0,0.012,1
Syt6,0.131492946,-0.818555748,0,0.012,1
Gm42701,0.131492946,-1.035801846,0,0.012,1
1700013F07Rik,0.131492946,-0.778145276,0,0.012,1
Abca4,0.131492946,-0.852440923,0,0.012,1
4930447N08Rik,0.131492946,-0.845979831,0,0.012,1
9830132P13Rik,0.131492946,-0.927842325,0,0.012,1
Gm29811,0.131492946,-0.758101936,0,0.012,1
Gm43572,0.131492946,-0.908048961,0,0.012,1
1700094M23Rik,0.131492946,-0.771297302,0,0.012,1
Cth,0.131492946,-1.105279273,0,0.012,1
Gm11884,0.131492946,-1.539236134,0,0.012,1
Gpr63,0.131492946,-0.958517805,0,0.012,1
Fam219aos,0.131492946,-0.686267643,0,0.012,1
Fam205c,0.131492946,-3.398065481,0,0.012,1
Stra6l,0.131492946,-0.949285723,0,0.012,1
Svep1,0.131492946,-1.918350067,0,0.012,1
Orm3,0.131492946,-0.809533507,0,0.012,1
Tyrp1,0.131492946,-0.755778757,0,0.012,1
Gm44037,0.131492946,-0.764614462,0,0.012,1
4921539E11Rik,0.131492946,-0.733941285,0,0.012,1
Dmbx1,0.131492946,-0.814640758,0,0.012,1
Mpl,0.131492946,-1.391100171,0,0.012,1
Gm28874,0.131492946,-0.739802111,0,0.012,1
Agmat,0.131492946,-0.855302771,0,0.012,1
Zfp985,0.131492946,-0.733591686,0,0.012,1
Fv1,0.131492946,-0.843280784,0,0.012,1
Masp2,0.131492946,-0.745363459,0,0.012,1
Gm572,0.131492946,-0.88667919,0,0.012,1
Gabrd,0.131492946,-0.948536908,0,0.012,1
Gm42744,0.131492946,-0.922366018,0,0.012,1
Wdr86,0.131492946,-0.766504581,0,0.012,1
4930557J02Rik,0.131492946,-1.047171916,0,0.012,1
Drd5,0.131492946,-1.045965268,0,0.012,1
Gm42745,0.131492946,-0.88546474,0,0.012,1
Gm3716,0.131492946,-0.82852218,0,0.012,1
Gm10135,0.131492946,-0.772230923,0,0.012,1
Gm43057,0.131492946,-2.242775808,0,0.012,1
9330198I05Rik,0.131492946,-1.012367524,0,0.012,1
Gm43118,0.131492946,-0.818130889,0,0.012,1
Grk3,0.131492946,-0.761688905,0,0.012,1
Hnf1a,0.131492946,-0.742218529,0,0.012,1
Nxph1,0.131492946,-0.707005992,0,0.012,1
Atp6v0a4,0.131492946,-1.000859848,0,0.012,1
Gm21284,0.131492946,-0.905503319,0,0.012,1
Prokr1,0.131492946,-0.785639811,0,0.012,1
Gm44265,0.131492946,-0.834906242,0,0.012,1
Gm44123,0.131492946,-0.904355515,0,0.012,1
Clec1a,0.131492946,-0.868430946,0,0.012,1
Klrk1,0.131492946,-2.788117987,0,0.012,1
Kcnj8,0.131492946,-1.095509781,0,0.012,1
D030047H15Rik,0.131492946,-0.923726888,0,0.012,1
Gmfg,0.131492946,-0.611815904,0,0.012,1
Aspdh,0.131492946,-0.941244211,0,0.012,1
Napsa,0.131492946,-0.966524235,0,0.012,1
Mrgpra1,0.131492946,-0.816296861,0,0.012,1
Chrna7,0.131492946,-1.20231756,0,0.012,1
Gm32633,0.131492946,-0.753239539,0,0.012,1
Gm21057,0.131492946,-0.793120113,0,0.012,1
Rsf1os2,0.131492946,-0.640901298,0,0.012,1
Lrrc32,0.131492946,-0.793086739,0,0.012,1
Olfr552,0.131492946,-0.75380477,0,0.012,1
B230206H07Rik,0.131492946,-0.935434618,0,0.012,1
Gm31371,0.131492946,-0.934104193,0,0.012,1
Gm45570,0.131492946,-1.268778665,0,0.012,1
Poteg,0.131492946,-0.991346811,0,0.012,1
Fgf20,0.131492946,-0.882348704,0,0.012,1
Gm19744,0.131492946,-0.936271878,0,0.012,1
Inpp4b,0.131492946,-0.860140145,0,0.012,1
Gm10644,0.131492946,-0.960706176,0,0.012,1
Gm30606,0.131492946,-0.983377472,0,0.012,1
Drc7,0.131492946,-0.821295163,0,0.012,1
Gm16156,0.131492946,-0.7610146,0,0.012,1
Dpep2.1,0.131492946,-0.75953012,0,0.012,1
Gm45904,0.131492946,-1.136192971,0,0.012,1
Gm15655,0.131492946,-0.632982054,0,0.012,1
Atp2c2,0.131492946,-1.117729356,0,0.012,1
Tmem45b,0.131492946,-0.886936089,0,0.012,1
Ttk,0.131492946,-0.953239127,0,0.012,1
Bfsp2,0.131492946,-0.689703658,0,0.012,1
Gm9917,0.131492946,-0.964324972,0,0.012,1
Cdhr4,0.131492946,-0.803616493,0,0.012,1
Ccdc36,0.131492946,-0.796133081,0,0.012,1
Gm35025,0.131492946,-0.869033197,0,0.012,1
Tmppe,0.131492946,-0.813619589,0,0.012,1
Gm47112,0.131492946,-0.905298499,0,0.012,1
Gm48281,0.131492946,-0.780705506,0,0.012,1
Ak9,0.131492946,-1.023571185,0,0.012,1
Gm47398,0.131492946,-0.791679247,0,0.012,1
4933428P19Rik,0.131492946,-0.790389255,0,0.012,1
Arhgap45,0.131492946,-0.769809805,0,0.012,1
A230060F14Rik,0.131492946,-0.766326434,0,0.012,1
Gm48521,0.131492946,-1.49172991,0,0.012,1
Rassf9,0.131492946,-1.266274263,0,0.012,1
Ptprq,0.131492946,-0.83029332,0,0.012,1
9230102K24Rik,0.131492946,-0.749218367,0,0.012,1
Ifngas1,0.131492946,-0.756531937,0,0.012,1
4930484H19Rik,0.131492946,-0.811480824,0,0.012,1
Nxph4,0.131492946,-0.900585119,0,0.012,1
Fbxo48,0.131492946,-0.823528763,0,0.012,1
A830031A19Rik,0.131492946,-0.941244211,0,0.012,1
Gm12082,0.131492946,-0.815387907,0,0.012,1
Gjc2,0.131492946,-0.695657925,0,0.012,1
Kdm6bos,0.131492946,-0.731851771,0,0.012,1
Ybx2,0.131492946,-0.947653994,0,0.012,1
Ccl11,0.131492946,-0.908075219,0,0.012,1
Fndc8,0.131492946,-0.803683492,0,0.012,1
Gm11444,0.131492946,-0.928211386,0,0.012,1
Ttll6,0.131492946,-0.802232609,0,0.012,1
Krt28,0.131492946,-0.758168753,0,0.012,1
Gm11940,0.131492946,-0.80066907,0,0.012,1
Gm11639,0.131492946,-0.742580131,0,0.012,1
Sstr2,0.131492946,-0.781372744,0,0.012,1
Cd300lf,0.131492946,-0.800059047,0,0.012,1
Gm46323,0.131492946,-0.808160659,0,0.012,1
4930549C15Rik,0.131492946,-0.764614462,0,0.012,1
Gm29542,0.131492946,-0.831757384,0,0.012,1
Gm48559,0.131492946,-0.89598844,0,0.012,1
Gm47545,0.131492946,-0.937316017,0,0.012,1
Gm47941,0.131492946,-0.9463966,0,0.012,1
Gm47819,0.131492946,-0.878513642,0,0.012,1
Gm26531,0.131492946,-0.777362266,0,0.012,1
4732487G21Rik,0.131492946,-0.816245729,0,0.012,1
Catsperb,0.131492946,-0.709077537,0,0.012,1
1700001K19Rik,0.131492946,-0.76990251,0,0.012,1
Ighd,0.131492946,-0.820144584,0,0.012,1
Hist1h4n,0.131492946,-0.861121768,0,0.012,1
Gm4035,0.131492946,-0.809026885,0,0.012,1
Mak,0.131492946,-0.870551661,0,0.012,1
Gm26877,0.131492946,-0.991346811,0,0.012,1
Gm47460,0.131492946,-0.834587639,0,0.012,1
Drd1,0.131492946,-0.807430028,0,0.012,1
Gm17039,0.131492946,-0.972985888,0,0.012,1
Adamts16,0.131492946,-0.788635345,0,0.012,1
Slc9a3,0.131492946,-0.708963871,0,0.012,1
Otp,0.131492946,-0.790246787,0,0.012,1
Gm48684,0.131492946,-0.756848364,0,0.012,1
Gm17509,0.131492946,-0.806882446,0,0.012,1
B430218F22Rik,0.131492946,-0.914299616,0,0.012,1
Gm2974,0.131492946,-0.827315204,0,0.012,1
Gm3839,0.131492946,-0.837604615,0,0.012,1
Olfr729,0.131492946,-0.806648386,0,0.012,1
Olfr731,0.131492946,-0.745920145,0,0.012,1
Gm30275,0.131492946,-0.961951753,0,0.012,1
Ajuba,0.131492946,-0.827163697,0,0.012,1
1700109G14Rik,0.131492946,-0.892759878,0,0.012,1
4930413F20Rik,0.131492946,-0.92289647,0,0.012,1
4930447A16Rik,0.131492946,-0.862478229,0,0.012,1
Gm35167,0.131492946,-0.892005061,0,0.012,1
Anxa13,0.131492946,-0.916857647,0,0.012,1
Gm49422,0.131492946,-0.757438305,0,0.012,1
Gm10865,0.131492946,-0.792293724,0,0.012,1
Gm16059,0.131492946,-0.950305517,0,0.012,1
Gm49172,0.131492946,-0.800171618,0,0.012,1
Gm30371,0.131492946,-0.796967216,0,0.012,1
Gm26822,0.131492946,-0.811832347,0,0.012,1
Aifm3,0.131492946,-0.763949609,0,0.012,1
Gm49745,0.131492946,-0.995206374,0,0.012,1
Adipoq,0.131492946,-0.908737504,0,0.012,1
2600002D14Rik,0.131492946,-0.894155227,0,0.012,1
Tigit,0.131492946,-0.715466189,0,0.012,1
4933411O13Rik,0.131492946,-0.769639913,0,0.012,1
Gm15555,0.131492946,-0.873215013,0,0.012,1
4931406G06Rik,0.131492946,-0.906847941,0,0.012,1
Gm41517,0.131492946,-1.019943009,0,0.012,1
Gm34510,0.131492946,-1.536100971,0,0.012,1
Gm50316,0.131492946,-0.843670718,0,0.012,1
Gm50050,0.131492946,-0.768155736,0,0.012,1
C4a,0.131492946,-0.876976936,0,0.012,1
St6gal2,0.131492946,-0.833601836,0,0.012,1
Gm4566,0.131492946,-1.400342941,0,0.012,1
Gm49969,0.131492946,-0.69223608,0,0.012,1
Gm10309,0.131492946,-0.847573481,0,0.012,1
Gm50063,0.131492946,-0.815178119,0,0.012,1
C330008A17Rik,0.131492946,-0.871180063,0,0.012,1
Pcdhgb6,0.131492946,-0.869641244,0,0.012,1
Spink13,0.131492946,-0.801490867,0,0.012,1
Gm41764,0.131492946,-0.847772892,0,0.012,1
Rbfaos,0.131492946,-0.780657796,0,0.012,1
2010003K11Rik,0.131492946,-0.765736164,0,0.012,1
Fermt3,0.131492946,-1.49934544,0,0.012,1
Scgb1a1,0.131492946,-0.902288717,0,0.012,1
Cd5,0.131492946,-1.158675137,0,0.012,1
Ms4a13,0.131492946,-1.06730398,0,0.012,1
Pip5k1bos,0.131492946,-0.833123529,0,0.012,1
Gm29863,0.131492946,-0.827696294,0,0.012,1
A930028N01Rik,0.131492946,-0.758354516,0,0.012,1
Gm45352,0.131492946,-0.841127644,0,0.012,1
Gm14636,0.131492946,-0.79143982,0,0.012,1
Gm16189,0.131492946,-0.799652188,0,0.012,1
5430427O19Rik,0.131492946,-0.928138379,0,0.012,1
Fgf16,0.131492946,-0.79222812,0,0.012,1
Gucy2f,0.131492946,-0.793086739,0,0.012,1
Tubb1,0.131492946,-0.732907698,0,0.012,1
Gm30498,0.131492946,-0.809542287,0,0.012,1
Gm15856,0.131492946,-0.908047744,0,0.012,1
Klhl31,0.131492946,-0.720584094,0,0.012,1
Psors1c2,0.131492946,-0.7495653,0,0.012,1
Gm47898,0.131492946,-0.860663501,0,0.012,1
Ppil1,0.131579202,0.278840932,0.39,0.299,1
Gm37679,0.131651677,-1.02834003,0.005,0.024,1
Thbs1,0.131651677,-1.044624746,0.005,0.024,1
Sox18,0.131651677,-1.126413708,0.005,0.024,1
Gm43259,0.131651677,-1.255624994,0.005,0.024,1
Frmpd1os,0.131651677,-1.006320429,0.005,0.024,1
Mfap2,0.131651677,-1.161204252,0.005,0.024,1
Gbx1,0.131651677,-0.992587402,0.005,0.024,1
Gm43378,0.131651677,-1.006823152,0.005,0.024,1
4930587E11Rik,0.131651677,-0.89574167,0.005,0.024,1
Gm29638,0.131651677,-1.657941862,0.005,0.024,1
Fbxw10,0.131651677,-1.035479599,0.005,0.024,1
Gm49938,0.131651677,-0.982389021,0.005,0.024,1
Pcdhga11,0.131651677,-1.082832392,0.005,0.024,1
Gm30093,0.131651677,-0.901495145,0.005,0.024,1
Gm50334,0.131651677,-1.032510864,0.005,0.024,1
Itprip,0.131651677,-1.19064606,0.005,0.024,1
Gm45338,0.131775316,-0.402262758,0.289,0.354,1
Efl1,0.131799073,-0.572941859,0.139,0.195,1
Acaa2,0.131868962,-0.390263852,0.492,0.543,1
Ddit3,0.131952529,0.316697289,0.695,0.604,1
1600012H06Rik,0.132021505,-0.377957003,0.342,0.402,1
Grb14,0.132122586,0.335205333,0.353,0.262,1
Ccdc102a,0.132202004,0.785374828,0.048,0.018,1
Tmem130,0.132213474,-0.271137511,0.759,0.799,1
5430400D12Rik,0.132219339,-1.063580595,0.016,0.043,1
A530083I20Rik,0.132219339,-1.175040337,0.016,0.043,1
Rhbdl3,0.132264191,0.852401999,0.171,0.116,1
Ifnar1,0.132313683,-0.332274646,0.529,0.549,1
Gm13524,0.132320625,-0.795098729,0.032,0.067,1
Msi1,0.132450404,-0.318242999,0.278,0.36,1
Thop1,0.132471414,0.598986679,0.316,0.232,1
9630028I04Rik,0.132488459,-0.854321072,0.037,0.073,1
Suz12,0.13252084,0.105998746,0.85,0.817,1
Sorbs3,0.132659888,1.100838011,0.037,0.012,1
Cdc42ep3,0.132754461,0.25532553,0.38,0.293,1
Mbd1,0.132767264,0.229251267,0.471,0.366,1
Ifi203,0.132972202,-1.447789595,0.005,0.024,1
Lhx6,0.132972202,-0.935986434,0.005,0.024,1
AB041806,0.132972202,-0.99354356,0.005,0.024,1
Gm13166,0.132972202,-1.03770678,0.005,0.024,1
Gm26692,0.132972202,-0.952191766,0.005,0.024,1
1810019N24Rik,0.132972202,-0.926520887,0.005,0.024,1
Cyb5r2,0.132972202,-1.041694209,0.005,0.024,1
2810030D12Rik,0.132972202,-1.086279889,0.005,0.024,1
Pln,0.132972202,-0.909837292,0.005,0.024,1
Vrk2,0.132972202,-0.994639709,0.005,0.024,1
Catsper3,0.132972202,-0.960905622,0.005,0.024,1
Htr4,0.132972202,-0.946518673,0.005,0.024,1
Alyref,0.132980144,-0.355154168,0.813,0.817,1
Mpdz,0.133074079,-0.148673445,0.856,0.854,1
Gm26881,0.133112431,-0.655698484,0.209,0.256,1
2010300C02Rik,0.1331619,-2.070225687,0.016,0.043,1
D830030K20Rik,0.1331619,-1.069797193,0.016,0.043,1
Ntm,0.133232422,-1.092111757,0.273,0.323,1
H2-Q4,0.133253343,0.747968311,0.107,0.061,1
Mrpl43,0.133324274,0.123083913,0.909,0.884,1
Slc39a10,0.133514549,-0.3260759,0.722,0.72,1
Tmem97,0.133791228,0.62392786,0.203,0.14,1
Dpy19l3,0.13386396,-0.231863481,0.144,0.201,1
P3h3,0.133902395,-1.149843669,0.123,0.177,1
Nsa2,0.133931361,0.108265468,0.968,0.951,1
Serpinc1,0.133931612,0.223521024,0.048,0.018,1
Cubn,0.133931612,0.737420276,0.048,0.018,1
Gpatch3,0.133931612,0.656212318,0.048,0.018,1
Cops4,0.134075107,-0.280446864,0.781,0.78,1
Tpcn2,0.134087871,-1.102897116,0.048,0.085,1
Hexim1,0.134089209,-0.356649859,0.529,0.561,1
Folh1,0.134105262,-0.571539679,0.07,0.116,1
Pdzd7,0.134150346,-0.915925248,0.043,0.079,1
Vegfd,0.134178898,-1.030961002,0.118,0.165,1
Syt13,0.134302958,-1.188197022,0.005,0.024,1
Aldoart1,0.134302958,-1.005864609,0.005,0.024,1
Dhrs3,0.134302958,-2.484050101,0.005,0.024,1
Efcc1,0.134302958,-0.845373405,0.005,0.024,1
Oscar,0.134302958,-1.413230757,0.005,0.024,1
Mylk4,0.134302958,-0.98417971,0.005,0.024,1
A230107N01Rik,0.134302958,-0.912068926,0.005,0.024,1
1700056N10Rik,0.134302958,-0.885409615,0.005,0.024,1
Eif5a2,0.134340727,-0.302001552,0.866,0.909,1
L3mbtl4,0.134520668,-0.590457725,0.032,0.067,1
Smpd4,0.134550073,-0.927566083,0.235,0.299,1
Olfml3,0.134655289,0.735599737,0.037,0.012,1
A930041C12Rik,0.134655289,0.812363187,0.037,0.012,1
Mrc1,0.134749682,0.862226565,0.027,0.006,1
1700019L13Rik,0.134749682,0.694391411,0.027,0.006,1
Tbxa2r,0.134749682,0.947412533,0.027,0.006,1
Opn1mw,0.134749682,1.26174722,0.027,0.006,1
Rnf121,0.13478478,-0.501486259,0.278,0.348,1
Commd10,0.134798746,0.241221842,0.492,0.384,1
Nono,0.13487958,-0.16234473,0.925,0.884,1
Vwc2,0.135007538,0.407817793,0.075,0.037,1
Gm16272,0.13527866,-0.852362415,0.037,0.073,1
Cnot7,0.135281843,0.253611815,0.813,0.787,1
Wipf2,0.135391182,-0.176716807,0.733,0.738,1
Rpp38,0.135492323,0.325788136,0.171,0.11,1
Dbh,0.135643988,-1.430867696,0.005,0.024,1
Slc10a4,0.135643988,-1.291601121,0.005,0.024,1
2010013B24Rik,0.135643988,-0.793901457,0.005,0.024,1
Mrgpra2a,0.135643988,-0.833593275,0.005,0.024,1
Chrnb1,0.135643988,-0.782428794,0.005,0.024,1
Gm36634,0.135643988,-0.852650552,0.005,0.024,1
Gm15218,0.135643988,-0.864728822,0.005,0.024,1
Gm16576,0.135643988,-0.984429123,0.005,0.024,1
Samsn1,0.135643988,-1.081459774,0.005,0.024,1
Gm31084,0.135643988,-1.051065798,0.005,0.024,1
Galnt6,0.135661651,0.722431963,0.037,0.012,1
Crb3,0.135661651,0.841740565,0.037,0.012,1
Agbl5,0.135699165,-0.931082875,0.07,0.11,1
Trib1,0.135753801,0.382408997,0.321,0.238,1
Fmo2,0.135978365,0.859676281,0.027,0.006,1
Evc2,0.135978365,0.852079076,0.027,0.006,1
Tmem221,0.135978365,0.934761891,0.027,0.006,1
Edn1,0.135978365,0.823616595,0.027,0.006,1
Gm49953,0.135978365,0.770794929,0.027,0.006,1
Spin4,0.135978365,0.807507391,0.027,0.006,1
Map6d1,0.135983254,-0.989238041,0.037,0.073,1
Gm38944,0.136001438,-0.794101621,0.08,0.128,1
Ddx4,0.136020801,-1.065322458,0.016,0.043,1
Zfp711,0.136085988,-0.632649635,0.075,0.122,1
Susd1,0.136161317,-1.021072101,0.043,0.079,1
Ptpn12,0.136254455,-0.260736952,0.781,0.811,1
Acox3,0.136259193,-0.354471574,0.417,0.457,1
Sertad4,0.136338474,-1.20733752,0.107,0.159,1
Dglucy,0.136480159,0.266267928,0.166,0.104,1
Hmgn3,0.136544206,0.114726625,0.973,0.933,1
Gm29480,0.136660585,-1.001958056,0.048,0.085,1
Etnk2,0.136673813,1.128228753,0.037,0.012,1
Gm14236,0.136673813,0.802758942,0.037,0.012,1
Trabd2b,0.136673813,0.908391595,0.037,0.012,1
Pcbd1,0.136700115,0.114663576,0.984,0.976,1
Prpf8,0.136736608,-0.273379975,0.535,0.579,1
Rasgrp4,0.136995337,0.63307146,0.005,0.024,1
Gm45507,0.136995337,-0.804424325,0.005,0.024,1
Rpp30,0.13715992,0.246586123,0.385,0.287,1
Polr1a,0.13720254,-0.427290714,0.294,0.354,1
Gm17224,0.137215681,0.563109268,0.027,0.006,1
Selenbp1,0.137215681,0.837746415,0.027,0.006,1
Gm10401,0.137215681,0.661816161,0.027,0.006,1
Nt5e,0.137215681,0.648253128,0.027,0.006,1
Hal,0.137215681,0.678871727,0.027,0.006,1
Avpr1a,0.137215681,0.927007242,0.027,0.006,1
Ccl8,0.137215681,1.08234873,0.027,0.006,1
Twist1,0.137215681,0.85179596,0.027,0.006,1
Capn6,0.137215681,0.938287817,0.027,0.006,1
Atp8a2,0.137278366,-0.265178473,0.433,0.506,1
Eif4b,0.137374188,-0.203259498,0.898,0.915,1
Zfp970,0.137387121,-0.377189534,0.385,0.427,1
Vps54,0.137389688,0.24584116,0.487,0.39,1
Ppfibp2,0.137418406,-0.247591504,0.824,0.878,1
Rpap1,0.137436754,0.172775096,0.348,0.25,1
Psmd13,0.137486812,0.233732415,0.791,0.744,1
Clcn5,0.137498492,-0.218992071,0.898,0.909,1
Pidd1,0.13751484,-0.750895505,0.043,0.079,1
Eml4,0.137529973,-0.197631075,0.743,0.75,1
BC005561,0.137558031,-0.21377526,0.503,0.537,1
Zwilch,0.137691791,0.626644684,0.037,0.012,1
C730034F03Rik,0.137712765,-0.438470781,0.075,0.122,1
Eef1e1,0.13775948,0.230932667,0.925,0.829,1
Wdr92,0.137778299,-0.522935845,0.118,0.171,1
Kifc5b,0.13795291,-0.808774743,0.016,0.043,1
Acy3,0.13795291,-0.362357684,0.016,0.043,1
Il3ra,0.138005241,1.251208954,0.096,0.055,1
Ergic3,0.138128432,0.210697218,0.77,0.665,1
Frmd4b,0.138145313,-0.130038862,0.765,0.762,1
Commd6,0.138184299,0.27066443,0.888,0.841,1
2410018L13Rik,0.138343125,0.542417052,0.316,0.25,1
Nbn,0.138390118,0.303118956,0.294,0.213,1
Duox1,0.138461662,0.901087441,0.027,0.006,1
Sel1l2,0.138461662,0.615568653,0.027,0.006,1
Myct1,0.138461662,0.575550379,0.027,0.006,1
Gm41664,0.138461662,0.772297456,0.027,0.006,1
Aqp11,0.138653155,-0.399552206,0.203,0.268,1
Med23,0.138670369,-0.259049346,0.289,0.341,1
Il22ra1,0.138715605,0.647652967,0.037,0.012,1
Kcne3,0.138715605,0.623941202,0.037,0.012,1
Taok2,0.138820886,-0.573871178,0.369,0.402,1
Dicer1,0.138837704,-0.329635537,0.754,0.756,1
Idnk,0.138936959,0.128086712,0.834,0.823,1
Mapk11,0.13894903,0.381964214,0.684,0.561,1
C1galt1c1,0.139163035,-0.389768854,0.273,0.335,1
C130071C03Rik,0.139291222,0.222628974,0.166,0.104,1
Wipf1,0.139297748,-0.27247357,0.663,0.689,1
Fbxo38,0.139370003,-0.283754224,0.551,0.616,1
Gm26532,0.139386247,0.2719055,0.679,0.585,1
Gm28375,0.139548802,-0.218026315,0.037,0.073,1
Eid2b,0.139560749,0.180164626,0.374,0.445,1
P3h2,0.139564547,-1.156536289,0.043,0.079,1
Adamts5,0.139592075,0.222289269,0.422,0.335,1
Zfand6,0.139662278,0.11226849,0.936,0.89,1
Gm38394,0.139716342,0.703870054,0.027,0.006,1
Gm13421,0.139716342,0.895800626,0.027,0.006,1
Agt,0.139716342,0.690900263,0.027,0.006,1
Meikin,0.139716342,0.674476828,0.027,0.006,1
Egln3,0.139716342,0.639900053,0.027,0.006,1
B3galt5,0.139716342,0.610171046,0.027,0.006,1
Pdia2,0.139716342,0.58410804,0.027,0.006,1
Slc5a4b,0.139745273,0.564971992,0.037,0.012,1
Gm29684,0.139745273,0.66531954,0.037,0.012,1
Il25,0.139745273,0.828080503,0.037,0.012,1
Gemin8,0.139870888,0.437352105,0.075,0.037,1
Fbxo42,0.139976049,-0.419812823,0.476,0.518,1
Elp3,0.14007554,-0.35306564,0.556,0.604,1
Rab3gap1,0.140260311,-0.231502609,0.754,0.756,1
Ttyh2,0.140402011,0.480961058,0.091,0.049,1
Rbp1,0.140534171,0.280425626,0.198,0.134,1
Usp32,0.14054591,-0.168538393,0.914,0.933,1
Resf1,0.140556638,0.409757179,0.449,0.354,1
Dmpk,0.140758515,-0.408629616,0.096,0.146,1
Mafb,0.140780812,0.586484444,0.037,0.012,1
Mgp,0.140780812,0.698034608,0.037,0.012,1
Pigl,0.140820741,-0.657966402,0.155,0.213,1
AU020206,0.140890645,-0.745032812,0.016,0.043,1
Camsap3,0.140922158,-0.226444809,0.46,0.494,1
Nkapd1,0.140928935,0.343601384,0.246,0.177,1
Mtx1,0.140950105,0.391316433,0.439,0.348,1
Mterf3,0.140974026,-0.602703973,0.15,0.201,1
Opn1sw,0.140979754,0.425630033,0.027,0.006,1
Cpvl,0.140979754,0.47983571,0.027,0.006,1
Zfp108,0.140979754,0.583844663,0.027,0.006,1
Tph1,0.140979754,0.474637573,0.027,0.006,1
Hpgd,0.140979754,0.546977922,0.027,0.006,1
Nod2,0.140979754,0.508043255,0.027,0.006,1
Adcy1,0.140979754,0.599564122,0.027,0.006,1
Gm34939,0.140979754,0.296675792,0.027,0.006,1
Rasgrp3,0.140979754,0.335694617,0.027,0.006,1
Nradd,0.141284889,0.428673868,0.075,0.037,1
Elovl7,0.141325214,0.198769149,0.92,0.89,1
Rrp8,0.14166731,-0.347513121,0.449,0.494,1
Trib3,0.141679189,0.503989173,0.091,0.049,1
Pank1,0.141722526,-0.361363392,0.508,0.543,1
Armcx1,0.141756559,-0.132277306,0.877,0.86,1
Uchl5,0.141851106,0.190909013,0.62,0.53,1
Gm45682,0.141999874,-1.059463092,0.053,0.091,1
AA387883,0.141999874,-0.981573444,0.053,0.091,1
Sgip1,0.142006238,-0.136747205,0.925,0.945,1
Sergef,0.142038377,0.29209145,0.481,0.39,1
9030025P20Rik,0.142058724,0.658600981,0.064,0.03,1
Oser1,0.142385964,0.233306979,0.449,0.366,1
Mknk1,0.142439312,-0.552489892,0.118,0.171,1
Abca6,0.142558944,0.439263748,0.118,0.165,1
Pomt2,0.142574878,-0.255909491,0.193,0.25,1
Smtnl2,0.142588313,-0.985646131,0.048,0.085,1
Rita1,0.142670529,0.276348525,0.487,0.384,1
Capn5,0.142742733,0.19445988,0.807,0.817,1
Mettl16,0.142754387,-0.385167536,0.444,0.5,1
Chic2,0.1427717,0.168268583,0.807,0.768,1
Cldn5,0.142830027,0.712233397,0.064,0.03,1
Ccdc73,0.142844803,-0.735350801,0.15,0.195,1
Ctsk,0.142869579,0.54239879,0.037,0.012,1
Shb,0.14288162,0.337549264,0.086,0.134,1
Ppib,0.142992355,0.217953137,0.866,0.835,1
Smpd1,0.143201182,-0.333858221,0.652,0.726,1
Tgfbr3,0.143231514,0.277061982,0.433,0.348,1
Pop7,0.143245527,0.214512984,0.904,0.878,1
Gm37768,0.14325895,-2.140405217,0.048,0.085,1
Tspyl2,0.143372331,-0.193917907,0.636,0.659,1
Vamp7,0.143451488,0.221028006,0.888,0.841,1
Zfp119a,0.14350952,0.458115602,0.139,0.085,1
Gpc1,0.143511991,-0.257020381,0.594,0.634,1
Sgpp1,0.143576863,-0.275204608,0.545,0.604,1
Trmt1,0.143592497,0.522130609,0.508,0.421,1
Cavin1,0.143642081,0.524347732,0.417,0.317,1
U2af1l4,0.143663992,0.229724146,0.69,0.61,1
Vps72,0.143749938,-0.530711842,0.487,0.537,1
Wdhd1,0.143770387,-0.595976791,0.171,0.22,1
Ctdspl,0.143860065,-0.345438393,0.46,0.506,1
1700028K03Rik,0.143922842,0.246536389,0.037,0.012,1
Myh3,0.143922842,0.398678151,0.037,0.012,1
Ptk7,0.14394999,-0.468691934,0.257,0.311,1
Tbc1d20,0.144028329,-0.379301663,0.551,0.598,1
Nr2c2ap,0.144041302,0.224649098,0.77,0.707,1
Ints6,0.144137493,-0.489052785,0.476,0.5,1
Zfp574,0.144141561,0.766662257,0.273,0.201,1
Dnajb1,0.144185282,0.161711039,0.866,0.799,1
Stxbp2,0.144267286,0.438092259,0.107,0.061,1
Hotairm1,0.144302052,-0.347427947,0.476,0.524,1
Cnnm4,0.144336901,-0.417145809,0.23,0.287,1
Trim68,0.144336948,-0.689933651,0.23,0.287,1
Cox18,0.144364679,0.293603872,0.572,0.488,1
Srp68,0.144407422,-0.194751298,0.636,0.659,1
Zc3h4,0.144558216,-0.286466144,0.337,0.39,1
Cpt1a,0.144657084,-0.266231773,0.861,0.854,1
Rhno1,0.1447051,0.114406185,0.364,0.262,1
Trmt2b,0.144980263,-0.248010834,0.396,0.451,1
Rragd,0.145044563,-0.335568172,0.759,0.768,1
Tgds,0.145145391,-0.206515791,0.043,0.079,1
Olfml2a,0.145198063,0.35420281,0.166,0.11,1
Fxyd3,0.145285385,-1.178560173,0.048,0.085,1
Slc39a14,0.14536367,-0.779329222,0.091,0.134,1
Zfp930,0.145392812,-0.646950039,0.144,0.195,1
Zfp963,0.145415353,1.106815791,0.128,0.079,1
Zfp668,0.145426165,0.330605651,0.241,0.171,1
Amt,0.145493956,-0.495395766,0.144,0.201,1
Hist1h3e,0.145564298,0.440314168,0.091,0.049,1
Papolg,0.145689731,-0.184688585,0.251,0.305,1
Slc8b1,0.145840808,-0.860824793,0.144,0.195,1
Gm527,0.1458795,0.269421245,0.219,0.146,1
Smpd2,0.14594741,0.628049307,0.064,0.03,1
Ldlrad3,0.146026611,-0.255327849,0.358,0.415,1
Coro1c,0.146037339,0.138716348,0.872,0.854,1
Ccnt1,0.146063236,-0.174259757,0.717,0.738,1
Surf4,0.146336262,0.297838411,0.84,0.762,1
Capn10,0.146452289,0.284631834,0.604,0.5,1
Tlk2,0.146591735,-0.21516795,0.759,0.793,1
Mitf,0.146612321,-0.80178639,0.16,0.207,1
Tlk1,0.146630244,-0.184264807,0.85,0.854,1
Ttc39a,0.146638286,0.814382427,0.283,0.207,1
Ptpn5,0.14678518,0.399740517,0.251,0.183,1
Siah1b,0.146873983,0.185135852,0.187,0.122,1
Phtf1,0.146894566,0.128748524,0.647,0.543,1
Zbtb4,0.146937367,-0.110358604,0.936,0.933,1
Mrps36,0.14697843,0.100429231,0.968,0.945,1
Rbm48,0.147025676,0.168379352,0.278,0.213,1
Csmd2,0.147071503,-0.180137954,0.834,0.872,1
Zfp870,0.147206964,-0.835740819,0.053,0.091,1
Supt4a,0.147238561,0.17809258,0.957,0.915,1
Gm37459,0.147281726,-0.709638302,0.043,0.079,1
Gm44649,0.147281726,-2.055519162,0.043,0.079,1
Gm16196,0.147281726,-0.768587707,0.043,0.079,1
Cotl1,0.147355964,0.463813078,0.123,0.073,1
Phf20l1,0.147474667,-0.267313874,0.722,0.78,1
Tbc1d9b,0.147490825,-0.213635109,0.925,0.921,1
Zfhx2os,0.147525503,0.560870604,0.064,0.03,1
Tcn2,0.14755085,0.760529726,0.305,0.244,1
Ncor1,0.147579492,-0.120100788,0.973,0.976,1
Gtf2a1,0.147922019,-0.32476284,0.642,0.659,1
Zfp740,0.14800191,-0.351519298,0.31,0.36,1
1700010K24Rik,0.148021354,-0.523415605,0.048,0.085,1
Wasf1,0.148039029,-0.369210125,0.711,0.72,1
2700097O09Rik,0.148335721,-0.59132554,0.128,0.177,1
Fndc1,0.148404805,-1.192674347,0.021,0.049,1
Il11ra1,0.148531674,0.269943131,0.428,0.329,1
Cdv3,0.148787312,0.147835676,0.925,0.902,1
Kdm4a,0.148838136,-0.104038372,0.321,0.39,1
Paf1,0.148913527,0.43718246,0.369,0.299,1
Cpeb1,0.149052294,-0.1469502,0.957,0.97,1
Mreg,0.149139512,-0.959709924,0.091,0.134,1
Tufm,0.149186487,0.277108774,0.439,0.348,1
H2afy2,0.149219472,-0.352200957,0.225,0.287,1
Gm45184,0.149347578,-1.878381614,0.021,0.049,1
Rheb,0.149357483,0.122753067,0.979,0.976,1
Polb,0.149448516,-0.129846204,0.802,0.805,1
Cyp2u1,0.149498229,-0.501190439,0.225,0.28,1
Mfge8,0.149527145,0.604129933,0.176,0.122,1
Mid1,0.149635643,-0.341809273,0.316,0.366,1
B230354K17Rik,0.149637927,-0.237069498,0.583,0.622,1
Kif5b,0.149954216,0.1414778,0.979,0.982,1
Ccdc115,0.15004167,-0.397297592,0.433,0.476,1
Chp2,0.150073461,0.699841952,0.08,0.043,1
Zfp11,0.150086988,0.54612304,0.155,0.104,1
Nudt2,0.150137506,0.169723899,0.727,0.671,1
Slc35e2,0.150176733,-0.401194211,0.273,0.317,1
Tmem68,0.150215882,-0.551202846,0.305,0.354,1
Cstb,0.150234517,0.130968511,0.952,0.854,1
Gm10432,0.150294915,-1.014561732,0.021,0.049,1
Mettl23,0.150350649,0.23428476,0.652,0.561,1
Smap2,0.150430934,-0.178360055,0.829,0.829,1
Gm14295,0.150542621,-0.236683036,0.556,0.579,1
Jmjd4,0.150593155,-1.062829965,0.171,0.22,1
Fgd5,0.150720773,0.643684592,0.064,0.03,1
Gm41349,0.150720773,0.530605484,0.064,0.03,1
Diaph2,0.150738655,0.231835727,0.679,0.61,1
Junos,0.150820827,-0.612997706,0.096,0.14,1
Igf2bp3,0.150904775,0.218554202,0.144,0.201,1
Plxna3,0.150980627,-0.429491485,0.326,0.378,1
Surf6,0.151024919,0.255016331,0.273,0.195,1
Dlgap2,0.151246826,-1.164138728,0.021,0.049,1
Gramd4,0.151262689,-0.495556418,0.364,0.402,1
Golga3,0.151424596,0.416254905,0.711,0.61,1
Zfp87,0.151428128,-0.506520517,0.209,0.268,1
Gnl2,0.151489552,-0.288028925,0.471,0.494,1
Pdgfc,0.151527773,0.417620895,0.064,0.03,1
Kcnmb4os2,0.151527773,0.509491934,0.064,0.03,1
Amfr,0.151540068,-0.173675634,0.845,0.86,1
Kif1c,0.151582016,0.224718528,0.16,0.104,1
Ccdc137,0.151644604,-0.388106328,0.444,0.47,1
Txnip,0.15165989,0.310358151,0.144,0.091,1
Cd59a,0.151660181,0.213662917,0.749,0.677,1
Tbc1d8b,0.151764206,0.487795163,0.374,0.305,1
Gm32926,0.151895716,-0.734144494,0.171,0.213,1
Pacsin3,0.151940448,-0.708072755,0.08,0.122,1
Soga1,0.151990919,-0.602705352,0.225,0.268,1
Clk3,0.152077768,-0.20087592,0.487,0.524,1
Gatad2b,0.152082743,-0.189243659,0.829,0.848,1
Gpr61,0.152091629,-0.521634738,0.251,0.305,1
Inka1,0.15209232,0.628158205,0.128,0.079,1
Pgr,0.152167644,-1.266824878,0.059,0.098,1
Jakmip2,0.152301955,-0.150633745,0.786,0.774,1
Borcs8,0.152470482,0.281103319,0.797,0.799,1
9530082P21Rik,0.152541658,-0.813545027,0.38,0.421,1
Zc3h10,0.152593759,0.586979892,0.193,0.134,1
Tmem255b,0.152656384,1.112160818,0.086,0.049,1
Trnp1,0.152659018,0.114998448,0.989,0.976,1
Fuca1,0.152695715,-0.147679306,0.556,0.573,1
Ano6,0.152740318,0.276504753,0.893,0.829,1
Med4,0.152789076,0.195184664,0.46,0.366,1
9330111N05Rik,0.152903778,-0.681806176,0.048,0.085,1
Pzp,0.153071278,-1.070845478,0.064,0.104,1
9030612E09Rik,0.153151642,0.612121587,0.064,0.03,1
Dnajb5,0.153158333,-0.652384497,0.107,0.152,1
Relt,0.153164421,-1.022331182,0.021,0.049,1
Kcnf1,0.153164421,-1.311468018,0.021,0.049,1
Chdh,0.153164421,-1.255931421,0.021,0.049,1
Zup1,0.153176012,-0.649897365,0.257,0.305,1
Trappc12,0.153188764,-0.426441164,0.535,0.555,1
Mief2,0.153225721,-0.758963602,0.139,0.183,1
Pcdhb22,0.153227487,0.514032127,0.128,0.079,1
Cntnap5c,0.153342514,-0.492555082,0.241,0.293,1
Qsox2,0.153445782,-0.603773165,0.15,0.201,1
Ostm1,0.153579253,0.368993903,0.497,0.415,1
Scand1,0.153713454,0.129551492,0.984,0.945,1
Cpped1,0.153719516,-0.525361071,0.31,0.36,1
Txn2,0.153732069,0.136265967,0.93,0.89,1
Zfp747,0.153757087,-0.822718658,0.075,0.116,1
Trim47,0.153797481,0.585477693,0.128,0.079,1
Ticam1,0.153807181,0.489046463,0.096,0.055,1
Slc25a43,0.153835023,-1.288593572,0.043,0.079,1
Tdp1,0.153986175,-0.632954262,0.176,0.226,1
Nptn,0.154009907,-0.149047479,0.963,0.951,1
Arl1,0.154019332,0.125125406,0.904,0.829,1
Gm42851,0.154130126,-0.906321384,0.021,0.049,1
Htr3a,0.154242613,-0.301373974,0.561,0.665,1
Lrrc8a,0.154415861,-0.116897565,0.77,0.78,1
G6pc3,0.154426582,0.287698057,0.765,0.652,1
Cnih1,0.154470323,0.144503432,0.968,0.951,1
6330409D20Rik,0.154472782,0.504656224,0.193,0.134,1
Mtif2,0.154491696,-0.25539661,0.503,0.524,1
Prdm10,0.154595076,-0.553165335,0.289,0.335,1
4931414P19Rik,0.154603472,-0.527044616,0.053,0.091,1
Nme6,0.15465189,0.605262293,0.273,0.207,1
Snx13,0.154702956,-0.171362283,0.759,0.762,1
Ptdss1,0.154711028,-0.48721442,0.508,0.543,1
Ppp4r4,0.154715412,0.193853473,0.23,0.159,1
Spryd4,0.154834686,0.437449959,0.171,0.116,1
Tnrc6c,0.154912063,-0.180070568,0.845,0.841,1
Ccz1,0.155030224,0.231091445,0.588,0.5,1
Rsrp1,0.155056646,-0.170181302,0.941,0.945,1
Gm34304,0.155100451,-0.893964079,0.021,0.049,1
D11Wsu47e,0.155128452,0.519809719,0.096,0.055,1
Zfp664,0.155211583,-0.195221948,0.856,0.878,1
Gadd45gip1,0.155518505,0.189892015,0.877,0.854,1
Mindy4b-ps,0.155612218,0.474416323,0.064,0.03,1
Vmo1,0.155612218,0.383468447,0.064,0.03,1
Ramp2,0.155628616,1.043586702,0.166,0.116,1
Mrpl14,0.155657208,0.135774801,0.947,0.927,1
Kidins220,0.15569198,-0.163117047,0.957,0.957,1
Plekhb1,0.155770186,0.222658093,0.348,0.262,1
Ssh1,0.155831179,-0.328231785,0.519,0.567,1
Gstm1,0.156007131,-0.227446456,0.968,0.963,1
Cdc14b,0.15607832,-0.341641859,0.535,0.555,1
Cradd,0.156133744,-0.521379704,0.353,0.421,1
Washc5,0.156422064,-0.316354045,0.583,0.646,1
Arhgap10,0.156558088,-0.389031044,0.38,0.433,1
Zbtb3,0.156634095,0.794383931,0.053,0.024,1
Gm16894,0.156666503,-0.379590826,0.225,0.28,1
Itga7,0.156692972,0.297520232,0.299,0.226,1
Wbp11,0.156734616,-0.119975991,0.893,0.909,1
Sod3,0.156845985,0.605678475,0.112,0.067,1
Rcan2,0.156867744,-0.202265076,0.861,0.896,1
Tns3,0.156900114,0.346636177,0.278,0.201,1
Gm12524,0.157055007,-0.890609897,0.021,0.049,1
Ptp4a3,0.157222677,0.295274702,0.572,0.457,1
Tmem246,0.157260453,0.257191562,0.797,0.744,1
Rell2,0.157279732,-0.481259986,0.481,0.518,1
Rad17,0.157394306,0.349827378,0.481,0.415,1
A330015K06Rik,0.157410595,-0.709622335,0.118,0.165,1
Elk3,0.157627801,-0.613785001,0.15,0.201,1
Filip1l,0.157642294,-0.260373197,0.417,0.457,1
Fbf1,0.157779879,-0.418330756,0.209,0.262,1
Dixdc1,0.157814506,-0.419849526,0.348,0.396,1
Ube2cbp,0.157907765,-0.579942503,0.048,0.085,1
Mfsd11,0.15799675,-0.632779705,0.353,0.372,1
Satb1,0.158004836,-0.210468558,0.46,0.518,1
Gm36736,0.15803926,-0.909642992,0.021,0.049,1
Thumpd2,0.15803926,-0.936750886,0.021,0.049,1
Kcnj2,0.158102682,-0.118300073,0.064,0.03,1
Dhrs13,0.158113052,-0.417227152,0.16,0.213,1
Far1os,0.158806377,-0.733956692,0.059,0.098,1
Aqp1,0.158915027,-0.195569591,0.749,0.805,1
Ppp1r9b,0.159020163,-0.14515251,0.84,0.86,1
Il27,0.159028177,-0.793558452,0.021,0.049,1
AA386476,0.159028177,-0.933309095,0.021,0.049,1
Tmem33,0.159093971,-0.169986713,0.866,0.902,1
Slc22a5,0.159155576,-0.809754661,0.102,0.146,1
Psen2,0.159225586,0.39812253,0.738,0.634,1
Fam217b,0.159282939,0.142844862,0.706,0.646,1
Stim2,0.15934455,0.187188866,0.54,0.427,1
Coq9,0.159414647,0.405718537,0.353,0.268,1
Uchl1os,0.159532128,0.534781789,0.08,0.043,1
Banf2,0.159630798,-0.801720795,0.07,0.11,1
Mnt,0.159638281,-0.179440453,0.604,0.659,1
Cpq,0.159760726,-0.401124161,0.471,0.494,1
Alkbh5,0.159766744,-0.305320951,0.754,0.738,1
Uxs1,0.159908076,-0.264362518,0.508,0.591,1
Tdrd3,0.159916656,-0.293353133,0.556,0.604,1
Gm50340,0.160021771,-0.785086072,0.021,0.049,1
Cep131,0.160177293,-0.747115757,0.064,0.104,1
Ndrg3,0.160230154,-0.151269057,0.775,0.854,1
Gid4,0.160266701,-0.448143941,0.487,0.506,1
Rab4a,0.160302573,0.147781733,0.898,0.823,1
Endog,0.160436182,0.364065605,0.508,0.421,1
2900093K20Rik,0.16046862,-0.424038493,0.23,0.287,1
Wnt9a,0.160499563,-0.640322736,0.182,0.226,1
E130309D02Rik,0.160728653,0.344610723,0.267,0.195,1
Ctu1,0.161142935,-0.809684662,0.107,0.152,1
Spint2,0.161195915,0.341435927,0.401,0.311,1
Fam227a,0.161233666,-1.244299503,0.027,0.055,1
Ppp1r18,0.161295306,-0.352695853,0.492,0.518,1
Mfsd1,0.161370125,-0.327943541,0.471,0.506,1
Traf3ip2,0.161439014,-0.51102202,0.273,0.317,1
Tnfrsf19,0.161522417,-0.970435571,0.059,0.098,1
Arhgap28,0.161530903,-0.186837014,0.925,0.921,1
3-Mar,0.161654567,-0.509859257,0.23,0.28,1
Gm17399,0.161777606,0.186712899,0.08,0.043,1
Pex16,0.161795704,0.115099286,0.513,0.445,1
Pdzd4,0.161976545,0.138884792,0.743,0.646,1
Tnrc6a,0.161994121,-0.163900317,0.92,0.921,1
Gxylt1,0.162030289,-0.481594521,0.166,0.22,1
Grtp1,0.162278946,-0.845997233,0.053,0.091,1
Ogfod3,0.162450085,0.317469368,0.305,0.232,1
Gm43848,0.162531377,0.512532196,0.08,0.043,1
Zhx2,0.162570329,-0.333170744,0.353,0.415,1
Lnx1,0.162608652,0.333126307,0.364,0.299,1
Ift43,0.162818082,-0.211986399,0.626,0.665,1
Tanc1,0.16293916,-0.301949658,0.765,0.78,1
Daam1,0.162949681,-0.219982222,0.674,0.738,1
BC028528,0.163020623,-0.77469915,0.187,0.238,1
Sec14l2,0.163028472,0.723506483,0.144,0.098,1
Rsph3b,0.163115618,0.238609964,0.182,0.122,1
Slc25a33,0.1631434,-0.192553914,0.642,0.646,1
Caprin2,0.163200954,-0.378836829,0.267,0.317,1
Tbc1d4,0.163271029,-0.322995375,0.251,0.317,1
Pramef8,0.163352023,-0.634341577,0.112,0.159,1
Ddhd1,0.163464698,0.200067638,0.62,0.512,1
Gm2415,0.163480272,-0.389193665,0.07,0.11,1
Irf3,0.163481114,0.129573286,0.273,0.195,1
Lrif1,0.163579828,0.226162014,0.674,0.652,1
Cpsf3,0.163672458,-0.239874656,0.251,0.317,1
Gramd2,0.16379347,0.331757875,0.273,0.207,1
Lage3,0.163803559,0.203850986,0.572,0.47,1
Fndc3b,0.163834514,0.308430049,0.529,0.476,1
Fam174b,0.163868454,-0.450883952,0.187,0.244,1
Rnd2,0.163891399,0.292781772,0.561,0.47,1
Dynlt1f,0.163915132,0.119550698,0.283,0.201,1
Lrrn3,0.163932796,0.329205206,0.241,0.171,1
Tmtc2,0.164040398,0.274379763,0.497,0.421,1
Gm43581,0.164043117,-0.693345431,0.021,0.049,1
Pcnx,0.164121531,-0.233014802,0.722,0.738,1
Rdh10,0.164143365,0.441932747,0.139,0.091,1
Accs,0.16433497,0.459120635,0.128,0.079,1
Eef2kmt,0.164537423,0.302138504,0.246,0.177,1
Csrp2,0.164619826,0.141654125,0.968,0.927,1
Abcd1,0.164717121,-0.951768422,0.096,0.14,1
Rpp21,0.164808884,0.130311575,0.93,0.884,1
Zfp983,0.164884775,0.19216012,0.535,0.421,1
Dnhd1,0.164935951,-0.72305301,0.086,0.128,1
Slc1a1,0.164986198,0.730189755,0.053,0.024,1
Fas,0.164986198,1.292432702,0.053,0.024,1
Gm31763,0.164986198,-0.93222725,0.027,0.055,1
Hpse2,0.164986198,-1.283292033,0.027,0.055,1
Pex12,0.164996361,0.568010683,0.166,0.11,1
9330102E08Rik,0.165042716,0.530358359,0.112,0.067,1
Setd5,0.165083113,-0.207469155,0.743,0.744,1
Ninj1,0.165372431,0.35737531,0.535,0.47,1
Mrpl50,0.165388241,0.256931839,0.791,0.774,1
Mapk1ip1l,0.165440155,-0.23930716,0.866,0.817,1
Slc25a23,0.165448876,0.141840718,0.85,0.75,1
Dusp22,0.165482107,-0.246322347,0.877,0.902,1
Map3k12,0.16555013,-0.26671531,0.711,0.756,1
Them4,0.165552774,0.117809464,0.882,0.841,1
Atp6v1c1,0.165587403,-0.137481929,0.947,0.957,1
Gm15513,0.165662037,-0.697688372,0.059,0.098,1
Nt5dc1,0.165740949,-0.514082624,0.182,0.232,1
Trps1,0.165770294,-0.381594591,0.374,0.427,1
Gse1,0.16590151,0.291315807,0.807,0.726,1
A430108G06Rik,0.165934524,0.629503674,0.053,0.024,1
Epsti1,0.165934524,-1.402701119,0.027,0.055,1
Pde4b,0.166027193,0.314126234,0.225,0.165,1
Thada,0.166153106,-0.672345654,0.283,0.317,1
Mcmbp,0.166282693,-0.29905479,0.439,0.476,1
Adipor2,0.166326485,-0.129326374,0.62,0.64,1
Trim27,0.166416277,0.395237304,0.412,0.348,1
Tamm41,0.166452485,0.747143221,0.118,0.073,1
Phip,0.166769036,-0.327919584,0.717,0.732,1
B930059L03Rik,0.166886945,2.076112932,0.053,0.024,1
Tnks,0.166974354,-0.102917079,0.85,0.805,1
Rnaseh1,0.16698419,-0.276454655,0.31,0.366,1
Sdc3,0.167136656,-0.172861456,0.824,0.835,1
Ing5,0.16730821,-0.216965671,0.225,0.287,1
Lrrc2,0.167377992,0.77107961,0.07,0.037,1
Wdr53,0.167379014,0.585878963,0.31,0.238,1
Tbc1d24,0.167603747,-0.301600574,0.374,0.439,1
Trim7,0.16761081,-0.538156197,0.144,0.195,1
Agpat2,0.167728441,0.18380337,0.428,0.323,1
2310039H08Rik,0.167733077,0.368755068,0.412,0.335,1
Hmgcl,0.167832178,-0.397282496,0.198,0.256,1
Syt1,0.167914769,-0.219987487,0.877,0.866,1
Gm49336,0.168007461,-0.161660629,0.642,0.713,1
Il17re,0.168140136,-0.461675696,0.021,0.049,1
Sox4,0.168236394,-0.178756436,0.856,0.86,1
Inpp5e,0.168297497,-0.336090159,0.214,0.274,1
Kcnk12,0.168657196,0.335515384,0.08,0.043,1
Dnase2a,0.168804103,-1.024188149,0.027,0.055,1
Prep,0.168935953,-0.37239379,0.299,0.354,1
Zfp763,0.168967465,-0.42521123,0.203,0.262,1
Esam,0.169038311,0.761674212,0.07,0.037,1
Gpr157,0.169149588,0.779089983,0.134,0.091,1
Nudt9,0.16919744,0.330242809,0.487,0.39,1
Zc3h13,0.16932842,0.309280318,0.647,0.61,1
Ftl1-ps1,0.169351214,-1.16786399,0.112,0.159,1
Slc19a2,0.169438018,-0.50851316,0.107,0.152,1
Gm1976,0.169649926,-0.165022579,0.69,0.707,1
Dcaf4,0.169655833,-0.447412655,0.316,0.366,1
Galnt7,0.169667347,-0.305666472,0.487,0.488,1
Ccdc162,0.169809959,-0.446850737,0.048,0.085,1
Tubgcp6,0.16984306,0.520254763,0.23,0.165,1
Pi4kb,0.169934921,-0.458684335,0.257,0.305,1
AI597479,0.169984441,-0.282720457,0.417,0.445,1
Fem1c,0.170010107,-0.412290909,0.54,0.598,1
Cadm4,0.170325333,0.245435336,0.364,0.287,1
Socs6,0.17036645,-0.501653999,0.39,0.409,1
Snn,0.170534052,-0.199269366,0.829,0.866,1
Sf1,0.170568745,-0.191974281,0.802,0.841,1
4930539J05Rik,0.17073774,-0.880089168,0.027,0.055,1
Gm41333,0.17073774,-1.010234484,0.027,0.055,1
Irak3,0.17090353,0.346882778,0.112,0.067,1
Zfp330,0.170941067,0.199204004,0.54,0.457,1
1700123M08Rik,0.171051029,0.163347584,0.235,0.165,1
Ssr2,0.171085582,0.174256094,0.674,0.573,1
Rhebl1,0.171104164,0.236039685,0.615,0.53,1
Gm36371,0.171299973,0.483271028,0.102,0.061,1
Mpzl1,0.171442823,-0.505276632,0.412,0.451,1
Fastkd5,0.171564234,0.385309619,0.112,0.067,1
Gm12371,0.171566216,-0.664404351,0.102,0.146,1
Cybc1,0.171591362,0.236146169,0.412,0.305,1
Wdr41,0.171679643,-0.193167182,0.513,0.555,1
Hspe1-rs1,0.17170944,0.420002075,0.176,0.122,1
Cpn1,0.171710758,0.944776647,0.053,0.024,1
Angptl2,0.171710758,-0.809740734,0.027,0.055,1
Sec14l1,0.171817243,-0.363285005,0.701,0.713,1
Gpr155,0.171867081,-0.144989349,0.46,0.5,1
Mpz,0.171963505,0.113016146,0.636,0.506,1
1810009A15Rik,0.17197495,-0.769440227,0.128,0.177,1
Selenov,0.172028626,0.460325003,0.412,0.348,1
Cobll1,0.17213156,0.870850466,0.134,0.091,1
Tut1,0.172132124,-0.727461294,0.112,0.159,1
Snrpg,0.172132222,-0.107282377,0.973,0.957,1
Fgf2,0.172141992,0.287232774,0.198,0.134,1
Dsel,0.172182755,-0.408151526,0.364,0.409,1
Cr1l,0.172334344,-0.390806125,0.422,0.451,1
Ptgr1,0.172395965,0.640354113,0.07,0.037,1
Sestd1,0.172422534,-0.385316506,0.647,0.652,1
Paqr4,0.172566121,0.16164616,0.663,0.53,1
Mzt2,0.172629752,0.297200554,0.561,0.494,1
Rars,0.172675238,-0.165223364,0.39,0.451,1
Terb1,0.17268792,0.528384992,0.053,0.024,1
Aim2,0.17268792,-0.813516185,0.027,0.055,1
Zfc3h1,0.17278493,-0.239303055,0.604,0.652,1
Snrpa1,0.172811089,0.159088054,0.626,0.512,1
Prpf38a,0.172834191,-0.333871773,0.46,0.512,1
Rngtt,0.17286573,-0.309984822,0.604,0.628,1
Clip1,0.173167171,-0.250472845,0.706,0.695,1
Smcr8,0.17319788,-0.307128196,0.15,0.201,1
Psmg4,0.173362701,0.190193686,0.818,0.762,1
Mgat5,0.17347442,-0.149796644,0.85,0.835,1
2310034G01Rik,0.173505583,0.449858223,0.139,0.091,1
Slc45a3,0.173579779,0.374554372,0.583,0.463,1
Ikbkg,0.173661213,-0.220037321,0.385,0.439,1
Lmo7,0.173793914,-0.357372815,0.348,0.402,1
Prcd,0.173880427,-0.257539391,0.166,0.22,1
Pvt1,0.173894794,-0.230997218,0.824,0.835,1
Trpc4,0.173913546,-0.536013584,0.241,0.287,1
Gm42670,0.174081483,0.624987101,0.102,0.061,1
Spink10,0.174559939,-0.170080367,0.497,0.53,1
Abcd3,0.17462849,-0.254821162,0.727,0.744,1
Gm48768,0.174654711,0.459418655,0.053,0.024,1
Tinf2,0.174673282,-0.547545533,0.134,0.183,1
Elovl1,0.174696721,0.286293247,0.385,0.293,1
Ercc3,0.174758518,-0.33652281,0.406,0.457,1
Mrps18b,0.174765281,0.108903129,0.684,0.591,1
Sh3gl3,0.174831962,-0.203556667,0.684,0.744,1
Zfp213,0.175073489,0.308449862,0.144,0.098,1
6430548M08Rik,0.175093241,0.140481354,0.642,0.518,1
Ep400,0.175183829,-0.284542954,0.642,0.646,1
Fndc10,0.175214918,-0.335540912,0.31,0.366,1
Gclc,0.175255413,-0.349481462,0.658,0.671,1
Zfp397,0.175315751,0.250655268,0.465,0.39,1
Clptm1l,0.175501156,-0.358064972,0.663,0.713,1
Adck5,0.17561907,0.255367667,0.251,0.177,1
Tyro3,0.175619738,0.442794021,0.182,0.122,1
Rraga,0.175846522,0.144374999,0.925,0.902,1
Rfc3,0.175873959,0.334985472,0.15,0.098,1
Lipt1,0.176189653,0.54257812,0.102,0.061,1
Dnah9,0.176189653,0.776689411,0.102,0.061,1
Sspn,0.176278305,-0.345929987,0.342,0.39,1
Gnal,0.176316628,0.132021903,0.984,0.976,1
Zfp868,0.176362756,0.327986396,0.273,0.201,1
Acap2,0.176384513,-0.315164654,0.679,0.738,1
Crtap,0.176461946,0.203462845,0.246,0.177,1
Pgam5,0.176535657,0.21363585,0.594,0.5,1
Poglut3,0.176609681,0.368589874,0.283,0.213,1
Tars,0.176618028,-0.719946521,0.257,0.299,1
Cpne2,0.176630723,-0.280458856,0.567,0.573,1
Nox1,0.176638175,-0.900951542,0.027,0.055,1
Setd6,0.176979322,0.250866853,0.31,0.232,1
Snrnp35,0.177069851,0.298206945,0.396,0.305,1
Epas1,0.177137952,0.477965095,0.321,0.25,1
Hira,0.177164505,-0.303803061,0.487,0.524,1
Lrp3,0.177238406,-0.109680727,0.663,0.726,1
Sypl,0.177276187,-0.320875852,0.631,0.634,1
Acin1,0.177308846,-0.183370048,0.802,0.829,1
Chsy3,0.177311739,-0.441841102,0.166,0.22,1
Mettl14,0.177350764,-0.545524334,0.406,0.433,1
Fzd8,0.177389079,0.333825757,0.187,0.128,1
Pprc1,0.17742702,-0.360351379,0.219,0.274,1
Dnttip2,0.17773427,0.425113408,0.358,0.28,1
Igf2bp2,0.177824075,-0.642567973,0.059,0.098,1
Rab5c,0.177861462,-0.182799722,0.872,0.866,1
Med12l,0.177880285,-0.511798916,0.631,0.628,1
Zbtb2,0.17789484,0.253734296,0.225,0.159,1
Mlst8,0.178105888,-0.322751498,0.369,0.421,1
Gpr135,0.178126349,-0.561207509,0.299,0.341,1
Ipo4,0.178131414,-0.431488191,0.412,0.445,1
Tmem230,0.178197134,0.175274662,0.77,0.72,1
Idh2,0.178274747,-0.559035048,0.251,0.299,1
Tmem35b,0.178316798,0.459122201,0.102,0.061,1
Klf12,0.178317092,0.210236738,0.134,0.085,1
Phf24,0.178343547,0.110902464,0.968,0.97,1
Pepd,0.17838666,0.287287871,0.578,0.47,1
Sugp1,0.178480131,0.384221548,0.369,0.293,1
Zdhhc16,0.178527898,0.482559116,0.299,0.232,1
Slc1a4,0.178562569,-0.236269909,0.615,0.598,1
Ganab,0.178592299,-0.211063838,0.706,0.72,1
Rilp,0.178638379,0.38355601,0.053,0.024,1
Cacna1d,0.178674079,0.983920806,0.043,0.018,1
Scly,0.178827187,-0.517696159,0.193,0.238,1
Prps1l3,0.178944238,-0.593441673,0.096,0.14,1
Pcna,0.179000038,-0.332718305,0.513,0.537,1
Smug1,0.179016221,-0.584765774,0.422,0.451,1
Cd2bp2,0.179027919,-0.285139545,0.476,0.512,1
Kat7,0.179345806,-0.160522322,0.904,0.902,1
Gm43566,0.179400443,0.439178477,0.118,0.073,1
Tm7sf2,0.179487884,0.254622255,0.62,0.524,1
P2rx2,0.179519299,0.219329374,0.898,0.799,1
Mkln1,0.179549622,-0.142596283,0.893,0.927,1
Gm13205,0.179644777,0.359965007,0.053,0.024,1
Nutf2-ps1,0.179644777,0.480313697,0.053,0.024,1
Timmdc1,0.17980974,-0.510836227,0.374,0.402,1
Tmem241,0.179858937,-0.435300158,0.289,0.335,1
Hip1,0.179933367,0.142747529,0.84,0.793,1
Ccdc150,0.179934272,-1.049961563,0.011,0.03,1
2010109A12Rik,0.179934272,-0.986134762,0.011,0.03,1
Gm15997,0.179934272,-1.505788053,0.011,0.03,1
Gm16192,0.179934272,-1.181593122,0.011,0.03,1
Sorl1,0.180077383,-0.806032063,0.219,0.268,1
Gm16093,0.180082164,-1.119448655,0.032,0.061,1
Nphs1,0.180132689,0.543271447,0.07,0.037,1
Klhl33,0.180152458,-0.579831184,0.182,0.226,1
N4bp2,0.180182999,0.309961034,0.219,0.152,1
Gm49271,0.180434317,-0.482070224,0.102,0.146,1
Crot,0.180493586,0.24651381,0.701,0.573,1
Hoxa3,0.180594009,-0.536674782,0.075,0.116,1
Lsm8,0.180629224,-0.202357569,0.615,0.604,1
Rnf135,0.180655384,-0.734719043,0.027,0.055,1
Gm17167,0.180737573,0.237686242,0.668,0.567,1
Noc3l,0.180769135,-0.388908381,0.235,0.287,1
Zfpm2,0.180785012,-0.175638618,0.139,0.091,1
Tra2a,0.180831043,-0.175101081,0.765,0.72,1
Arcn1,0.181172908,-0.157116121,0.701,0.732,1
Spred1,0.181322629,-0.263204435,0.749,0.793,1
Knstrn,0.181352038,-1.016653664,0.011,0.03,1
Bspry,0.181352038,-0.917346531,0.011,0.03,1
Mkrn3,0.181352038,-0.986693819,0.011,0.03,1
Gdf9,0.181352038,-0.993673074,0.011,0.03,1
Mfsd6,0.181713906,-0.107987736,0.936,0.933,1
Zfp715,0.181811104,-0.463695789,0.241,0.287,1
Cyp4f16,0.181812864,-0.459648563,0.16,0.213,1
Abca5,0.181837964,0.176643548,0.813,0.793,1
Mylip,0.181903038,-0.224276052,0.647,0.634,1
Zfp493,0.181985201,-0.900013382,0.032,0.061,1
Il17rd,0.181985201,-1.158346876,0.032,0.061,1
Jam2,0.182016062,0.533821386,0.176,0.122,1
Rest,0.182085878,0.528255686,0.134,0.085,1
Nck1,0.182088252,-0.259356461,0.684,0.695,1
8430422H06Rik,0.18217803,-0.638981078,0.193,0.238,1
Fbxl15,0.182222504,-0.196906378,0.642,0.652,1
G630018N14Rik,0.182248086,-0.601226004,0.102,0.146,1
Pdha1,0.182449062,-0.111324354,0.957,0.957,1
Rubcn,0.182454108,-0.306666834,0.503,0.549,1
Pycrl,0.182708258,-0.226196506,0.385,0.427,1
Kcna10,0.182778077,-0.892643803,0.011,0.03,1
Oxtr,0.182778077,-1.263187647,0.011,0.03,1
Gm45518,0.182778077,-0.955284216,0.011,0.03,1
Cib1,0.182812736,0.302729235,0.604,0.488,1
Wdr20,0.182826278,-1.106828027,0.273,0.317,1
Gm16536,0.182919274,-0.756083407,0.316,0.36,1
Hist2h4,0.182942295,-0.929001228,0.032,0.061,1
Car7,0.182942295,-0.873400646,0.032,0.061,1
Clybl,0.183082829,-0.175112245,0.652,0.677,1
Aldh6a1,0.183184879,-0.293254033,0.422,0.488,1
Otub1,0.183618142,-0.142460213,0.93,0.939,1
Fbp2,0.18371253,0.340442971,0.053,0.024,1
Tm7sf3,0.183769136,-0.399038855,0.358,0.396,1
Arid5b,0.183845389,0.157799045,0.898,0.915,1
Plag1,0.183858096,-0.427682379,0.16,0.213,1
Smarca2,0.183957585,-0.121495338,0.93,0.933,1
B130055M24Rik,0.183963691,-0.474823925,0.128,0.177,1
Lyrm9,0.184046155,-0.261679345,0.674,0.665,1
Shfl,0.184046825,0.267180916,0.471,0.378,1
Insr,0.184052765,0.333742832,0.439,0.335,1
Ppef2,0.184212413,-0.948751761,0.011,0.03,1
Gm48295,0.184212413,-0.88236887,0.011,0.03,1
Prdm15,0.184238103,0.274850545,0.219,0.152,1
Smim10l2a,0.184325528,-0.107548298,0.422,0.488,1
Arg1,0.184381955,0.967990931,0.043,0.018,1
Ccdc134,0.184404656,0.590033444,0.193,0.14,1
Zfp383,0.184626357,0.37441934,0.123,0.079,1
Tecpr2,0.184776128,-0.342263117,0.455,0.488,1
Prrx2,0.18484495,1.094399767,0.107,0.067,1
Bcl10,0.184912215,0.179228771,0.61,0.494,1
Midn,0.184935213,0.254864454,0.791,0.774,1
Phf14,0.185066234,-0.323061275,0.743,0.713,1
Mkln1os,0.185084885,-0.113661207,0.235,0.165,1
Fam193b,0.185180385,-0.433164607,0.219,0.274,1
Armc1,0.185272475,-0.170883709,0.92,0.902,1
Kbtbd4,0.185344625,0.520365455,0.198,0.146,1
Polr3g,0.185416197,0.22611025,0.471,0.372,1
Fam169a,0.18543132,-0.238636479,0.679,0.695,1
Rfc1,0.185501508,0.11398525,0.834,0.768,1
Wipf3,0.185502682,-0.137071166,0.465,0.53,1
Nkain2,0.185530851,0.281030624,0.583,0.537,1
Gm37107,0.185655064,-0.938790496,0.011,0.03,1
A930033H14Rik,0.185655064,-0.800821829,0.011,0.03,1
Kif19a,0.185655064,-0.979317913,0.011,0.03,1
Tmem30c,0.185655064,-0.998832353,0.011,0.03,1
Slc2a12,0.185771811,-0.380311225,0.027,0.055,1
Samd15,0.185771811,-0.429173149,0.027,0.055,1
Sumo3,0.185887679,-0.187287735,0.925,0.945,1
Zmat2,0.185935523,0.107747911,0.963,0.957,1
Ddx41,0.186085899,0.362442849,0.257,0.189,1
Tpr,0.186088398,0.205229426,0.872,0.854,1
Tcf24,0.186088983,0.372751743,0.011,0,1
4931428L18Rik,0.186088983,0.626277164,0.011,0,1
Neurl3,0.186088983,0.384782566,0.011,0,1
Gm5099,0.186088983,0.60602139,0.011,0,1
Ctla4,0.186088983,0.528037837,0.011,0,1
Gm11587,0.186088983,0.482620693,0.011,0,1
Gm29358,0.186088983,0.355777986,0.011,0,1
C130026I21Rik,0.186088983,0.40959526,0.011,0,1
Pm20d1,0.186088983,0.603963471,0.011,0,1
Lemd1,0.186088983,0.400084578,0.011,0,1
Aspm,0.186088983,0.474833698,0.011,0,1
Pla2g4a,0.186088983,0.333739986,0.011,0,1
A830008E24Rik,0.186088983,0.773356051,0.011,0,1
Gm32569,0.186088983,0.326432651,0.011,0,1
Gm36388,0.186088983,0.438163879,0.011,0,1
A230020J21Rik,0.186088983,0.475746371,0.011,0,1
Gm13180,0.186088983,0.304628066,0.011,0,1
4930551O13Rik,0.186088983,0.361267446,0.011,0,1
Gm13344,0.186088983,0.369718366,0.011,0,1
Clic3,0.186088983,0.382975287,0.011,0,1
Fcnaos,0.186088983,0.401380027,0.011,0,1
Fcna,0.186088983,0.332751,0.011,0,1
6530402F18Rik,0.186088983,0.501942611,0.011,0,1
Gm13528,0.186088983,0.388221344,0.011,0,1
C130021I20Rik,0.186088983,0.371926198,0.011,0,1
Gm13403,0.186088983,0.408772676,0.011,0,1
C79798,0.186088983,2.614742262,0.011,0,1
4631405J19Rik,0.186088983,0.473808737,0.011,0,1
Elf5,0.186088983,0.351447193,0.011,0,1
Dll4,0.186088983,0.434227077,0.011,0,1
Duoxa1,0.186088983,0.217103052,0.011,0,1
Hdc,0.186088983,0.743314171,0.011,0,1
Gm14232,0.186088983,0.402747823,0.011,0,1
Gm14230,0.186088983,0.627046229,0.011,0,1
Gm14246,0.186088983,0.435859206,0.011,0,1
Cd40,0.186088983,0.333739986,0.011,0,1
Mc3r,0.186088983,0.640146442,0.011,0,1
Gm4724,0.186088983,0.678203344,0.011,0,1
Gm14342,0.186088983,0.313816118,0.011,0,1
Actrt3,0.186088983,0.460093784,0.011,0,1
Gm38505,0.186088983,0.86792312,0.011,0,1
Ccna2,0.186088983,0.281023588,0.011,0,1
1700017G19Rik,0.186088983,0.256387915,0.011,0,1
1700027H10Rik,0.186088983,0.304936021,0.011,0,1
Pcdh18,0.186088983,0.567199065,0.011,0,1
Gm37202,0.186088983,0.363204989,0.011,0,1
9330121J05Rik,0.186088983,0.850053871,0.011,0,1
A330069K06Rik,0.186088983,0.345932618,0.011,0,1
Tmem154,0.186088983,0.549969145,0.011,0,1
Lrrc71,0.186088983,0.412749778,0.011,0,1
Muc1,0.186088983,0.601708685,0.011,0,1
Gm15234,0.186088983,0.518922882,0.011,0,1
Tbx15,0.186088983,0.367475565,0.011,0,1
Gm10961,0.186088983,0.352207961,0.011,0,1
Aknad1,0.186088983,0.565658298,0.011,0,1
Gm26820,0.186088983,0.389640724,0.011,0,1
Bdh2,0.186088983,0.439151477,0.011,0,1
Adh1,0.186088983,0.505464848,0.011,0,1
Mcoln3,0.186088983,0.344914521,0.011,0,1
Gm30382,0.186088983,0.412723068,0.011,0,1
Gm31881,0.186088983,0.439293034,0.011,0,1
Cngb3,0.186088983,0.545224148,0.011,0,1
4930412L05Rik,0.186088983,0.499060513,0.011,0,1
0610025J13Rik,0.186088983,0.647554309,0.011,0,1
Gm12689,0.186088983,0.41022574,0.011,0,1
Ube2uos,0.186088983,0.278954697,0.011,0,1
C8b,0.186088983,0.304900532,0.011,0,1
Lrp8os2,0.186088983,0.443814723,0.011,0,1
Tex38,0.186088983,0.416218565,0.011,0,1
Nt5c1a,0.186088983,0.37951405,0.011,0,1
Gm2164,0.186088983,0.37263219,0.011,0,1
Col8a2,0.186088983,0.405190474,0.011,0,1
Fam167b,0.186088983,0.84712571,0.011,0,1
1700021N21Rik,0.186088983,0.271255002,0.011,0,1
Runx3,0.186088983,0.371041483,0.011,0,1
Gm24362,0.186088983,0.276828534,0.011,0,1
Htr1d,0.186088983,0.449950109,0.011,0,1
Tmem51os1,0.186088983,0.39433259,0.011,0,1
Plch2,0.186088983,0.414775788,0.011,0,1
Slc26a5,0.186088983,0.254585911,0.011,0,1
4930513D17Rik,0.186088983,0.377925879,0.011,0,1
Gm3519,0.186088983,0.327857211,0.011,0,1
Rbm47,0.186088983,0.320982056,0.011,0,1
1700126H18Rik,0.186088983,0.328871036,0.011,0,1
Cxcl2,0.186088983,0.461644037,0.011,0,1
Gm19619,0.186088983,0.411100339,0.011,0,1
Gbp8,0.186088983,0.662595781,0.011,0,1
Gm43137,0.186088983,0.397164734,0.011,0,1
Gm42596,0.186088983,0.337181287,0.011,0,1
Dao,0.186088983,0.389379265,0.011,0,1
Gm9754,0.186088983,0.279129217,0.011,0,1
Gm34086,0.186088983,0.585733412,0.011,0,1
Tmem132c,0.186088983,0.230659989,0.011,0,1
Tmem132d,0.186088983,0.407958903,0.011,0,1
CAAA01077340.1,0.186088983,0.324510022,0.011,0,1
Gper1,0.186088983,0.387100497,0.011,0,1
Gm43807,0.186088983,0.4268161,0.011,0,1
Aass,0.186088983,0.555354767,0.011,0,1
Gm28402,0.186088983,0.327081466,0.011,0,1
Qrfprl,0.186088983,0.458781281,0.011,0,1
Cyp26b1,0.186088983,0.475266902,0.011,0,1
Lmcd1,0.186088983,0.373569562,0.011,0,1
Cidec,0.186088983,0.359869815,0.011,0,1
Slc25a18,0.186088983,0.431713308,0.011,0,1
Gm32914,0.186088983,0.369475158,0.011,0,1
Pthlh,0.186088983,0.413079963,0.011,0,1
Cacng8,0.186088983,0.311623191,0.011,0,1
Rasl2-9,0.186088983,0.260395075,0.011,0,1
Vmn2r56,0.186088983,0.431601578,0.011,0,1
C5ar1,0.186088983,0.540309585,0.011,0,1
Ceacam20,0.186088983,0.217103052,0.011,0,1
Gapdhs,0.186088983,0.280481539,0.011,0,1
Mag,0.186088983,0.682862444,0.011,0,1
G630030J09Rik,0.186088983,0.431251765,0.011,0,1
Syngr4,0.186088983,0.182108677,0.011,0,1
Ldhc,0.186088983,0.702473018,0.011,0,1
Gm44946,0.186088983,0.370657676,0.011,0,1
Gm7580,0.186088983,0.530173829,0.011,0,1
Gm45144,0.186088983,0.37263219,0.011,0,1
AI314278,0.186088983,0.342836169,0.011,0,1
Gdpd4,0.186088983,0.431444674,0.011,0,1
Gm39059,0.186088983,0.273012599,0.011,0,1
Gm45620,0.186088983,0.315934395,0.011,0,1
Rbmxl2,0.186088983,0.27481652,0.011,0,1
Olfr482,0.186088983,0.418245504,0.011,0,1
Gm44982,0.186088983,0.47733393,0.011,0,1
Gm6249,0.186088983,0.359027217,0.011,0,1
Ano1,0.186088983,0.469709142,0.011,0,1
Smim38,0.186088983,0.543452775,0.011,0,1
C330021F23Rik,0.186088983,0.429655562,0.011,0,1
Cfap97d2,0.186088983,0.758039084,0.011,0,1
Gm3985,0.186088983,0.426093182,0.011,0,1
Gm30931,0.186088983,0.300193278,0.011,0,1
Npy5r,0.186088983,0.42349952,0.011,0,1
Tssk6,0.186088983,0.479076916,0.011,0,1
Hapln4,0.186088983,0.3467479,0.011,0,1
Gm45601,0.186088983,0.7938322,0.011,0,1
1700067K01Rik,0.186088983,0.429156012,0.011,0,1
Gm15890,0.186088983,0.270168709,0.011,0,1
Ccdc113,0.186088983,0.366887517,0.011,0,1
Gm31659,0.186088983,0.722719781,0.011,0,1
Gm29682,0.186088983,0.444670773,0.011,0,1
Gm45892,0.186088983,0.434697542,0.011,0,1
Hsd11b2,0.186088983,0.369477115,0.011,0,1
Crispld2,0.186088983,0.300982687,0.011,0,1
BC048644,0.186088983,0.393750015,0.011,0,1
Cbfa2t3,0.186088983,1.178717322,0.011,0,1
Gm45866,0.186088983,0.293133511,0.011,0,1
Gm31718,0.186088983,0.437771263,0.011,0,1
Gm45494,0.186088983,0.469369901,0.011,0,1
Zfp599,0.186088983,0.381068812,0.011,0,1
Pate13,0.186088983,0.438516932,0.011,0,1
Gm26737,0.186088983,0.289582255,0.011,0,1
Upk2,0.186088983,0.376242213,0.011,0,1
Gm47232,0.186088983,0.348571495,0.011,0,1
Gm47153,0.186088983,0.412401023,0.011,0,1
Gm6980,0.186088983,0.440111367,0.011,0,1
Gm19299,0.186088983,0.535217434,0.011,0,1
Gsta2,0.186088983,0.286226123,0.011,0,1
Ctsh,0.186088983,0.324761934,0.011,0,1
Col7a1,0.186088983,0.302258631,0.011,0,1
Fbxw13,0.186088983,0.351408356,0.011,0,1
Spink8,0.186088983,0.398170064,0.011,0,1
Gm30906,0.186088983,0.377704414,0.011,0,1
Gm48727,0.186088983,0.290536551,0.011,0,1
E030030I06Rik,0.186088983,0.559817237,0.011,0,1
Vsir,0.186088983,0.267011056,0.011,0,1
Tmem26,0.186088983,0.733115312,0.011,0,1
Ggt1,0.186088983,0.526172281,0.011,0,1
Itgb2,0.186088983,0.515403346,0.011,0,1
Nmrk2,0.186088983,0.521476133,0.011,0,1
4930486F22Rik,0.186088983,0.269899968,0.011,0,1
Igf1,0.186088983,1.761381069,0.011,0,1
Gm5426,0.186088983,0.337276686,0.011,0,1
Gm47200,0.186088983,0.530791583,0.011,0,1
Rdh1,0.186088983,0.273459117,0.011,0,1
Upp1,0.186088983,0.428879099,0.011,0,1
Gm12092,0.186088983,0.38007204,0.011,0,1
Efcab9,0.186088983,0.377673384,0.011,0,1
Kcnmb1,0.186088983,0.51015723,0.011,0,1
Wwc1,0.186088983,0.284783462,0.011,0,1
9930111J21Rik2,0.186088983,0.634734071,0.011,0,1
Btnl9,0.186088983,0.380333229,0.011,0,1
Pld6,0.186088983,0.54305403,0.011,0,1
Tnk1,0.186088983,0.383451129,0.011,0,1
Pimreg,0.186088983,0.410131169,0.011,0,1
Tmigd1,0.186088983,1.044627438,0.011,0,1
Adap2os,0.186088983,1.048560958,0.011,0,1
Lpo,0.186088983,0.5045341,0.011,0,1
Eme1,0.186088983,0.547386037,0.011,0,1
Tac4,0.186088983,0.38909662,0.011,0,1
Phospho1,0.186088983,0.565157285,0.011,0,1
Gngt2,0.186088983,0.759878916,0.011,0,1
Gsdma,0.186088983,0.378908514,0.011,0,1
Zfp385c,0.186088983,0.73123883,0.011,0,1
Ptges3l,0.186088983,0.444016599,0.011,0,1
Gm884,0.186088983,0.54593407,0.011,0,1
Gm11655,0.186088983,0.261192952,0.011,0,1
Gm11685,0.186088983,0.391923877,0.011,0,1
Dnah17,0.186088983,0.23887287,0.011,0,1
Gm11762,0.186088983,0.641166289,0.011,0,1
Sectm1b,0.186088983,0.283127063,0.011,0,1
Rad51ap2,0.186088983,0.360686016,0.011,0,1
Gm30124,0.186088983,0.356477635,0.011,0,1
Pik3cg,0.186088983,0.470618276,0.011,0,1
Gm48508,0.186088983,0.529994368,0.011,0,1
Abhd12b,0.186088983,0.568232593,0.011,0,1
Gm26709,0.186088983,0.283528413,0.011,0,1
Gpx2,0.186088983,0.445658618,0.011,0,1
1300014J16Rik,0.186088983,0.560317164,0.011,0,1
4930423D22Rik,0.186088983,0.413785877,0.011,0,1
Prox2os,0.186088983,0.342967256,0.011,0,1
Gm40538,0.186088983,0.330020671,0.011,0,1
Gm16876,0.186088983,0.450763846,0.011,0,1
Gm35558,0.186088983,0.442972265,0.011,0,1
Tdrd9,0.186088983,0.327857211,0.011,0,1
D430020J02Rik,0.186088983,0.353058957,0.011,0,1
Gm47507,0.186088983,0.350954884,0.011,0,1
Hist1h4j,0.186088983,0.558416272,0.011,0,1
Hist1h2bp,0.186088983,0.563513095,0.011,0,1
Hist1h2bk,0.186088983,0.345931823,0.011,0,1
4930557F10Rik,0.186088983,0.447287409,0.011,0,1
Hist1h3a,0.186088983,0.437487749,0.011,0,1
Foxc1,0.186088983,0.439723482,0.011,0,1
Gm47448,0.186088983,0.283127063,0.011,0,1
Tgfbi,0.186088983,0.634191262,0.011,0,1
Gm46419,0.186088983,1.191799834,0.011,0,1
Gm48302,0.186088983,0.295480866,0.011,0,1
Dmgdh,0.186088983,1.143756825,0.011,0,1
Gcnt4,0.186088983,0.355328993,0.011,0,1
Gm3667,0.186088983,0.31461623,0.011,0,1
Gm48239,0.186088983,0.379924994,0.011,0,1
Gm11100,0.186088983,0.466183058,0.011,0,1
Gm47794,0.186088983,0.411539129,0.011,0,1
A430057M04Rik,0.186088983,0.35943157,0.011,0,1
Duxbl3,0.186088983,0.319835827,0.011,0,1
Gm48914,0.186088983,0.265727163,0.011,0,1
1700024G13Rik,0.186088983,0.38130209,0.011,0,1
Wdfy4,0.186088983,0.30023683,0.011,0,1
Gm30083,0.186088983,0.311270727,0.011,0,1
Olfr1513,0.186088983,1.890713273,0.011,0,1
Gm10366,0.186088983,0.459477368,0.011,0,1
Gm49130,0.186088983,0.52537366,0.011,0,1
Cideb,0.186088983,0.985735503,0.011,0,1
Phf11c,0.186088983,0.441543844,0.011,0,1
Defb47,0.186088983,0.513441207,0.011,0,1
Fam167a,0.186088983,0.551005163,0.011,0,1
Gm41177,0.186088983,0.498949641,0.011,0,1
Gm16677,0.186088983,0.497858735,0.011,0,1
Slc15a1,0.186088983,0.860108017,0.011,0,1
Gm15938,0.186088983,0.350958652,0.011,0,1
Gm33497,0.186088983,0.404299423,0.011,0,1
Gm26766,0.186088983,0.40111562,0.011,0,1
Gm35019,0.186088983,0.216723989,0.011,0,1
Dpys,0.186088983,0.375019768,0.011,0,1
Oc90,0.186088983,0.584988012,0.011,0,1
Apol7a,0.186088983,0.312314324,0.011,0,1
Cyth4,0.186088983,0.310506338,0.011,0,1
Mfng,0.186088983,0.539850732,0.011,0,1
Baiap2l2,0.186088983,0.555568949,0.011,0,1
Tnfrsf13c,0.186088983,0.449226335,0.011,0,1
Cyp2d26,0.186088983,0.541845088,0.011,0,1
Gm49442,0.186088983,0.43048417,0.011,0,1
Aqp5,0.186088983,0.363431561,0.011,0,1
Sema5b,0.186088983,0.534620328,0.011,0,1
Tmem45a,0.186088983,0.450572059,0.011,0,1
Csnka2ip,0.186088983,0.595534187,0.011,0,1
Fam243,0.186088983,0.378108954,0.011,0,1
Gm34684,0.186088983,0.664420842,0.011,0,1
Gm16046,0.186088983,0.338043095,0.011,0,1
Gm41541,0.186088983,0.384903132,0.011,0,1
Sox8,0.186088983,0.555370657,0.011,0,1
C130040N14Rik,0.186088983,0.398054062,0.011,0,1
Kifc1,0.186088983,0.295772117,0.011,0,1
Col11a2,0.186088983,0.456915989,0.011,0,1
Slc25a41,0.186088983,0.324095703,0.011,0,1
Gm33055,0.186088983,0.372453661,0.011,0,1
Gm49981,0.186088983,0.419416629,0.011,0,1
Stpg4,0.186088983,0.605109157,0.011,0,1
4921524L21Rik,0.186088983,0.427175278,0.011,0,1
Pcdha5,0.186088983,0.559201126,0.011,0,1
Gm37165,0.186088983,0.558006534,0.011,0,1
Sh3rf2,0.186088983,0.539158832,0.011,0,1
Plac8l1,0.186088983,0.378114899,0.011,0,1
Slc27a6,0.186088983,0.479851829,0.011,0,1
Grp,0.186088983,0.522855733,0.011,0,1
Gm50350,0.186088983,0.704025565,0.011,0,1
Gm30889,0.186088983,0.238044462,0.011,0,1
Dipk1c,0.186088983,0.619270624,0.011,0,1
Tesmin,0.186088983,0.544612852,0.011,0,1
1500032F14Rik,0.186088983,0.396876214,0.011,0,1
Actn3,0.186088983,0.270168709,0.011,0,1
Gm14963,0.186088983,0.436033071,0.011,0,1
Gm14965,0.186088983,0.435254837,0.011,0,1
Ankrd1,0.186088983,0.42485248,0.011,0,1
Gm34517,0.186088983,0.45085906,0.011,0,1
Tectb,0.186088983,0.488629313,0.011,0,1
Gucy2g,0.186088983,0.2048569,0.011,0,1
E330013P04Rik,0.186088983,0.492988721,0.011,0,1
Flicr,0.186088983,0.284060372,0.011,0,1
Cfap47,0.186088983,0.234783428,0.011,0,1
Kif4,0.186088983,0.435246659,0.011,0,1
Il2rg,0.186088983,0.329176709,0.011,0,1
Pou3f4,0.186088983,0.347819541,0.011,0,1
Wbp1l,0.186228351,0.196227673,0.39,0.299,1
Pus1,0.186249532,0.289302291,0.31,0.244,1
Irf5,0.186326278,0.421087924,0.07,0.037,1
Cplx2,0.18638293,-0.276475117,0.626,0.646,1
Scn3a,0.186419307,0.163391876,0.588,0.5,1
Cenpv,0.186500336,-0.311341721,0.668,0.707,1
Tdg,0.186509118,-0.429077403,0.385,0.415,1
Rnf144a,0.186582924,-0.464944072,0.267,0.317,1
Fam53a,0.186598143,0.179214331,0.246,0.183,1
Hoxb3,0.18682635,-0.269569145,0.679,0.683,1
Gm48606,0.186864448,-1.030625459,0.037,0.067,1
Lrig2,0.186927711,-0.454544289,0.492,0.518,1
Ints13,0.186975421,-0.508120086,0.187,0.238,1
Krt1,0.187045408,-0.544471923,0.193,0.238,1
Gm4876,0.187106053,-1.063167702,0.011,0.03,1
Gm20512,0.187106053,-0.808917691,0.011,0.03,1
Asf1b,0.187106053,-0.842495996,0.011,0.03,1
Ankfn1,0.187106053,-0.485175444,0.011,0.03,1
D630014O11Rik,0.187106053,-0.754050437,0.011,0.03,1
Nhlrc2,0.187255231,0.106125403,0.353,0.39,1
Cd1d1,0.187325652,0.513647301,0.128,0.085,1
Bmi1,0.187485633,-0.128932868,0.535,0.579,1
Gm48045,0.187520525,0.394640845,0.118,0.073,1
Stx17,0.187542731,0.166369899,0.353,0.274,1
Grn,0.187723,-0.160629897,0.604,0.64,1
Noa1,0.187841405,-0.627373326,0.166,0.213,1
Ccdc96,0.187870854,0.59717645,0.043,0.018,1
Rsl1,0.187870854,0.739831408,0.043,0.018,1
Grxcr2,0.187870854,0.641597107,0.043,0.018,1
Plaat3,0.187960014,0.249306345,0.321,0.25,1
Acss2,0.187985479,0.168765726,0.765,0.726,1
Macf1,0.188279111,-0.168424063,0.904,0.927,1
Tgfb2,0.188418019,0.660702484,0.107,0.067,1
Gm43138,0.188565399,-0.726884824,0.011,0.03,1
Trip13,0.188565399,-0.73226494,0.011,0.03,1
Pcdhgb4,0.188565399,-0.745014454,0.011,0.03,1
Stk4,0.1885997,-0.312028539,0.626,0.665,1
Ctnnal1,0.188624522,0.400459638,0.326,0.244,1
E130311K13Rik,0.18881063,0.560345096,0.166,0.116,1
Trmt10b,0.188836834,0.158134295,0.503,0.402,1
Sirt7,0.188890898,0.229136487,0.283,0.213,1
Gm36356,0.188892657,-0.366382413,0.027,0.055,1
5330434G04Rik,0.189074831,-0.104715839,0.872,0.884,1
Nup133,0.189385227,0.114384082,0.219,0.274,1
Rgp1,0.189456991,0.280308311,0.241,0.177,1
Nr2c1,0.189457052,0.236439691,0.241,0.177,1
Emc3,0.189553811,0.255808294,0.717,0.652,1
Ggt7,0.18973457,0.29552568,0.722,0.646,1
Zhx3,0.189798367,-0.387183085,0.535,0.518,1
Irf2bp1,0.189815626,-0.27701278,0.556,0.579,1
Tspan15,0.189924574,-0.347265725,0.679,0.701,1
Trmt9b,0.189941482,-0.946966255,0.027,0.055,1
Usp7,0.190018081,0.139535443,0.749,0.713,1
Gm43113,0.190033123,-0.829139544,0.011,0.03,1
2310043M15Rik,0.190223703,0.670665392,0.043,0.018,1
Ccdc22,0.19039664,0.592168886,0.187,0.134,1
Ccdc28b,0.190418902,0.154715347,0.818,0.768,1
Plekhh3,0.190450395,0.434862914,0.23,0.165,1
B230217O12Rik,0.190748963,-0.244758542,0.476,0.555,1
Zfp976,0.190764579,0.39482326,0.209,0.152,1
Commd2,0.190834542,0.420617531,0.556,0.5,1
Metap1d,0.19095563,0.181160421,0.594,0.482,1
Zfp354b,0.190959026,0.365671712,0.15,0.098,1
Gm12963,0.191076099,-1.176451269,0.128,0.165,1
Slc25a24,0.191321196,0.113440873,0.417,0.323,1
Gm30400,0.191341849,0.327543092,0.123,0.079,1
Ankrd23,0.191408234,0.781223671,0.043,0.018,1
Stx1b,0.191449958,0.169963506,0.893,0.835,1
Ryr1,0.191509246,-0.669100736,0.011,0.03,1
Cacng2,0.191509246,-0.576416396,0.011,0.03,1
Top1,0.191523798,-0.114216665,0.914,0.933,1
Ankmy2,0.191668586,-0.267575357,0.487,0.524,1
Nap1l2,0.191695464,-0.244923894,0.567,0.585,1
Exd1,0.191724545,-1.837773331,0.032,0.061,1
Gm16124,0.191765781,-0.556300785,0.091,0.134,1
Ctr9,0.191768144,-0.260899067,0.647,0.646,1
Rtbdn,0.192023279,-0.908426269,0.086,0.122,1
Plcb4,0.192071672,-0.169548486,0.829,0.805,1
Amz1,0.192125777,-0.558181894,0.096,0.14,1
Fubp3,0.192166664,-0.266614431,0.433,0.47,1
Oxa1l,0.192291537,0.449721536,0.455,0.396,1
Dynlt1b,0.192598183,0.570019707,0.043,0.018,1
Jrkl,0.192622324,-0.439089809,0.289,0.323,1
Map2k3os,0.192706382,0.464844665,0.123,0.079,1
Gm15287,0.192719175,-0.72489552,0.032,0.061,1
Dip2a,0.192723318,-0.241384012,0.449,0.506,1
Tmem74,0.19284056,-0.346912999,0.61,0.604,1
0610009B22Rik,0.192842785,0.195955018,0.84,0.78,1
Stk35,0.192859394,0.302400846,0.374,0.311,1
Mios,0.19285978,-0.592839487,0.214,0.262,1
Tiparp,0.192967112,-0.262893699,0.738,0.762,1
Gm28055,0.192993786,-0.632774777,0.011,0.03,1
Zmpste24,0.193022929,-0.264976972,0.695,0.695,1
Taf9b,0.193033807,-0.332735029,0.535,0.549,1
Sp2,0.193192469,0.246952326,0.39,0.305,1
Mydgf,0.19337872,0.178383172,0.604,0.53,1
E2f5,0.193410746,0.504057437,0.235,0.177,1
Lix1l,0.193452497,0.10472203,0.31,0.232,1
Orc1,0.193452741,1.385646045,0.075,0.043,1
Entpd3,0.193515174,0.208984037,0.706,0.646,1
Gm36839,0.193717591,-0.748825115,0.032,0.061,1
Apold1,0.193751155,0.37955013,0.449,0.384,1
Slc35a4,0.193784077,0.314357255,0.503,0.427,1
Galntl6,0.193793559,0.66348004,0.043,0.018,1
Enpp2,0.193793559,0.50214941,0.043,0.018,1
Mrps28,0.193856103,0.220210969,0.636,0.537,1
Pum3,0.193877177,0.201324333,0.572,0.47,1
Cipc,0.19391377,-0.269848095,0.631,0.659,1
2310058D17Rik,0.193949551,0.482590387,0.128,0.085,1
Nkd1,0.194045466,-0.499892858,0.235,0.287,1
Trim37,0.194070213,-0.204905408,0.861,0.89,1
Msantd2,0.194117609,-0.460841489,0.316,0.341,1
Arfrp1,0.194399916,0.206270879,0.684,0.591,1
Sytl3,0.194486764,-0.597556738,0.011,0.03,1
Prdm16os,0.194491833,0.497709587,0.118,0.073,1
Tcf19,0.194518889,0.430544396,0.07,0.037,1
Src,0.194936343,-0.321334108,0.428,0.476,1
Wnt7a,0.194994375,0.453737608,0.043,0.018,1
2310014F06Rik,0.194994375,0.407284051,0.043,0.018,1
Ankrd44,0.195061231,-0.383773091,0.353,0.396,1
A330032B11Rik,0.195257234,-1.051857194,0.043,0.073,1
Sav1,0.195287692,0.577661716,0.594,0.5,1
Mief1,0.195289801,0.142160191,0.535,0.439,1
Pim1,0.19539079,-0.457531464,0.38,0.39,1
Tatdn1,0.195449389,-0.120832934,0.545,0.591,1
Hapln1,0.195725807,-0.677300145,0.032,0.061,1
Ccdc166,0.195741933,-0.443589281,0.091,0.134,1
Dlst,0.195795193,0.194007176,0.781,0.683,1
Creg1,0.195865075,0.142238602,0.476,0.378,1
Gadd45b,0.195899583,-0.187268313,0.342,0.409,1
Rae1,0.195904759,-0.481619484,0.455,0.457,1
Rbm43,0.1959564,0.202774865,0.476,0.39,1
Vps26c,0.195984703,-0.407643756,0.353,0.384,1
Tmem168,0.196006908,-0.42271809,0.369,0.415,1
Ctf1,0.196085111,-0.530797873,0.08,0.122,1
Gm40841,0.196090669,-0.854867054,0.096,0.134,1
Man2c1,0.196195721,-0.458064079,0.348,0.39,1
Immt,0.196287636,-0.167274503,0.936,0.951,1
Fbxw7,0.196331409,0.144864094,0.85,0.854,1
Zfp871,0.196337571,-0.155827256,0.882,0.884,1
Scamp2,0.196637174,0.406021307,0.294,0.238,1
Ccdc93,0.196890827,-0.390343807,0.283,0.335,1
Gcsh,0.197036353,0.140676473,0.877,0.848,1
Mecp2,0.197186851,-0.14448219,0.802,0.805,1
Mpp4,0.197200325,-1.004186762,0.037,0.067,1
Htr2a,0.197200325,-1.113211847,0.037,0.067,1
Slc25a45,0.197307654,0.255694692,0.07,0.037,1
Kif13a,0.197394132,-0.188359948,0.529,0.573,1
Slc25a20,0.197514777,0.363598127,0.235,0.177,1
Heatr1,0.197736147,-0.476985598,0.128,0.177,1
Hsf2,0.197936881,-0.162570757,0.417,0.439,1
Car13,0.197945974,0.291097413,0.107,0.067,1
Nrsn2,0.198031778,-0.181065257,0.807,0.793,1
Mmadhc,0.198108146,0.135843738,0.631,0.518,1
Nr1h3,0.198629549,0.489329981,0.043,0.018,1
Vps45,0.19864685,-0.318645714,0.396,0.433,1
Gm42372,0.19866651,-0.284671357,0.604,0.64,1
Nelfe,0.1990073,0.206951331,0.583,0.524,1
Gm17092,0.19909876,0.279139876,0.102,0.061,1
Pwwp2a,0.199335812,0.183257095,0.401,0.335,1
1700126G02Rik,0.199417109,-1.06396097,0.053,0.085,1
Eif2a,0.199460935,-0.277919756,0.647,0.652,1
Ankrd55,0.199636108,-0.296382368,0.235,0.28,1
D430042O09Rik,0.200076804,-0.305874234,0.401,0.439,1
Baiap2,0.20019394,0.468349643,0.107,0.067,1
Zbtb34,0.200338675,0.402140167,0.123,0.079,1
Aqr,0.200420523,-0.366807972,0.417,0.457,1
Tmem191c,0.200643594,-0.429824125,0.225,0.274,1
Trak1,0.200797176,-0.160486931,0.856,0.854,1
Gm20732,0.200912154,-0.71217874,0.118,0.159,1
Mtcl1,0.201061801,-0.161856159,0.952,0.921,1
Ttc9c,0.201133998,-0.231016027,0.594,0.604,1
4931406P16Rik,0.201270584,-0.38142854,0.615,0.604,1
Klhdc3,0.201361355,-0.149595294,0.807,0.841,1
Ccdc107,0.201664881,0.205506885,0.845,0.811,1
Limk1,0.201688899,-0.200523721,0.77,0.768,1
Wdr31,0.201702905,0.580661587,0.107,0.067,1
Arpin,0.201835393,0.149189843,0.348,0.28,1
Gm7008,0.201841942,-0.56146181,0.032,0.061,1
Galnt11,0.201958077,-0.207016844,0.513,0.579,1
Osmr,0.201974129,0.419647011,0.091,0.055,1
Rbfa,0.202039604,-0.260354746,0.572,0.61,1
Rbbp9,0.202126346,-0.588466849,0.15,0.189,1
Parp9,0.202154803,-0.484307546,0.16,0.207,1
Ptcd2,0.202210444,-0.261718829,0.444,0.476,1
Spice1,0.202280413,-0.587992101,0.23,0.274,1
Herpud1,0.202397505,-0.138329923,0.54,0.555,1
Ctsc,0.202460489,0.30889292,0.107,0.067,1
Eif3j1,0.20251587,0.109039032,0.936,0.915,1
Phb,0.202517907,-0.142962329,0.62,0.537,1
Mtx2,0.202544668,0.190047842,0.824,0.811,1
1600020E01Rik,0.202842245,0.395198981,0.369,0.287,1
Mei4,0.202874699,-0.571185466,0.032,0.061,1
4930452B06Rik,0.202882452,-0.556855881,0.155,0.195,1
Asphd2,0.202901315,-0.215909332,0.722,0.72,1
Sin3b,0.202924185,0.132613379,0.759,0.701,1
A330041J22Rik,0.203051185,-0.656685647,0.155,0.201,1
Ciz1,0.203078503,-0.368387778,0.262,0.311,1
Lysmd2,0.203115426,0.281008835,0.824,0.738,1
Gm20712,0.203197441,-0.375643826,0.241,0.287,1
Cnot6,0.203202928,-0.148565097,0.738,0.774,1
Ntpcr,0.203221044,-0.228504974,0.524,0.555,1
Mkrn1,0.203279709,0.171173077,0.829,0.787,1
Xbp1,0.203281404,-0.149690194,0.84,0.854,1
Eps8l1,0.203410094,-0.194582426,0.16,0.11,1
Gm15672,0.203528686,-0.888409668,0.043,0.073,1
Zfp521,0.203582257,0.234282369,0.433,0.366,1
Car15,0.203638624,0.670298364,0.112,0.073,1
Robo1,0.203669936,-1.422519419,0.053,0.085,1
Atf6,0.20372263,-0.278016777,0.615,0.646,1
Brd3,0.203748555,-0.651115332,0.529,0.543,1
Gm16845,0.203756863,0.339605335,0.144,0.098,1
Nbas,0.203823759,-0.389015164,0.519,0.53,1
Ufsp2,0.203886143,-0.161345227,0.807,0.799,1
Acyp2,0.203887693,-0.115034721,0.952,0.945,1
Slain2,0.203891456,0.155912324,0.701,0.598,1
Epb41,0.203986712,-0.278101626,0.663,0.689,1
Grk5,0.204118987,-0.472553885,0.417,0.439,1
Gm49359,0.20433056,-0.480260453,0.187,0.238,1
Idua,0.204372112,-0.416983516,0.112,0.159,1
Agfg2,0.204515998,-0.216506395,0.513,0.579,1
Clec2d,0.20466751,-0.41584472,0.118,0.159,1
Fbp1,0.20474568,0.255267795,0.107,0.067,1
Car12,0.204797856,-0.14514463,0.043,0.018,1
Brd2,0.204954444,-0.100888993,0.952,0.896,1
Ccdc47,0.205165664,-0.172980667,0.765,0.738,1
Ifrd1,0.205183076,0.153834493,0.684,0.61,1
Arsb,0.205276816,-0.533554342,0.182,0.226,1
Nthl1,0.205330558,0.352682019,0.139,0.091,1
Pias4,0.205332725,-0.290196866,0.358,0.415,1
Map2k5,0.205352923,0.650901331,0.428,0.354,1
C2cd4d,0.205400932,-0.643981806,0.043,0.073,1
Mier2,0.205672134,-0.537505052,0.246,0.287,1
Ier3,0.205711123,0.125632698,0.711,0.634,1
Med19,0.205909556,0.155047118,0.701,0.61,1
Ankrd17,0.205913543,-0.134712697,0.893,0.896,1
4930513N10Rik,0.205963424,-0.726006331,0.037,0.067,1
Qpctl,0.20601373,0.212578516,0.251,0.183,1
Sncaip,0.206190429,-0.558883253,0.305,0.348,1
Gstz1,0.206462093,-0.349097837,0.54,0.579,1
Mob1b,0.206565534,-0.232991785,0.433,0.494,1
Phka2,0.206603356,0.128412963,0.572,0.445,1
Cit,0.206609251,-0.34706079,0.449,0.482,1
1500026H17Rik,0.206635693,-0.450114814,0.203,0.256,1
Tasor,0.206683925,-0.26147344,0.503,0.518,1
Zfp563,0.206801979,-1.195599767,0.176,0.226,1
Ifit1bl1,0.206924299,0.444173372,0.155,0.11,1
Zbtb7b,0.206958511,-0.431284678,0.209,0.256,1
Zfp934,0.207101478,-0.458281089,0.31,0.341,1
Tet3,0.2072619,-0.361467816,0.444,0.451,1
Gm33940,0.207285665,-0.718750366,0.043,0.073,1
Taco1os,0.207297433,-0.405534999,0.332,0.366,1
Copb2,0.207445534,0.274770309,0.695,0.573,1
Agpat1,0.20781469,-0.269361387,0.508,0.518,1
Mamdc2,0.207888304,0.856147808,0.075,0.043,1
Srprb,0.207987534,-0.472050019,0.321,0.354,1
Cgas,0.208096249,0.482446875,0.059,0.03,1
Padi4,0.208322733,0.750794028,0.032,0.012,1
Gm10125,0.208334044,-0.554289544,0.23,0.268,1
Srsf11,0.208337052,-0.168744894,0.877,0.902,1
Gm7467,0.208426014,-0.708724625,0.15,0.195,1
Pkp2,0.208458111,-0.956227467,0.064,0.098,1
Decr2,0.208472128,-0.242955506,0.561,0.573,1
Fam117b,0.208888856,-0.210048426,0.786,0.799,1
Gm33228,0.208894907,0.30647833,0.128,0.171,1
Chtf18,0.208946407,-2.047808315,0.037,0.067,1
Fam89b,0.209005264,0.104154489,0.968,0.933,1
Xpo4,0.209013176,-0.394751863,0.358,0.39,1
Fmr1,0.209283799,0.168002832,0.797,0.738,1
Ccdc92b,0.209312129,-0.241716729,0.39,0.451,1
Ccne2,0.20931273,-0.432906156,0.214,0.262,1
Zfp81,0.209442913,-0.561511949,0.358,0.372,1
Fstl3,0.209471862,0.283183325,0.374,0.305,1
Rwdd2a,0.209513696,-0.592464146,0.128,0.171,1
Zfp420,0.209532545,0.214865823,0.182,0.128,1
Zfp968,0.209558446,-0.418336428,0.246,0.305,1
Cdh24,0.209640348,-0.720365329,0.086,0.122,1
Casc3,0.209668909,-0.159496649,0.754,0.787,1
Phlpp1,0.209738865,0.218389088,0.38,0.305,1
Armc8,0.20977638,-0.166772054,0.786,0.78,1
Gabra4,0.209801131,0.722219802,0.032,0.012,1
Acy1,0.209801131,0.838856911,0.032,0.012,1
Armh4,0.20992423,0.268856772,0.872,0.817,1
Fbxl12os,0.210017134,-0.708021512,0.07,0.104,1
Tfdp1,0.210198946,-0.361608949,0.406,0.427,1
Pcdhb12,0.210211925,0.528066843,0.059,0.03,1
Mapkapk2,0.210635476,0.209967771,0.599,0.506,1
Orc6,0.21064743,-0.344221994,0.38,0.427,1
Taok3,0.210749442,-0.102366064,0.877,0.884,1
Zbtb33,0.210812734,-0.324111514,0.262,0.317,1
Gm29506,0.210842655,0.173135052,0.187,0.128,1
Gm10754,0.210952375,-0.649587069,0.037,0.067,1
Chid1,0.211035889,0.790174484,0.497,0.39,1
St8sia1,0.211049072,-0.416936697,0.273,0.323,1
Tifab,0.21113737,-0.590127381,0.112,0.152,1
Tnfaip8,0.21115157,0.133165282,0.091,0.055,1
Abhd18,0.211212976,-0.315572751,0.567,0.591,1
Sh3bp4,0.21122716,-0.498789042,0.278,0.311,1
A530017D24Rik,0.211244562,0.228813161,0.257,0.189,1
2810414N06Rik,0.21128711,0.660409959,0.032,0.012,1
Fam110a,0.21128711,0.765591872,0.032,0.012,1
4921509A06Rik,0.21128711,0.703067804,0.032,0.012,1
Tmco1,0.211298449,-0.231039371,0.861,0.896,1
Rpl22,0.211330386,0.111313337,0.979,0.976,1
Spire2,0.211468013,-0.20242335,0.556,0.567,1
Nup214,0.211693971,0.241733277,0.492,0.549,1
Gm17231,0.211723544,-1.019502009,0.064,0.098,1
Rpp40,0.211772977,0.26891959,0.144,0.098,1
Csnk2b,0.211844368,0.13944828,0.84,0.829,1
Phpt1,0.211964474,-0.213771385,0.529,0.567,1
Leng9,0.2120006,-0.850514231,0.059,0.091,1
Mlkl,0.2120006,-0.944935473,0.059,0.091,1
Snta1,0.212046049,0.44213182,0.299,0.238,1
Lsm1,0.212089982,-0.125350386,0.909,0.896,1
Smurf2,0.212157898,0.194909278,0.717,0.646,1
Gm17655,0.212343125,0.511616229,0.059,0.03,1
Alg6,0.212349071,0.223495729,0.241,0.177,1
Fam50a,0.212422251,0.472690729,0.465,0.396,1
Bcar3,0.212471121,-0.424271559,0.198,0.25,1
Kndc1,0.212498662,-0.450484773,0.251,0.299,1
Cchcr1,0.212555746,0.153549902,0.075,0.043,1
Zfp280c,0.212668662,-0.56168595,0.209,0.256,1
Gm31282,0.21268139,-0.382916221,0.144,0.189,1
Rassf4,0.212689788,-0.662967328,0.091,0.128,1
Zbtb46,0.212743598,-0.268178736,0.262,0.317,1
Gm48623,0.212748702,-0.70925012,0.08,0.116,1
Gm32856,0.212751037,0.520937753,0.155,0.11,1
Gm14167,0.212753149,-0.772915177,0.048,0.079,1
Stab2,0.212753149,-0.86874274,0.048,0.079,1
Catip,0.212780684,0.693756223,0.032,0.012,1
Gm38973,0.212780684,0.484332226,0.032,0.012,1
Gm9967,0.212780684,0.672124663,0.032,0.012,1
4930509E16Rik,0.212780684,1.670609849,0.032,0.012,1
Epop,0.212780684,0.704727388,0.032,0.012,1
Nexmif,0.212780684,0.654939709,0.032,0.012,1
Sema6a,0.212821392,0.243151899,0.214,0.159,1
Cep72,0.212875006,-1.272595434,0.016,0.037,1
Tmem126a,0.213031628,0.147075035,0.834,0.817,1
Stoml1,0.213116307,0.17538238,0.62,0.549,1
Rxra,0.213180182,-0.930260033,0.134,0.171,1
Igsf8,0.213228297,-0.2963475,0.604,0.652,1
Sprtn,0.213254321,-0.688656407,0.128,0.171,1
Zfyve21,0.213442533,0.414400289,0.326,0.262,1
Extl2,0.213594686,-0.337701365,0.578,0.585,1
Cops8,0.213622333,-0.159730596,0.802,0.835,1
Zfp758,0.213669671,-0.231057738,0.273,0.201,1
Mthfr,0.213778561,0.269995874,0.294,0.244,1
Kcnq5,0.213836627,0.909396829,0.134,0.091,1
Primpol,0.213875497,-0.597874523,0.123,0.165,1
9130221H12Rik,0.213998117,-0.745463424,0.07,0.104,1
Snrpb,0.214001066,-0.248897888,0.791,0.829,1
Dync1li1,0.214020238,-0.119679463,0.957,0.951,1
Rspry1,0.214039397,-0.166999236,0.754,0.75,1
Gstk1,0.214199415,0.32913101,0.112,0.073,1
Gcn1,0.214242058,-0.304108499,0.578,0.628,1
Gm37933,0.214281866,0.596428682,0.032,0.012,1
Cfap299,0.214281866,0.938312582,0.032,0.012,1
Sult5a1,0.214281866,0.920711406,0.032,0.012,1
Gm30373,0.214281866,0.534526483,0.032,0.012,1
Cldn1,0.214281866,0.562604559,0.032,0.012,1
Thbs2,0.214281866,0.608067566,0.032,0.012,1
Tomm6os,0.214281866,0.508505051,0.032,0.012,1
Mindy2,0.214400009,-0.177032101,0.941,0.957,1
Srsf3,0.21441928,0.105695192,0.963,0.963,1
Nid2,0.214562483,0.365192539,0.091,0.055,1
Rab12,0.214689904,-0.227487847,0.487,0.518,1
Saysd1,0.214698544,0.27359829,0.54,0.433,1
Cd83,0.214707764,-0.406164446,0.176,0.22,1
2310040G24Rik,0.214809994,0.824148186,0.187,0.134,1
Smad5,0.214871559,-0.222702729,0.551,0.555,1
Necap2,0.214893194,0.327765799,0.198,0.14,1
Ccdc57,0.215035408,-0.754483873,0.053,0.085,1
Ptprj,0.215097765,0.15302934,0.775,0.701,1
Grin3a,0.215158139,-0.149695193,0.888,0.909,1
Atp11b,0.215246702,0.298667857,0.717,0.616,1
Hmox2,0.215309752,0.179774092,0.914,0.866,1
Nsmaf,0.215487042,-0.432255711,0.316,0.354,1
Tmem140,0.21557337,0.225017665,0.219,0.159,1
Zbtb39,0.215605656,-0.744643161,0.07,0.104,1
Dact3,0.215708187,-0.367932747,0.551,0.561,1
Cftr,0.21571703,-0.781398809,0.016,0.037,1
Rnf8,0.21572788,-0.22095593,0.642,0.652,1
Tmem88,0.215790672,0.740997247,0.032,0.012,1
Ccl7,0.215790672,0.673984147,0.032,0.012,1
Foxp4,0.215790672,0.667661202,0.032,0.012,1
Gpr162,0.21580092,0.130651812,0.316,0.238,1
Zfyve1,0.215848274,-0.220111932,0.422,0.47,1
Ppm1m,0.215976952,0.252395996,0.139,0.098,1
Mdm2,0.216099706,-0.349769286,0.551,0.555,1
Srr,0.216147898,-0.112529554,0.599,0.64,1
Btbd19,0.21628276,-0.686942104,0.059,0.091,1
Hs3st5,0.216302932,-0.172237863,0.775,0.787,1
Nfasc,0.216351896,-0.152346891,0.829,0.823,1
Cnp,0.216547838,0.149080337,0.909,0.89,1
AU022252,0.216585435,0.190801544,0.567,0.512,1
Nudt14,0.216824581,0.229506081,0.567,0.476,1
Gm28875,0.217139377,-0.81323482,0.075,0.11,1
Gm44053,0.217148247,-0.878364519,0.016,0.037,1
Gm48933,0.217148247,-0.946577897,0.016,0.037,1
Gm20713,0.217148247,-1.03429093,0.016,0.037,1
Akap11,0.217150289,-0.119153836,0.952,0.963,1
Ccdc190,0.217307113,0.558239633,0.032,0.012,1
Xkr7,0.217307113,0.416198939,0.032,0.012,1
Mmp17,0.217307113,0.208100131,0.032,0.012,1
A230103J11Rik,0.217307113,0.327106425,0.032,0.012,1
Gm26903,0.217307113,0.540649144,0.032,0.012,1
Gm35330,0.217307113,0.453820765,0.032,0.012,1
Pgbd1,0.217307113,0.500323697,0.032,0.012,1
Slc12a8,0.217307113,0.550874935,0.032,0.012,1
Gm50399,0.217307113,0.414079876,0.032,0.012,1
Pfkfb1,0.217307113,0.496286615,0.032,0.012,1
Rreb1,0.217526717,0.960957523,0.096,0.061,1
Rxylt1,0.217613283,-0.163080845,0.701,0.713,1
Eri2,0.217734501,0.420782258,0.134,0.091,1
Zfp644,0.21777858,0.182385151,0.845,0.756,1
Vwa7,0.218032822,0.226661693,0.176,0.128,1
Ftsj1,0.218174833,0.670852363,0.267,0.201,1
Slc22a18,0.218333014,-0.809887471,0.048,0.079,1
Prpf3,0.218384338,0.619141163,0.166,0.116,1
Washc1,0.218525366,-0.354475006,0.342,0.384,1
6720483E21Rik,0.218586281,-0.855655374,0.016,0.037,1
Angptl1,0.218586281,-1.068422469,0.016,0.037,1
C1qb,0.218586281,-2.705170097,0.016,0.037,1
Aoc2,0.218586281,-1.034181555,0.016,0.037,1
Tent4a,0.218712274,-0.483391627,0.294,0.329,1
Commd1,0.218855211,-0.171419541,0.813,0.835,1
Zfp39,0.218881755,-0.663255698,0.059,0.091,1
Gas2l3,0.218992905,0.410530154,0.235,0.177,1
Snx11,0.2190121,0.290091421,0.599,0.524,1
A230059L01Rik,0.219216623,0.346792336,0.075,0.043,1
Ephb2,0.219216623,0.679169295,0.075,0.043,1
Ctdsp2,0.21924995,-0.18555387,0.455,0.506,1
H2-T22,0.219258497,-0.272725761,0.497,0.524,1
Ipp,0.219508536,-1.124458662,0.075,0.11,1
Ankrd13b,0.219572261,-0.140888163,0.299,0.348,1
Tuba4a,0.2196828,0.159512148,0.84,0.756,1
Cir1,0.21973679,0.174925517,0.872,0.854,1
Carf,0.22001514,-0.173981633,0.348,0.28,1
A930029G22Rik,0.220031144,-1.003268288,0.016,0.037,1
Atf4,0.220039238,0.237485062,0.872,0.872,1
Smyd4,0.220102071,0.422304263,0.283,0.226,1
Focad,0.220263542,-0.478459388,0.283,0.317,1
Ethe1,0.220330681,0.223403787,0.636,0.543,1
Ahcy,0.220337463,0.349974603,0.166,0.116,1
Gm13715,0.220362957,0.435967965,0.032,0.012,1
Iqck,0.220362957,0.465197671,0.032,0.012,1
Gm16091,0.220362957,0.390390302,0.032,0.012,1
Gm47591,0.220362957,0.460980413,0.032,0.012,1
Rubcnl,0.220362957,0.462874422,0.032,0.012,1
1700123J17Rik,0.220402383,-0.328532863,0.289,0.335,1
Rbm5,0.220440579,0.186698199,0.77,0.689,1
Kcnq1ot1,0.220481463,-0.347334559,0.455,0.518,1
Nf1,0.220665859,-0.173517189,0.791,0.768,1
Pram1,0.22083094,-0.844878592,0.043,0.073,1
Gnl3,0.220871482,0.224452655,0.535,0.433,1
Cyb561a3,0.220961655,0.348960084,0.134,0.091,1
Slc25a40,0.221182404,-0.424925541,0.289,0.329,1
Bahcc1,0.221297369,-0.337755341,0.15,0.201,1
Sall2,0.22131956,-0.455078428,0.251,0.293,1
Kank2,0.221457138,0.229174997,0.246,0.183,1
Cldn16,0.221482847,-1.088949146,0.016,0.037,1
Rhobtb1,0.221503107,0.403309297,0.091,0.055,1
Zfp955a,0.221512827,-0.586618868,0.086,0.122,1
Zfp667,0.221597926,0.227935966,0.358,0.287,1
Ubxn7,0.221627718,-0.224462249,0.471,0.518,1
Crebl2,0.221786007,-0.267013001,0.658,0.634,1
Ly86,0.221822196,-0.611090718,0.043,0.073,1
Ireb2,0.221826204,-0.265384594,0.684,0.732,1
1010001B22Rik,0.221902386,0.183987023,0.032,0.012,1
Tirap,0.221940633,0.373793062,0.283,0.232,1
Dclre1a,0.221980954,0.343723376,0.112,0.073,1
Taf1b,0.222046987,-0.334483206,0.353,0.384,1
Gm20457,0.222049067,0.259067257,0.155,0.11,1
Pogz,0.222060983,-0.178956347,0.422,0.463,1
Dcc,0.222110878,-0.705893641,0.048,0.079,1
Zfp712,0.222122775,-1.476806667,0.07,0.104,1
Slc4a7,0.222169173,0.209099279,0.267,0.201,1
Pkig,0.222400756,0.124029687,0.92,0.921,1
Bbs4,0.222411001,-0.243327314,0.305,0.354,1
Inip,0.222521002,-0.323587273,0.348,0.402,1
Kifc3,0.222591178,0.510402699,0.096,0.061,1
1-Sep,0.222635814,-0.374486786,0.187,0.232,1
Dhx9,0.22270675,-0.124890492,0.781,0.841,1
Mrps23,0.222764622,0.289284148,0.807,0.756,1
Nos1,0.222905116,0.11299278,0.797,0.707,1
Fgf9,0.22290658,0.252594256,0.128,0.085,1
Nsl1,0.2229414,-0.708664764,0.016,0.037,1
Cenph,0.2229414,-0.820225084,0.016,0.037,1
Pithd1,0.222946953,-0.235023853,0.786,0.793,1
Dbpht2,0.223030105,0.174405129,0.123,0.079,1
Cuedc1,0.223037098,-0.20738951,0.62,0.659,1
Las1l,0.223078503,-0.113398349,0.439,0.482,1
1110019D14Rik,0.223157862,-0.588791026,0.225,0.256,1
Gm39302,0.223263126,-0.95550978,0.059,0.091,1
Fancb,0.223443395,-0.754255109,0.064,0.098,1
Slc11a1,0.223449503,0.316931688,0.032,0.012,1
Fbll1,0.223565968,-0.485075264,0.294,0.329,1
Tet2,0.223712223,-0.241788406,0.358,0.409,1
Sesn2,0.22381426,-0.604132427,0.043,0.073,1
Mepce,0.223888742,-0.177386331,0.497,0.549,1
Pomt1,0.223945229,-0.622262434,0.107,0.146,1
Txndc15,0.224126214,-0.178909607,0.674,0.726,1
Adnp2,0.224166455,0.16877464,0.364,0.293,1
Hebp1,0.224246413,0.254486933,0.299,0.226,1
Dhrs7b,0.224258967,0.260507546,0.385,0.317,1
Fam3c,0.224397794,-0.250695947,0.417,0.463,1
Smad3,0.224406814,-1.156079572,0.016,0.037,1
Ruvbl2,0.224919604,-0.107486946,0.214,0.274,1
Gm47270,0.225064429,-0.758655101,0.08,0.116,1
Mtmr14,0.225078822,-0.288827598,0.385,0.421,1
Cxcr4,0.225154826,-0.793966138,0.064,0.098,1
Invs,0.225295048,-0.54780772,0.182,0.226,1
Yipf5,0.225350892,0.240846442,0.642,0.579,1
Gm37864,0.225412696,0.572913925,0.021,0.006,1
Sorbs2os,0.225412696,0.646671986,0.021,0.006,1
Kcnip1,0.225412696,1.053358775,0.021,0.006,1
Ankdd1b,0.225412696,0.718980771,0.021,0.006,1
Pcdhb8,0.225412696,0.767599086,0.021,0.006,1
Gm15564,0.225472603,-0.858784381,0.257,0.299,1
Ajm1,0.225513672,-0.548739762,0.193,0.238,1
Prmt5,0.225605104,0.249859687,0.449,0.396,1
1110038F14Rik,0.225800464,0.317205686,0.706,0.671,1
Amigo2,0.225936301,-0.568659732,0.144,0.183,1
Gm29773,0.226014044,-1.345303855,0.064,0.098,1
Ccdc60,0.226049422,0.45376754,0.134,0.091,1
Acvr2b,0.226077214,0.283619741,0.246,0.177,1
Sertad1,0.226083392,0.222837586,0.353,0.274,1
Cenpl,0.226163622,-0.517595949,0.16,0.201,1
Acvr1b,0.226261768,-0.349646335,0.417,0.47,1
Gtpbp8,0.226304098,-0.272899381,0.556,0.543,1
Tm9sf4,0.22659749,-0.255478004,0.604,0.634,1
Drosha,0.226783685,-0.191529765,0.631,0.616,1
Nbr1,0.226811736,0.239245604,0.807,0.756,1
Gigyf1,0.226845099,-0.174424875,0.417,0.463,1
5730414N17Rik,0.2268756,-0.935046276,0.064,0.098,1
Sp3,0.226925841,-0.244998244,0.658,0.665,1
Lrfn3,0.226946186,-0.454490172,0.278,0.311,1
Cul5,0.227082729,0.10255379,0.797,0.787,1
Cyp39a1,0.227102359,0.612715714,0.102,0.067,1
Gm15545,0.227102359,-0.677610905,0.07,0.104,1
Zfp469,0.227102359,-0.627286338,0.07,0.104,1
Rnf149,0.22735635,0.340238343,0.369,0.293,1
1700016J18Rik,0.227358268,-0.74033212,0.016,0.037,1
A930009A15Rik,0.227358268,-0.819682429,0.016,0.037,1
Hlf,0.227358268,-0.766036065,0.016,0.037,1
Pde3a,0.227384487,1.973281544,0.021,0.006,1
Sigirr,0.227384487,0.751092225,0.021,0.006,1
Serpina10,0.227384487,0.506669836,0.021,0.006,1
Htr1f,0.227384487,0.643821054,0.021,0.006,1
Gm36001,0.227384487,0.555675427,0.021,0.006,1
Gm46658,0.227384487,0.994900238,0.021,0.006,1
Gm29594,0.227384487,0.55975967,0.021,0.006,1
Tmem185b,0.227392378,-0.458169992,0.144,0.189,1
Ahctf1,0.227405698,-0.354678107,0.412,0.421,1
Gm30893,0.227429214,-0.58978217,0.08,0.116,1
Thsd4,0.227482989,-0.504390805,0.171,0.213,1
Gm49769,0.227491067,0.480155195,0.155,0.11,1
Zfp82,0.227706887,0.161024332,0.091,0.055,1
Dubr,0.227720303,-0.251198496,0.781,0.793,1
2810410L24Rik,0.227739495,0.57262538,0.096,0.061,1
Scml4,0.227739495,-0.625354402,0.064,0.098,1
2510046G10Rik,0.227778673,-0.516235655,0.053,0.085,1
Cyp4f17,0.227836696,-0.600507125,0.043,0.073,1
Abca8b,0.227867525,0.22421236,0.706,0.652,1
Zfp639,0.22809353,0.147167553,0.775,0.707,1
Phldb2,0.22812231,0.120816003,0.15,0.104,1
Olfr655,0.228709075,-0.987734029,0.053,0.085,1
Trp53rka,0.228745058,0.408429885,0.219,0.165,1
Drg2,0.228811393,-0.422022475,0.316,0.354,1
Ttc30b,0.228834353,-1.134800846,0.048,0.079,1
Atp8b5,0.228834353,-0.64213504,0.048,0.079,1
Homez,0.228982547,-0.998396138,0.123,0.159,1
Aacs,0.22930243,-0.125611831,0.818,0.848,1
Vps53,0.229358083,-0.150487324,0.775,0.799,1
Npas2,0.229368541,1.072790977,0.021,0.006,1
Gm10851,0.229368541,0.503045133,0.021,0.006,1
Efna3,0.229368541,0.513925762,0.021,0.006,1
Gja5,0.229368541,0.446105709,0.021,0.006,1
Wdr63,0.229368541,0.447927534,0.021,0.006,1
Gm16023,0.229368541,0.844980283,0.021,0.006,1
Krtcap3,0.229368541,0.744080862,0.021,0.006,1
Gimap4,0.229368541,0.990456215,0.021,0.006,1
Lgals7,0.229368541,0.81598865,0.021,0.006,1
Thap8,0.229368541,0.533650528,0.021,0.006,1
Ccdc151,0.229368541,0.488099808,0.021,0.006,1
Galnt4,0.229368541,0.635207071,0.021,0.006,1
6430562O15Rik,0.229368541,0.476111965,0.021,0.006,1
D030051J21Rik,0.229368541,0.612990454,0.021,0.006,1
Cfap44,0.229368541,0.439987847,0.021,0.006,1
Gm4577,0.229368541,0.755850077,0.021,0.006,1
Gm15956,0.229368541,0.625272643,0.021,0.006,1
Pcdhga9,0.229368541,0.458340765,0.021,0.006,1
Ribc1,0.229368541,0.480969272,0.021,0.006,1
Pam16,0.229566203,0.138639732,0.963,0.939,1
Ap3s2,0.22962237,-0.112122828,0.807,0.78,1
Myrip,0.22964218,-0.97523462,0.053,0.085,1
Skida1,0.229734369,-0.613720139,0.096,0.134,1
Os9,0.229890454,0.28724605,0.615,0.518,1
Nr2f6,0.229949593,-0.199042242,0.551,0.561,1
Gm5535,0.230337289,-0.6157282,0.016,0.037,1
A930001M01Rik,0.230337289,-1.065665019,0.016,0.037,1
Ppwd1,0.230355049,0.32290837,0.214,0.159,1
Cry1,0.230356009,-0.492341452,0.257,0.287,1
Fam214a,0.230389404,-0.901079999,0.289,0.323,1
Tjap1,0.230423337,-0.707784338,0.16,0.201,1
Mgat4e,0.230706607,1.455489143,0.064,0.037,1
0610040B10Rik,0.230774484,-0.311229417,0.294,0.341,1
Gm14507,0.230802604,0.662663767,0.08,0.049,1
Asph,0.230844081,0.108871171,0.738,0.744,1
Nat8l,0.230911084,-0.262763833,0.775,0.793,1
Mfsd14b,0.23109731,-0.226040413,0.61,0.634,1
Actr5,0.231307007,-1.430600283,0.059,0.091,1
Ckap2l,0.231364884,0.547101235,0.021,0.006,1
Tekt2,0.231364884,0.536085875,0.021,0.006,1
Nppb,0.231364884,0.780986846,0.021,0.006,1
Cib4,0.231364884,0.697324348,0.021,0.006,1
Wbscr25,0.231364884,0.53165582,0.021,0.006,1
Gm44764,0.231364884,0.438376604,0.021,0.006,1
Omp,0.231364884,0.483761848,0.021,0.006,1
Slco2b1,0.231364884,0.810018495,0.021,0.006,1
Gm6729,0.231364884,0.348173159,0.021,0.006,1
Gm32828,0.231364884,0.380250225,0.021,0.006,1
Clec14a,0.231364884,0.984648439,0.021,0.006,1
Gm609,0.231364884,0.572312258,0.021,0.006,1
Wdr90,0.231364884,0.524011587,0.021,0.006,1
Slc25a2,0.231364884,0.567132847,0.021,0.006,1
Pcdhga8,0.231364884,1.303645588,0.021,0.006,1
Lrrc10b,0.231364884,0.351974887,0.021,0.006,1
Spindoc,0.231398279,0.221613908,0.332,0.378,1
Picalm,0.231448787,-0.149230684,0.898,0.86,1
Btbd8,0.231495389,0.105728839,0.663,0.604,1
Gm34299,0.231516509,-0.649070023,0.053,0.085,1
Bcl2l11,0.231760602,0.522306236,0.08,0.049,1
Pou4f3,0.231837162,-0.406893808,0.016,0.037,1
Gucy1a2,0.232153713,0.210758905,0.561,0.451,1
Gstcd,0.232200754,-0.547071346,0.112,0.152,1
BC030867,0.232213321,-0.527807738,0.059,0.091,1
Cep295,0.232261665,0.430809521,0.417,0.335,1
Plxna2,0.232374416,-0.61921166,0.385,0.433,1
Babam2,0.232401804,0.14303857,0.733,0.652,1
Isca1,0.232532179,-0.29629254,0.412,0.445,1
Edrf1,0.232681097,0.141477752,0.171,0.122,1
Spns1,0.232712016,-0.271188944,0.267,0.305,1
Alkbh8,0.232872971,-0.31773426,0.513,0.524,1
Ing4,0.233031179,-0.332273697,0.364,0.402,1
Rep15,0.233343957,-0.385539181,0.016,0.037,1
Gm47484,0.233343957,-0.598859957,0.016,0.037,1
Grm4,0.233343957,-0.555335028,0.016,0.037,1
Afap1l1,0.233343957,-0.594422504,0.016,0.037,1
4933400F21Rik,0.233373537,0.316527542,0.021,0.006,1
1700029I15Rik,0.233373537,0.426189803,0.021,0.006,1
Ehf,0.233373537,0.429472545,0.021,0.006,1
Gpat2,0.233373537,0.14077767,0.021,0.006,1
Gm16069,0.233373537,0.322820378,0.021,0.006,1
Gm45533,0.233373537,0.165851277,0.021,0.006,1
Arhgef16,0.233373537,0.4242085,0.021,0.006,1
Chrna9,0.233373537,0.318779591,0.021,0.006,1
Mgat4d,0.233373537,0.353704197,0.021,0.006,1
B430219N15Rik,0.233373537,0.433025622,0.021,0.006,1
Gm11630,0.233373537,-1.777539395,0.021,0.006,1
Wnk4,0.233373537,0.396138227,0.021,0.006,1
Gm48682,0.233373537,0.315439481,0.021,0.006,1
Pou6f2,0.233373537,0.368798435,0.021,0.006,1
Ccno,0.233373537,0.351490473,0.021,0.006,1
Gm28221,0.233373537,0.301858631,0.021,0.006,1
Gm15729,0.233373537,0.422540871,0.021,0.006,1
Gm16758,0.233373537,0.425705296,0.021,0.006,1
Gm41724,0.233373537,0.255302741,0.021,0.006,1
Gm9925,0.233373537,0.391014579,0.021,0.006,1
Xpnpep2,0.233373537,-0.580408138,0.021,0.006,1
Pfkp,0.233433664,-0.160318568,0.941,0.927,1
F3,0.233469894,0.455103073,0.128,0.085,1
Dnaaf2,0.233517887,0.279577439,0.193,0.14,1
Tasp1,0.233599026,0.119099474,0.61,0.506,1
Vps39,0.233692049,-0.219640692,0.422,0.463,1
Frmpd3,0.233797725,-0.503062806,0.134,0.177,1
Aagab,0.233821911,-0.338449034,0.273,0.317,1
Morn1,0.233852434,0.416206011,0.096,0.061,1
Prrxl1,0.233852434,-0.785464766,0.064,0.098,1
Alyref2,0.234025294,-0.388792517,0.139,0.183,1
Cnpy4,0.234127661,0.393492207,0.176,0.128,1
Htt,0.234194808,-0.156232773,0.797,0.866,1
Gm17102,0.23421246,-0.231032201,0.096,0.134,1
Odr4,0.234281243,0.16420025,0.85,0.793,1
Usp48,0.234309431,-0.203350776,0.668,0.671,1
Psmc1,0.234730992,-0.119425537,0.968,0.957,1
Nxt1,0.234767917,0.255515166,0.396,0.335,1
Gtpbp1,0.234837982,-0.39451471,0.278,0.317,1
Taf15,0.234897788,-0.361790728,0.439,0.451,1
Mapk7,0.234917751,0.250480246,0.283,0.226,1
Zfp454,0.234967921,-0.950120478,0.021,0.043,1
Hps6,0.235007441,-0.669166854,0.091,0.128,1
Rmdn1,0.235189592,0.162564577,0.519,0.439,1
Atr,0.235218001,-0.129049996,0.182,0.226,1
Man1c1,0.235391886,-0.139329331,0.722,0.726,1
Rtca,0.235393005,0.142214292,0.786,0.75,1
Rpa1,0.235403335,-0.315809438,0.364,0.402,1
Tyw3,0.235521057,0.180904536,0.241,0.183,1
2610008E11Rik,0.235585322,-0.572098359,0.209,0.25,1
Arl10,0.235778896,0.134504483,0.128,0.085,1
Sbsn,0.23598244,0.100242464,0.428,0.354,1
Nfatc1,0.236311158,0.686117128,0.048,0.024,1
Rbm28,0.236340159,-0.345173221,0.604,0.61,1
Bid,0.236433302,-0.263921877,0.449,0.463,1
2900052N01Rik,0.236443837,0.828770643,0.123,0.085,1
Mtmr12,0.236448759,0.250355922,0.374,0.293,1
B3galt6,0.236459013,-0.759252478,0.219,0.274,1
Smc1a,0.236497953,0.252802181,0.754,0.683,1
Slc12a4,0.236592942,0.615583004,0.08,0.049,1
Mphosph9,0.236642601,-0.299554109,0.358,0.39,1
Edem2,0.236664991,0.446631409,0.326,0.256,1
Tlx3,0.236803571,-0.144277471,0.963,0.945,1
Hars,0.23693141,-0.154810878,0.807,0.835,1
Zfp1,0.237153562,-0.347259548,0.299,0.341,1
Kctd9,0.237365639,-0.312852085,0.626,0.622,1
Nit1,0.237373313,-0.455784316,0.449,0.476,1
Zfp65,0.237389251,-0.426805604,0.128,0.171,1
Dcxr,0.237529846,0.387027914,0.139,0.098,1
Ociad2,0.237529846,-0.397333213,0.102,0.14,1
Wnt5b,0.237588819,1.140441698,0.048,0.024,1
Gm32815,0.237588819,0.636467416,0.048,0.024,1
Jpx,0.237651023,-0.996612637,0.203,0.238,1
Pdcd2,0.237704941,0.172454094,0.321,0.262,1
Zdhhc14,0.237711232,-0.258104857,0.476,0.482,1
Gm28410,0.237732881,-0.990687356,0.021,0.043,1
Tmem214,0.237855511,-0.255334519,0.396,0.433,1
Josd1,0.23792495,-0.271257245,0.61,0.634,1
Pdss2,0.238003591,0.33009926,0.412,0.323,1
Ubn1,0.238133068,0.27652054,0.69,0.646,1
Ephx4,0.238437178,0.35907768,0.241,0.183,1
Rtl5,0.238481065,-0.499893332,0.123,0.165,1
Adam23,0.238866166,-0.233886886,0.781,0.817,1
Tbc1d7,0.239064316,0.138216443,0.594,0.518,1
Bcat1,0.239113173,0.289500766,0.203,0.152,1
Snapc2,0.239127635,0.215552131,0.412,0.335,1
Bbs10,0.239183915,-0.573960002,0.064,0.098,1
Kmt5c,0.23926669,-0.770252027,0.144,0.177,1
N4bp2l2,0.239295703,-0.385217732,0.711,0.695,1
Uhmk1,0.239338364,-0.10519121,0.973,0.976,1
Bmf,0.239405851,0.55280252,0.064,0.037,1
Crim1,0.239405851,0.591048689,0.064,0.037,1
Vps25,0.239526314,0.596243103,0.08,0.049,1
Pml,0.239634542,-0.415989624,0.225,0.256,1
Rchy1,0.239654394,-0.146786039,0.754,0.726,1
Trim33,0.239688628,-0.111409312,0.567,0.561,1
Zbtb21,0.239799719,0.37623932,0.262,0.207,1
Brd4,0.239964065,-0.103066025,0.877,0.878,1
Bod1,0.240008429,0.11555517,0.877,0.817,1
Gm10941,0.240080765,-0.621262797,0.064,0.098,1
Frat1,0.240287908,-0.245967749,0.225,0.262,1
Parp2,0.240318005,0.376365235,0.374,0.317,1
Rfc5,0.240333426,0.680540406,0.118,0.079,1
Trnau1ap,0.240372863,0.405487304,0.524,0.47,1
4930578M01Rik,0.240493346,-0.379743377,0.497,0.518,1
Fbxo30,0.240617721,0.160235445,0.626,0.561,1
Bptf,0.240672288,-0.105387957,0.904,0.927,1
Hey1,0.240690718,-0.559148189,0.316,0.354,1
Nfkbia,0.240706509,0.316218323,0.69,0.646,1
Brms1l,0.240723453,-0.142505345,0.679,0.671,1
Pdgfrb,0.240768931,0.959802712,0.102,0.067,1
Gpr75,0.24083295,-0.636676793,0.198,0.238,1
Tap1,0.240979983,0.159435478,0.096,0.061,1
Tob2,0.241218512,-0.4567151,0.385,0.39,1
Pabpc5,0.24126455,-0.441659907,0.043,0.073,1
Gm12688,0.241451052,0.573654526,0.048,0.024,1
Gm46102,0.241451052,0.961563032,0.048,0.024,1
BC024063,0.241451052,0.512435716,0.048,0.024,1
Lrrc40,0.241539723,0.376638554,0.348,0.274,1
Atad3aos,0.241616348,0.959358338,0.064,0.037,1
Mrm3,0.24164554,-0.782313082,0.299,0.335,1
Akr1b3,0.241703019,-0.192546675,0.759,0.756,1
Sdr39u1,0.241723575,0.160681139,0.684,0.598,1
Ptpdc1,0.241733941,-0.122245234,0.701,0.689,1
2700046G09Rik,0.241841569,-0.59887813,0.134,0.171,1
Rbm19,0.241953527,0.299884531,0.166,0.116,1
Lrrc29,0.242582187,0.290219196,0.134,0.091,1
Grb10,0.242659001,0.166363475,0.706,0.634,1
Prrc2a,0.242686961,-0.149036445,0.813,0.78,1
Gm16105,0.242802691,-0.556531952,0.091,0.128,1
Rint1,0.242851533,0.127587481,0.278,0.323,1
Amhr2,0.242854097,-0.241142907,0.15,0.195,1
AC109619.1,0.242910259,-0.329311218,0.118,0.159,1
Chpf2,0.242981686,0.262328366,0.481,0.402,1
Gm13375,0.242990744,-0.458755545,0.053,0.085,1
Cgref1,0.243067294,0.172782378,0.583,0.512,1
Plcd4,0.243110381,-0.180452043,0.102,0.146,1
Ppara,0.243172713,0.141362514,0.15,0.104,1
Cyp7b1,0.243331556,-1.49985744,0.021,0.043,1
Gm17359,0.243331556,-1.057131689,0.021,0.043,1
Grm3,0.243331556,-2.684766876,0.021,0.043,1
Prrt2,0.243331556,-0.868566277,0.021,0.043,1
Cib3,0.243331556,-2.653129388,0.021,0.043,1
Clcn2,0.243331556,-0.819289362,0.021,0.043,1
Rsph1,0.24336966,0.185350979,0.209,0.152,1
Sfrp5,0.243370625,0.193121558,0.401,0.335,1
Rif1,0.243372687,-0.159661597,0.471,0.512,1
Ppt1,0.24339305,-0.186152633,0.594,0.64,1
Slc25a46,0.243520547,-0.136320177,0.952,0.921,1
Zfp236,0.24356437,-0.38098504,0.422,0.439,1
Zfp41,0.243858604,0.251259025,0.144,0.098,1
Mon2,0.243986452,-0.189415347,0.733,0.762,1
Ints12,0.243988128,-0.190542262,0.251,0.293,1
Zbtb32,0.244050302,0.442357568,0.048,0.024,1
Ocln,0.244050302,0.529633056,0.048,0.024,1
Pde1c,0.244066125,0.102412275,0.647,0.555,1
Mirg,0.244196939,-0.183376963,0.508,0.549,1
Ube2f,0.244199803,0.224346931,0.749,0.659,1
Gins3,0.244472079,0.204628905,0.08,0.049,1
Hspa5,0.244570338,-0.115885472,0.93,0.933,1
Ssh3,0.244600562,0.297766393,0.096,0.061,1
Cmc2,0.244688271,-0.153327351,0.85,0.848,1
Shcbp1l,0.244745586,-0.963777468,0.021,0.043,1
Adam12,0.244745586,-0.936262472,0.021,0.043,1
Psme2b,0.244745586,-0.836388755,0.021,0.043,1
Gm19412,0.244864411,0.36488949,0.251,0.195,1
Lmf2,0.245141196,0.336196494,0.23,0.171,1
Hmcn1,0.245290821,0.361522978,0.16,0.116,1
Siae,0.245294544,-0.404348384,0.235,0.287,1
Zbtb6,0.245354488,0.15955984,0.299,0.238,1
Dsn1,0.24535727,0.135256069,0.048,0.024,1
Cracr2b,0.24535727,0.558669654,0.048,0.024,1
Hap1,0.245542389,-0.54934934,0.134,0.177,1
Arhgef2,0.24556047,-0.408971932,0.198,0.238,1
Aarsd1,0.245575564,0.128767091,0.818,0.738,1
Isg20l2,0.245747451,-0.611775541,0.112,0.146,1
Lamtor3,0.246006761,0.105101992,0.813,0.744,1
Aff4,0.246069938,-0.143573612,0.92,0.945,1
Cdc14a,0.246116826,0.252183465,0.15,0.104,1
Tmem43,0.246145804,0.337962122,0.38,0.305,1
Ces5a,0.246165374,-1.072519861,0.021,0.043,1
Gm20492,0.246165374,-1.276810687,0.021,0.043,1
Asb16,0.246165374,-0.818147265,0.021,0.043,1
4933406C10Rik,0.246165374,-0.826218118,0.021,0.043,1
Clcc1,0.246228457,-0.62497284,0.166,0.201,1
Ezh2,0.246339842,0.371255696,0.144,0.104,1
Ndp,0.246425101,0.393705908,0.096,0.061,1
2610021A01Rik,0.246490026,-0.523499402,0.118,0.159,1
Mrpl37,0.246521299,0.380473194,0.364,0.305,1
Senp2,0.246555129,-0.130251424,0.759,0.799,1
Gm15478,0.246562389,-0.377241876,0.23,0.262,1
Gm34907,0.24666914,0.451835795,0.048,0.024,1
Pcdhgc3,0.24666914,0.491441709,0.048,0.024,1
Irs2,0.246701222,-0.291411452,0.588,0.61,1
Col6a2,0.246802107,-0.59816525,0.182,0.22,1
Tenm3,0.246855056,-0.269727474,0.503,0.512,1
Ccdc85a,0.246865091,0.109062673,0.818,0.799,1
Mfsd2a,0.246867666,0.103650376,0.144,0.098,1
Tnfsf13,0.246920928,-0.634607253,0.118,0.152,1
Pes1,0.247047408,0.199957014,0.422,0.341,1
Ccdc61,0.247127951,-0.720987542,0.15,0.189,1
Zfp282,0.247133883,0.396021111,0.273,0.226,1
Pex19,0.247246185,-0.236366913,0.626,0.646,1
Cmtr2,0.24732474,0.204376451,0.139,0.091,1
Gm49932,0.247473723,0.31744167,0.08,0.049,1
Clcn1,0.247590925,-0.732553104,0.021,0.043,1
Gm27042,0.247590925,-0.755630516,0.021,0.043,1
Cyren,0.247638793,-0.426543316,0.193,0.238,1
Hcfc1,0.247703614,-0.253198252,0.754,0.75,1
Rspo2,0.247758539,0.466433978,0.46,0.409,1
Cd74,0.247810434,-0.101494117,0.048,0.079,1
Dcaf1,0.247909491,-0.215114575,0.465,0.482,1
Zfp626,0.248091533,0.468482707,0.139,0.098,1
Tmem147os,0.248091533,-0.330597617,0.102,0.14,1
Il10rb,0.248263181,-0.215148968,0.738,0.744,1
Hspa14,0.248557091,-0.414175442,0.422,0.439,1
Hgsnat,0.248611666,-0.326679481,0.583,0.591,1
Sde2,0.248650742,0.216450254,0.513,0.421,1
Stxbp4,0.248677478,-0.526584941,0.16,0.201,1
Fam76a,0.248723178,-0.133174023,0.813,0.835,1
Mrpl54,0.249148877,0.101247453,0.963,0.957,1
Mia2,0.249172457,0.123738694,0.84,0.768,1
Tmpo,0.249190028,-0.349664042,0.417,0.457,1
Ptpn11,0.24928083,0.146966473,0.882,0.854,1
Anapc1,0.249313346,-0.461274118,0.529,0.543,1
Otulinl,0.249380335,-0.531665396,0.118,0.159,1
Dars2,0.24943233,-0.31972827,0.16,0.207,1
Gm16364.1,0.249565708,-0.327142951,0.182,0.232,1
Rtel1,0.249826451,0.193323286,0.203,0.146,1
Asxl2,0.250035623,-0.215968303,0.572,0.598,1
Elf1,0.250097005,-0.111797724,0.652,0.701,1
Vstm5,0.25026078,0.142825282,0.84,0.768,1
Ecd,0.25030342,-0.244418387,0.428,0.463,1
Ccn2,0.25045934,-0.800530337,0.021,0.043,1
Ephx2,0.25045934,-0.849995606,0.021,0.043,1
Nabp1,0.250572022,-0.341150542,0.225,0.268,1
Fastkd1,0.250637465,0.138418165,0.332,0.256,1
Ranbp6,0.250686119,-0.397811721,0.529,0.543,1
Six4,0.250742184,-0.207493692,0.674,0.695,1
Psmg1,0.251084758,-0.514734281,0.225,0.256,1
Ssc4d,0.251134106,-1.212866761,0.075,0.11,1
a,0.2511557,-0.334751633,0.128,0.177,1
Mcm8,0.251204791,-0.456904988,0.08,0.116,1
Pcca,0.25130171,-0.554212324,0.449,0.482,1
Slc49a4,0.251422248,-0.196515923,0.807,0.829,1
Arhgap42,0.2514302,0.383667469,0.299,0.238,1
Chst12,0.251442042,-0.342123962,0.417,0.445,1
Cluh,0.251640909,-0.234676493,0.834,0.799,1
Syncrip,0.251684347,-0.293438108,0.765,0.774,1
Gm36372,0.251741218,0.506816301,0.064,0.037,1
Mettl8,0.251745787,-0.474362846,0.166,0.207,1
Zfp235,0.25185546,0.491407871,0.171,0.128,1
Far1,0.251881996,-0.105752104,0.909,0.939,1
1700014L14Rik,0.251902216,-0.753125405,0.021,0.043,1
Srl,0.251902216,-0.744827296,0.021,0.043,1
Abi3bp,0.251902216,-0.704823208,0.021,0.043,1
Trim17,0.251942031,-0.516882007,0.102,0.14,1
Dmkn,0.251955863,-0.178288993,0.096,0.061,1
Redrum,0.252007233,-0.571089209,0.075,0.11,1
Ppp5c,0.252153681,-0.186733311,0.636,0.665,1
D030040B21Rik,0.252585928,-0.911424701,0.005,0.018,1
Gm29083,0.252585928,-0.860979108,0.005,0.018,1
Spag16,0.252585928,-0.875160497,0.005,0.018,1
Gm15179,0.252585928,-1.445672655,0.005,0.018,1
Gm27184,0.252585928,-0.939972995,0.005,0.018,1
Gm29488,0.252585928,-0.824579372,0.005,0.018,1
Prelp,0.252585928,-1.100801809,0.005,0.018,1
Cfap45,0.252585928,-2.046529451,0.005,0.018,1
Rapgef4os2,0.252585928,-0.803124036,0.005,0.018,1
Fabp12,0.252585928,-0.856249391,0.005,0.018,1
Ciart,0.252585928,-0.908355764,0.005,0.018,1
Car14,0.252585928,-1.03453303,0.005,0.018,1
Spink4,0.252585928,-0.811569206,0.005,0.018,1
Musk,0.252585928,-0.800630887,0.005,0.018,1
Ube2u,0.252585928,-0.765079393,0.005,0.018,1
Zfp988,0.252585928,-0.90289628,0.005,0.018,1
Gm43017,0.252585928,-0.911265078,0.005,0.018,1
Gm43660,0.252585928,-0.799429817,0.005,0.018,1
Gm42560,0.252585928,-0.815636353,0.005,0.018,1
9630001P10Rik,0.252585928,-0.809227572,0.005,0.018,1
Gm42884,0.252585928,-1.5276321,0.005,0.018,1
Gm13861,0.252585928,-1.136924817,0.005,0.018,1
Gm44696,0.252585928,-0.792615184,0.005,0.018,1
Lsr,0.252585928,-1.241048172,0.005,0.018,1
5430431A17Rik,0.252585928,-0.838985433,0.005,0.018,1
Gm45774,0.252585928,-1.031897572,0.005,0.018,1
Adgrg3,0.252585928,-1.051480681,0.005,0.018,1
Crtam,0.252585928,-0.981106012,0.005,0.018,1
Ttc36,0.252585928,-1.105380388,0.005,0.018,1
Gm48855,0.252585928,-0.852205763,0.005,0.018,1
4921523L03Rik,0.252585928,-0.77236023,0.005,0.018,1
Nmbr,0.252585928,-0.797278178,0.005,0.018,1
Frk,0.252585928,-1.147368176,0.005,0.018,1
Zfp781,0.252585928,-0.826205421,0.005,0.018,1
Glt8d2,0.252585928,-0.884835452,0.005,0.018,1
Gm12111,0.252585928,-3.218639958,0.005,0.018,1
Nlrp3,0.252585928,-0.847356993,0.005,0.018,1
Slfn2,0.252585928,-0.807408694,0.005,0.018,1
Apoh,0.252585928,-0.849051864,0.005,0.018,1
Gm29292,0.252585928,-0.893784772,0.005,0.018,1
Rrm2,0.252585928,-0.741055777,0.005,0.018,1
Gm26688,0.252585928,-0.806175752,0.005,0.018,1
AU017674,0.252585928,-0.885793514,0.005,0.018,1
Gm16573,0.252585928,-0.886568426,0.005,0.018,1
Tnfrsf10b,0.252585928,-0.99451757,0.005,0.018,1
BC037032,0.252585928,-0.819509103,0.005,0.018,1
Gm42477,0.252585928,-0.887388039,0.005,0.018,1
Gm49870,0.252585928,-0.929531034,0.005,0.018,1
Gm3227,0.252585928,-0.775851191,0.005,0.018,1
Gm3550,0.252585928,-1.013953638,0.005,0.018,1
Adrb2,0.252585928,-1.025263775,0.005,0.018,1
Slc15a3,0.252585928,-0.878781455,0.005,0.018,1
Acta2,0.252585928,-0.7919613,0.005,0.018,1
Gm50217,0.252585928,-0.904914002,0.005,0.018,1
Gm16299,0.252585928,-0.851031887,0.005,0.018,1
Xkrx,0.252585928,-0.911228665,0.005,0.018,1
Rrm1,0.252627404,0.223595528,0.219,0.165,1
Senp3,0.252725162,-0.234640428,0.449,0.482,1
Cttnbp2,0.252883573,0.381234426,0.273,0.213,1
Slc44a2,0.253003205,0.166054715,0.802,0.732,1
Tmem202,0.253035695,0.51457539,0.209,0.159,1
Kpna3,0.253264092,-0.125579133,0.824,0.866,1
Pappa2,0.25330218,0.398812908,0.048,0.024,1
Zfp719,0.253351368,-0.484836487,0.235,0.274,1
Cbfa2t2,0.253467324,-0.345588626,0.406,0.433,1
Gm12648,0.253682373,-0.133188597,0.166,0.207,1
Rad23b,0.253825536,0.11486415,0.925,0.909,1
Insl6,0.254030803,0.446825998,0.064,0.037,1
Stard10,0.254112182,0.115033614,0.941,0.927,1
Eef1d,0.254234127,0.240923817,0.818,0.762,1
Rfesd,0.254264742,0.202220429,0.684,0.591,1
Gm44718,0.254272232,-0.249809346,0.102,0.14,1
Spry4,0.254320867,-0.32062036,0.31,0.341,1
Mapre2,0.254396589,-0.105622403,0.973,0.988,1
Prkcg,0.254643557,0.345847564,0.048,0.024,1
Marveld2,0.254643557,0.369155965,0.048,0.024,1
Lta4h,0.254663447,0.262477568,0.406,0.335,1
6430550D23Rik,0.254805331,-0.737387665,0.021,0.043,1
Gria1,0.254805331,-0.717741554,0.021,0.043,1
Gm26783,0.254971801,-0.947951044,0.005,0.018,1
Macrod2os1,0.254971801,-0.743512213,0.005,0.018,1
Gm43653,0.254971801,-0.847488131,0.005,0.018,1
Dcdc2b,0.254971801,-0.710695157,0.005,0.018,1
Grhl3,0.254971801,-0.605885952,0.005,0.018,1
Gm43727,0.254971801,-0.773127565,0.005,0.018,1
Lrcol1,0.254971801,-0.766927669,0.005,0.018,1
Gm43156,0.254971801,-0.843759114,0.005,0.018,1
1700026J14Rik,0.254971801,-0.817405476,0.005,0.018,1
Saa2,0.254971801,-0.954413854,0.005,0.018,1
Gm47557,0.254971801,-0.713217921,0.005,0.018,1
B230323A14Rik,0.254971801,-0.96995379,0.005,0.018,1
Grm1,0.254971801,-1.173259832,0.005,0.018,1
Gucy2e,0.254971801,-0.781957539,0.005,0.018,1
Mfsd2b,0.254971801,-0.701224889,0.005,0.018,1
Gli3,0.254971801,-0.764654952,0.005,0.018,1
Bmp6,0.254971801,-0.745002434,0.005,0.018,1
Gm47428,0.254971801,-0.755248975,0.005,0.018,1
Gm49086,0.254971801,-0.819987063,0.005,0.018,1
Rec8,0.254971801,-1.353361391,0.005,0.018,1
Egflam,0.254971801,-0.760009869,0.005,0.018,1
Slc51a,0.254971801,-0.698225671,0.005,0.018,1
Gm15420,0.254971801,-0.808613593,0.005,0.018,1
Gm20463,0.254971801,-0.795403868,0.005,0.018,1
Gm9776,0.255004724,0.425460593,0.102,0.067,1
Arhgap24,0.255139009,0.120371761,0.23,0.177,1
Zfp97,0.255181014,0.243083029,0.064,0.037,1
Prdm4,0.255242757,0.192046576,0.422,0.348,1
Tmem263,0.255246535,-0.291147635,0.615,0.604,1
Gm16099,0.255350726,-0.637408517,0.251,0.293,1
Gabra2,0.255478626,0.447900539,0.273,0.22,1
Commd3,0.255527279,0.259794447,0.856,0.811,1
Tesc,0.255639822,0.212050619,0.69,0.634,1
Bnip2,0.255755843,-0.209083485,0.567,0.579,1
Cdkn2aipnl,0.255783431,0.168240001,0.594,0.476,1
Pno1,0.255801197,0.200631725,0.583,0.506,1
Nfrkb,0.255821567,-0.513770229,0.203,0.232,1
Diras2,0.255989867,-0.166231729,0.048,0.024,1
Katnal2,0.255989867,0.130534813,0.048,0.024,1
Ccdc30,0.256065378,-0.414810108,0.203,0.238,1
Mmgt1,0.256089592,-0.249163079,0.658,0.671,1
Gm29683,0.25611697,0.410103398,0.16,0.116,1
Ube2l3,0.2561283,0.135900831,0.952,0.945,1
Ptpn21,0.256221834,0.143010952,0.187,0.134,1
Zfp866,0.256313014,-0.275016992,0.214,0.262,1
Nkiras2,0.256416901,0.17435888,0.513,0.427,1
Psat1,0.25645119,0.12260225,0.433,0.372,1
Ogg1,0.256617388,1.060947008,0.139,0.098,1
Auh,0.256737261,-0.133336482,0.947,0.909,1
Elmod2,0.256920798,-0.268777797,0.299,0.341,1
Rbbp7,0.256951273,-0.214465363,0.872,0.866,1
Fam160a2,0.2572526,-0.209252397,0.497,0.53,1
Ccnc,0.257304407,-0.152313745,0.813,0.799,1
Gm13572,0.257373299,-0.858381217,0.005,0.018,1
Tnfsf10,0.257373299,-0.828734824,0.005,0.018,1
Gm43466,0.257373299,-0.623069266,0.005,0.018,1
Nek5,0.257373299,-0.709657637,0.005,0.018,1
Cby3,0.257373299,-0.72689741,0.005,0.018,1
Myh13,0.257373299,-0.85906077,0.005,0.018,1
Gm40437,0.257373299,-0.88333837,0.005,0.018,1
Fam71d,0.257373299,-0.909088726,0.005,0.018,1
Gm48780,0.257373299,-0.949115508,0.005,0.018,1
Gm48899,0.257373299,-0.709246999,0.005,0.018,1
Gm8257,0.257373299,-1.267200047,0.005,0.018,1
Gm49756,0.257373299,-0.647095564,0.005,0.018,1
Impg2,0.257373299,-0.676879236,0.005,0.018,1
1700066B19Rik,0.257373299,-0.922506661,0.005,0.018,1
B430212C06Rik,0.257373299,-1.157288551,0.005,0.018,1
1700028P14Rik,0.257373299,-0.779582116,0.005,0.018,1
Nfyc,0.257551142,-0.321392407,0.23,0.262,1
Mrpl45,0.25765829,0.290576634,0.588,0.5,1
Rgs7,0.257660537,-0.243422053,0.519,0.573,1
Rab3a,0.257708419,0.100143749,0.989,0.988,1
Cc2d2a,0.258290561,-0.405145614,0.144,0.183,1
Gm14634,0.258334007,-1.144235078,0.096,0.134,1
Rap2b,0.25844093,-0.18437612,0.46,0.5,1
Mettl2,0.258444787,0.263080655,0.273,0.207,1
Usp47,0.258607551,-0.161983319,0.738,0.762,1
Lipt2,0.258630099,-0.597854163,0.235,0.268,1
Loxl1,0.258653352,1.062449134,0.064,0.037,1
Scrn2,0.258653352,0.130534715,0.064,0.037,1
C330018A13Rik,0.258697302,0.202375386,0.048,0.024,1
9430041J12Rik,0.258700101,0.165467971,0.08,0.049,1
Morc3,0.258918849,-0.179739268,0.444,0.494,1
Ppdpf,0.259018707,0.137182288,0.957,0.951,1
Ncapg2,0.259021398,-0.577104098,0.176,0.213,1
Dab2ip,0.259292134,0.214204917,0.807,0.787,1
Col1a2,0.259325217,0.206037306,0.251,0.189,1
Gm15283,0.259428584,-1.22180905,0.123,0.159,1
Zfp628,0.259646338,0.3845217,0.187,0.14,1
Hdac10,0.259767561,0.454345324,0.139,0.098,1
Tmod3,0.259774753,-0.195007645,0.759,0.72,1
Gm17090,0.259790448,-0.588034757,0.005,0.018,1
Gm13620,0.259790448,-0.691994832,0.005,0.018,1
Gm38186,0.259790448,-0.528960214,0.005,0.018,1
Ifi44,0.259790448,-0.520138966,0.005,0.018,1
Bnc2,0.259790448,1.410601497,0.005,0.018,1
4930500L23Rik,0.259790448,-0.646885461,0.005,0.018,1
Gpr4,0.259790448,-0.455503692,0.005,0.018,1
Otoa,0.259790448,-0.411978474,0.005,0.018,1
Shcbp1,0.259790448,-0.63805864,0.005,0.018,1
C130073E24Rik,0.259790448,-0.656465041,0.005,0.018,1
B3gat1,0.259790448,-0.597475132,0.005,0.018,1
Gm48903,0.259790448,-0.663381723,0.005,0.018,1
Adam21,0.259790448,-0.655222502,0.005,0.018,1
Gm48825,0.259790448,-0.145960581,0.005,0.018,1
P2rx6,0.259790448,-0.514840537,0.005,0.018,1
Rtp1,0.259790448,-0.575961242,0.005,0.018,1
Sstr5,0.259790448,-0.445645297,0.005,0.018,1
Prickle4,0.259790448,-0.33423835,0.005,0.018,1
Zfp846,0.259855392,-0.20882243,0.38,0.421,1
Snhg5,0.259912196,0.39277923,0.193,0.14,1
Grik2,0.260044027,-0.178564009,0.578,0.61,1
Lactb,0.260048967,0.198129444,0.342,0.28,1
9330198N18Rik,0.260058436,0.285160938,0.048,0.024,1
Gm48954,0.260058436,-0.908205271,0.027,0.049,1
Spcs3,0.26005978,-0.560363626,0.316,0.36,1
Zfp637,0.26035891,0.125660072,0.754,0.677,1
Gfra1,0.260358978,-0.188587985,0.856,0.86,1
Upf3a,0.260373014,0.129371032,0.642,0.579,1
Crppa,0.260399848,-0.486248304,0.583,0.579,1
Efna1,0.260432154,-0.497047257,0.219,0.25,1
Lrrc27,0.260503782,0.331557516,0.203,0.152,1
Rdm1,0.26052463,0.490152741,0.374,0.299,1
H2-Aa,0.260681168,-0.478669934,0.021,0.043,1
Rad50,0.260695793,0.111291705,0.647,0.518,1
Nt5c2,0.260711381,-0.291082982,0.631,0.616,1
Cdc40,0.260983909,0.136986403,0.492,0.409,1
Slc6a6,0.261038623,0.155845878,0.77,0.713,1
Rnf166,0.26124453,-0.254087742,0.299,0.348,1
Bcan,0.261319238,0.173774976,0.166,0.116,1
Camsap1,0.261322743,-0.145698321,0.807,0.823,1
Plpp6,0.261355513,-0.31828402,0.246,0.305,1
Crlf1,0.261424518,-0.397858781,0.048,0.024,1
Npl,0.261424518,-0.824572379,0.027,0.049,1
Ift27,0.261508437,0.141534936,0.551,0.451,1
BC004004,0.261559337,0.192356833,0.781,0.726,1
Rspo4,0.261574095,-0.33681736,0.283,0.311,1
Dtx3l,0.261602233,-0.454173388,0.374,0.39,1
Paxx,0.261647131,0.155118126,0.84,0.841,1
Syn2,0.261682605,-0.105405074,0.952,0.939,1
Tbc1d22b,0.26181717,0.175975923,0.412,0.439,1
Gm20536,0.26190893,-0.749176567,0.107,0.14,1
Edc4,0.262032893,-0.390373722,0.321,0.366,1
Mms19,0.262069062,0.188428126,0.599,0.537,1
Hsbp1l1,0.262284773,-0.183071963,0.706,0.72,1
Etfbkmt,0.262412624,-0.444506058,0.144,0.189,1
Slc44a1,0.262419363,-0.186933969,0.888,0.927,1
Ret,0.262617263,-0.120449151,0.989,0.988,1
Gm2087,0.262795553,-0.856131587,0.027,0.049,1
Odf2l,0.262860269,-0.666412181,0.155,0.189,1
Gdf11,0.262915704,0.345816572,0.369,0.305,1
4932438A13Rik,0.263044515,0.125987338,0.952,0.957,1
BC051142,0.263333874,0.459093767,0.064,0.037,1
Aars,0.263383406,0.173801024,0.679,0.573,1
Eva1c,0.263430164,0.256305731,0.39,0.329,1
Greb1l,0.263489773,-0.549977822,0.519,0.512,1
Fbxl14,0.263606923,-0.445279374,0.182,0.226,1
Rusc1,0.263645275,-0.193371021,0.92,0.933,1
Mybbp1a,0.263791038,-0.290874229,0.326,0.366,1
4930550C14Rik,0.263917943,0.26062495,0.08,0.049,1
Asap3,0.264041297,-0.209339754,0.118,0.152,1
Isy1,0.264155016,-0.428367407,0.396,0.433,1
Isyna1,0.26418589,0.455321451,0.209,0.159,1
Dnajb3,0.264513081,0.146633322,0.064,0.037,1
Entpd7,0.264632474,-0.32909474,0.251,0.28,1
Dtd1,0.264747285,0.237375664,0.69,0.64,1
Gab3,0.26475199,-0.47509183,0.091,0.128,1
Fat1,0.264984556,0.350929093,0.123,0.085,1
Optn,0.265056972,-0.370878489,0.588,0.616,1
Iqcn,0.265149108,-0.733204013,0.021,0.043,1
Copz1,0.26520067,0.183006752,0.893,0.835,1
4732440D04Rik,0.265214796,-0.534216897,0.187,0.22,1
Gm12216,0.265293463,-0.268949815,0.23,0.28,1
Dcaf10,0.265395356,-0.279449615,0.439,0.476,1
Thoc3,0.265500336,0.132371636,0.54,0.457,1
Fchsd1,0.266098486,-0.299150504,0.31,0.348,1
Adgrg6,0.266141089,0.582391646,0.251,0.207,1
Cln3,0.266299899,-0.367750104,0.326,0.36,1
Spef1,0.266510273,0.211747262,0.166,0.116,1
Sec22c,0.266645631,-0.247899321,0.348,0.384,1
Ddx11,0.266650077,-0.520700819,0.021,0.043,1
Rasa4,0.266860349,0.280012113,0.332,0.268,1
Gm12536,0.266919758,-1.116721514,0.032,0.055,1
Pax8,0.266938411,-0.89376189,0.027,0.049,1
Gm44623,0.266938411,-0.950902504,0.027,0.049,1
Gabbr2,0.266969915,0.123162946,0.824,0.768,1
Slc26a11,0.266994463,-0.446593747,0.07,0.104,1
Fzd6,0.267174826,-0.474210126,0.075,0.11,1
Slx4,0.26744184,0.42865383,0.086,0.055,1
Afg3l2,0.267557929,-0.155232825,0.567,0.494,1
4921524J17Rik,0.268043755,-0.185863205,0.781,0.768,1
Platr25,0.268066678,0.219468241,0.38,0.305,1
Ano7,0.26807252,0.175168432,0.064,0.037,1
Plcd1,0.268159989,-0.406233965,0.176,0.213,1
Plaa,0.268231154,0.133980581,0.797,0.689,1
Glt1d1,0.268296592,-0.350158206,0.214,0.25,1
Gm5089,0.268329293,-0.677743824,0.027,0.049,1
Sacs,0.268340884,-0.226493942,0.807,0.787,1
Limk2,0.268383065,-0.111663669,0.877,0.854,1
A630072M18Rik,0.268404108,-0.558763746,0.123,0.159,1
Twf2,0.268616772,0.821595837,0.241,0.201,1
Herpud2,0.268787848,-0.293547048,0.422,0.445,1
Mycbp,0.268933626,-0.226986752,0.599,0.598,1
Trp53inp2,0.269233335,0.202520315,0.866,0.896,1
Rasl11a,0.269534242,-0.33854818,0.316,0.354,1
Gipc2,0.269698491,0.223273844,0.225,0.171,1
Gm10687,0.269725145,-0.862610674,0.027,0.049,1
D630045J12Rik,0.269788006,-0.493299333,0.171,0.207,1
Gm37982,0.269950168,-0.803096597,0.086,0.116,1
Rtn4rl2,0.270000412,-1.102201081,0.059,0.085,1
Bcat2,0.27034629,-0.255339404,0.583,0.604,1
Fzd2,0.270463682,0.250590698,0.064,0.037,1
3110045C21Rik,0.270745862,0.1538696,0.171,0.122,1
Gm36608,0.27082786,-0.956455105,0.032,0.055,1
Scfd2,0.270851055,-0.339854563,0.406,0.47,1
Zbtb26,0.270988294,0.276769587,0.176,0.128,1
B3galt2,0.271014302,0.169731745,0.096,0.061,1
Itm2b,0.27101798,-0.107549454,0.984,0.994,1
Igsf10,0.271715064,0.311088689,0.118,0.079,1
Tsix,0.271755881,-0.591310261,0.112,0.146,1
Cux2,0.271760665,-0.153397785,0.711,0.75,1
Dnaaf5,0.27182833,-0.443577187,0.123,0.085,1
AW146154,0.27182833,-0.876038075,0.091,0.122,1
Pigb,0.272084656,-0.315725256,0.198,0.238,1
Spdya,0.272498502,0.575083731,0.134,0.098,1
Borcs7,0.272530791,0.136614634,0.936,0.915,1
Slc25a35,0.272656941,0.310282377,0.102,0.067,1
Bin3,0.272727263,0.465839153,0.273,0.22,1
Dnajc4,0.273092828,0.458474918,0.444,0.378,1
Plekhg2,0.27320925,0.495731307,0.128,0.091,1
Dusp14,0.273221785,0.674348356,0.037,0.018,1
Gm42941,0.273261926,-0.462371542,0.219,0.262,1
Nus1,0.273265046,-0.168890053,0.813,0.805,1
Dcdc2a,0.273369858,0.60741167,0.433,0.378,1
AI837181,0.273474217,-0.106484845,0.754,0.756,1
Ly96,0.273538774,0.216792849,0.166,0.122,1
Gys1,0.273601446,0.157023195,0.77,0.701,1
Slc43a2,0.273717929,-0.373139256,0.786,0.744,1
Gm39121,0.273942553,-0.408244696,0.027,0.049,1
Uqcc1,0.274156346,-0.162937849,0.733,0.738,1
Dusp23,0.274301814,0.216682581,0.209,0.159,1
Crebzf,0.274302153,-0.316765035,0.503,0.5,1
Mthfsl,0.274488817,0.117948897,0.567,0.47,1
Mex3a,0.274570222,0.30259344,0.08,0.049,1
Mbtps1,0.274619277,-0.107157048,0.594,0.616,1
Ppip5k1,0.274661209,-0.116607758,0.545,0.598,1
Gm43149,0.274774997,-0.616710252,0.032,0.055,1
Gm3728,0.274774997,-1.045532039,0.032,0.055,1
Gm26672,0.274810153,-0.544291965,0.123,0.165,1
Il18bp,0.27482654,0.691243082,0.037,0.018,1
Gm47936,0.27482654,0.776642823,0.037,0.018,1
Gpalpp1,0.27492643,0.126691264,0.492,0.409,1
Serpinh1,0.274982477,0.366756951,0.337,0.287,1
Abcb6,0.275112394,0.344771436,0.187,0.14,1
2610306M01Rik,0.275115349,-0.350618431,0.348,0.378,1
Tcf3,0.27526081,0.355538799,0.305,0.244,1
Cd164l2,0.2753549,0.192485397,0.182,0.134,1
Gm19935,0.275358317,-0.660619931,0.027,0.049,1
4930415C11Rik,0.275358317,-0.252613866,0.027,0.049,1
Ripor1,0.275402083,-0.26489078,0.444,0.47,1
Slc16a10,0.275446697,-0.271558213,0.332,0.378,1
Cdr1os,0.275626532,-0.125149818,0.856,0.896,1
Lins1,0.275648864,0.181746419,0.316,0.25,1
9030407P20Rik,0.275688215,0.399263778,0.086,0.055,1
Gm6034,0.27587321,0.849744153,0.144,0.104,1
Tes,0.275884559,0.106130968,0.722,0.726,1
Uggt2,0.275997054,-0.35739651,0.353,0.384,1
Zik1,0.276112982,0.312579128,0.209,0.152,1
Rab43,0.276184587,0.371377625,0.235,0.183,1
5031439G07Rik,0.276254878,-0.116355797,0.636,0.646,1
Rbm17,0.276284503,-0.143557785,0.797,0.805,1
Gm12915,0.276437719,0.791198432,0.037,0.018,1
Ace,0.276437719,1.65963951,0.037,0.018,1
Abhd4,0.276597254,0.126771851,0.588,0.524,1
Ctsf,0.276614725,-0.516487891,0.246,0.274,1
Setdb2,0.27673108,-0.794271943,0.086,0.055,1
Gm26592,0.276779066,-0.78214212,0.027,0.049,1
Prtn3,0.276779066,-0.651400944,0.027,0.049,1
Farsb,0.276796156,0.231333851,0.759,0.64,1
Rnf113a2,0.276976449,0.673322517,0.225,0.171,1
Gm12996,0.277057078,-1.005695106,0.037,0.061,1
H2afx,0.277417697,0.304742033,0.364,0.305,1
Cbwd1,0.277417697,0.475843204,0.321,0.354,1
Hpcal4,0.277495089,0.319658603,0.348,0.293,1
Adgrb1,0.277502871,-0.230982842,0.465,0.5,1
Gm30082,0.27759502,0.530790013,0.198,0.152,1
Dctn5,0.277926596,0.136894422,0.866,0.841,1
Ippk,0.277986341,-0.596708924,0.219,0.244,1
Cutc,0.27799061,0.544246296,0.187,0.14,1
A230006K03Rik,0.278055326,1.255121274,0.037,0.018,1
Gm49768,0.278055326,0.568856008,0.037,0.018,1
Msra,0.27811602,-0.459924336,0.289,0.311,1
Zfyve26,0.278145462,-0.563271596,0.193,0.232,1
Hipk3,0.278157871,-0.222848989,0.866,0.878,1
Dnajc21,0.278183706,0.142709737,0.818,0.75,1
9530077C05Rik,0.27818374,-0.188076094,0.786,0.787,1
Glyctk,0.278204803,-0.643902664,0.027,0.049,1
Dhrs13os,0.278204803,-0.637416759,0.027,0.049,1
Gm3435,0.278204803,-0.474600054,0.027,0.049,1
Prickle3,0.278204803,-0.580462404,0.027,0.049,1
Rpl10-ps3,0.278266223,-0.285176493,0.251,0.287,1
Tmem59l,0.2783577,-0.233661151,0.781,0.774,1
Nfkbie,0.278400031,0.297508479,0.139,0.098,1
1700019D03Rik,0.278463637,0.164276711,0.652,0.549,1
5330417C22Rik,0.27854296,0.180723437,0.289,0.238,1
Dot1l,0.278589905,0.165100668,0.326,0.262,1
Gm7072,0.278965424,0.216579968,0.401,0.329,1
Cpne3,0.279094661,-0.167709363,0.936,0.957,1
Zdhhc17,0.279159133,-0.169748926,0.882,0.872,1
Plscr2,0.279501056,0.37776039,0.15,0.11,1
Afg3l1,0.279547463,-0.148068973,0.492,0.537,1
Srpx,0.279749914,-1.102787994,0.043,0.067,1
Mtg2,0.280069099,-0.247706322,0.246,0.293,1
Znhit6,0.280087934,0.192586264,0.348,0.274,1
Gm49654,0.280098682,-0.760127079,0.032,0.055,1
Olfr1369-ps1,0.280098682,1.12863031,0.053,0.03,1
3110039M20Rik,0.280308153,-0.26266487,0.321,0.348,1
Exosc9,0.280557364,0.183922733,0.396,0.299,1
Abhd17c,0.280591197,-0.347313488,0.594,0.628,1
Gbe1,0.280619735,0.154463973,0.289,0.232,1
Klhl7,0.281043434,-0.298867813,0.626,0.628,1
Pcgf2,0.28104659,0.159714657,0.353,0.299,1
Pacc1,0.281090176,0.261875508,0.16,0.116,1
Cdc5l,0.281169779,-0.130215647,0.668,0.683,1
Gm13832,0.281309838,0.683380611,0.037,0.018,1
Cenpk,0.281309838,0.563578362,0.037,0.018,1
Rbl1,0.281440481,-0.774365475,0.032,0.055,1
Ppp1r3d,0.281455046,0.193634647,0.193,0.146,1
Fam204a,0.281469583,0.209918592,0.738,0.695,1
Frmd8,0.281485658,0.27817183,0.455,0.39,1
Gm2694,0.281563089,-0.458828821,0.118,0.079,1
Snx9,0.281566516,-0.268754605,0.615,0.622,1
Gm19345,0.281624764,0.401321744,0.235,0.189,1
Gm20560,0.281688734,-1.053651484,0.102,0.134,1
Hus1,0.281688734,-0.566878746,0.102,0.134,1
Thap4,0.281721655,0.499024847,0.171,0.128,1
Ilf2,0.281787665,-0.157690787,0.481,0.524,1
Cdkl5,0.281788216,-0.351885492,0.257,0.299,1
Lacc1,0.281985711,0.396494043,0.086,0.055,1
Ddit4,0.282115404,-0.252111348,0.481,0.53,1
Dnajc19,0.282143811,-0.135902991,0.952,0.933,1
Gatad2a,0.282354527,-0.10797587,0.861,0.878,1
Uevld,0.282446918,-0.291982631,0.241,0.287,1
Gm49066,0.282470224,0.189707324,0.118,0.079,1
Exosc10,0.282476835,0.349276316,0.294,0.232,1
Zfp729a,0.282721093,0.257176031,0.278,0.22,1
Zfp788,0.282774606,-0.265826503,0.353,0.384,1
4930523C07Rik,0.282946751,0.394734026,0.037,0.018,1
4921511C10Rik,0.282946751,0.46120729,0.037,0.018,1
Pcdhb5,0.282946751,0.730703425,0.037,0.018,1
Slc29a2,0.282946751,0.537809522,0.037,0.018,1
1700001C19Rik,0.282978534,0.785169186,0.091,0.061,1
Fam168b,0.283223834,0.181370466,0.856,0.787,1
Zdhhc20,0.283346494,-0.101563946,0.733,0.768,1
Pigg,0.283611729,-0.61875142,0.139,0.171,1
Cyp4f13,0.283649453,0.201227735,0.219,0.165,1
Kctd17,0.283953117,0.139652517,0.658,0.591,1
Manba,0.28403093,0.244315633,0.144,0.104,1
Glis1,0.28410639,0.231948209,0.086,0.055,1
Eef1akmt4,0.28422831,-1.165879263,0.048,0.073,1
A430005L14Rik,0.28428215,-0.147158104,0.294,0.226,1
8-Mar,0.284327792,0.172500842,0.717,0.604,1
Tmem53,0.284376249,0.104877615,0.412,0.335,1
Ift81,0.284521835,-0.487132745,0.203,0.238,1
Gm48960,0.284590106,0.476886952,0.037,0.018,1
Adgrf5,0.284590106,0.572725423,0.037,0.018,1
Syde1,0.284625279,-0.457981362,0.112,0.146,1
Atl1,0.284669194,-0.142311246,0.936,0.902,1
Lsm4,0.284768664,0.135602823,0.957,0.951,1
Gdap1,0.284776182,-0.106706468,0.957,0.963,1
Tjp2,0.28492928,-0.733677414,0.144,0.177,1
9130230N09Rik,0.284969432,0.179132266,0.439,0.36,1
Bdp1,0.285080724,0.106811835,0.626,0.543,1
Zfp438,0.28508904,0.288020525,0.139,0.098,1
Gm38560,0.285205873,-0.565238029,0.299,0.341,1
Cnfn,0.285408398,-0.232761052,0.027,0.049,1
Rxrb,0.285463045,-0.196517949,0.615,0.622,1
Efhd1,0.285492017,0.811135768,0.053,0.03,1
Adgrb2,0.285492017,-0.65966171,0.032,0.055,1
Fsd2,0.285492017,-0.774792791,0.032,0.055,1
Spc24,0.285492017,0.624499845,0.053,0.03,1
Ccdc114,0.285876358,0.235314901,0.123,0.085,1
Mef2b,0.285920343,-0.747297374,0.037,0.061,1
Anks3,0.285945222,-0.654243195,0.321,0.348,1
Rbak,0.286100516,0.99181973,0.128,0.091,1
Gm12743,0.286149236,0.244059542,0.193,0.146,1
Fam129a,0.28622897,0.244507674,0.209,0.165,1
Eps8,0.286239908,0.496905293,0.037,0.018,1
Gm16675,0.286239908,0.920674286,0.037,0.018,1
4930469K13Rik,0.286239908,0.647073688,0.037,0.018,1
Pnpla8,0.286455924,-0.125468291,0.882,0.921,1
Hectd1,0.286458352,0.136178217,0.909,0.835,1
Sec61a2,0.286775845,-0.34055938,0.487,0.512,1
Plcl2,0.286851248,0.460163613,0.053,0.03,1
Hcn2,0.286957012,-0.122636972,0.679,0.671,1
Zfp558,0.287201994,-0.699817643,0.037,0.061,1
Tmem254a,0.287201994,-0.769455636,0.037,0.061,1
Tom1l1,0.287249783,0.121625686,0.241,0.183,1
Sppl2b,0.28741463,-0.483288709,0.134,0.165,1
Ubap2,0.28743067,0.114271775,0.914,0.89,1
Mtr,0.287519103,-0.280236778,0.476,0.506,1
Fam193a,0.287545492,-0.127496067,0.679,0.701,1
Drp2,0.287635619,-0.413739903,0.241,0.28,1
Gm38085,0.287896158,0.294871121,0.037,0.018,1
H2-DMa,0.28797678,0.159847151,0.294,0.226,1
N4bp2os,0.288208451,-1.205267811,0.043,0.067,1
Dpf1,0.288208451,-0.889708465,0.043,0.067,1
Tnnc1,0.288214842,0.541396695,0.053,0.03,1
Sucla2,0.288307974,-0.111979993,0.93,0.945,1
Rpgr,0.288343298,-0.263559293,0.219,0.262,1
Pla2g15,0.28848533,-0.613046818,0.187,0.213,1
Myo15,0.288650965,-1.110072692,0.07,0.098,1
Ift80,0.288815241,-0.417198714,0.465,0.482,1
Exoc1,0.28881677,-0.10220313,0.556,0.573,1
Cdyl,0.288830857,0.211595119,0.401,0.323,1
Arntl2,0.288875618,-0.740497655,0.086,0.116,1
Piga,0.288966056,0.225459129,0.187,0.14,1
Snx6,0.288968967,0.147444168,0.898,0.872,1
Stxbp5l,0.289146828,0.192672933,0.444,0.402,1
6330403L08Rik,0.289345432,-0.404960935,0.23,0.262,1
Gm32036,0.289430746,1.184400179,0.043,0.067,1
Gm41760,0.289455221,0.28158682,0.086,0.055,1
Zdhhc13,0.289484348,0.208961981,0.369,0.311,1
C230012O17Rik,0.28955886,0.341508754,0.037,0.018,1
Zmynd12,0.28955886,0.354788291,0.037,0.018,1
Fut4,0.28955886,0.377713754,0.037,0.018,1
M5C1000I18Rik,0.28955886,0.254943358,0.037,0.018,1
1810021B22Rik,0.28955886,0.321662819,0.037,0.018,1
Gm26873,0.28955886,2.37287414,0.037,0.018,1
Gm50232,0.28955886,0.371548587,0.037,0.018,1
D830035M03Rik,0.289582799,-0.7336148,0.032,0.055,1
Ttc25,0.289582799,-0.658425971,0.032,0.055,1
Gm17173,0.289776912,-0.857188146,0.037,0.061,1
Mrm2,0.289927647,0.200370601,0.235,0.177,1
Cactin,0.29002441,0.283535665,0.15,0.11,1
Cdh15,0.290134796,0.303321447,0.102,0.067,1
2410022M11Rik,0.29013508,0.21142668,0.198,0.146,1
Fggy,0.290153593,-0.169744383,0.332,0.384,1
Plk4,0.29015819,0.286196863,0.203,0.159,1
Rrp1b,0.290176562,0.23354837,0.139,0.098,1
Coq8a,0.290266495,-0.353267612,0.187,0.232,1
Arpp21,0.290319787,-0.433338624,0.572,0.573,1
Ndor1,0.290487523,-0.39698573,0.187,0.22,1
Flywch2,0.290508674,-0.175041926,0.861,0.848,1
Nlrp12,0.290701089,1.171543802,0.123,0.091,1
B4galt4,0.290726233,0.411819249,0.155,0.116,1
Slc7a6,0.290744703,0.168625096,0.604,0.524,1
Wdr11,0.290787115,-0.231359255,0.465,0.5,1
Calr3,0.290844803,0.426813477,0.15,0.11,1
4933402D24Rik,0.290955122,0.470621538,0.053,0.03,1
Sfn,0.290955122,0.525484212,0.053,0.03,1
Eif4ebp3,0.291089408,0.224090093,0.182,0.14,1
Necab3,0.291101239,-0.343310156,0.139,0.177,1
Ofd1,0.291104782,0.181796935,0.262,0.201,1
Rpusd4,0.29121219,0.654163815,0.144,0.11,1
Pnlip,0.29121219,-0.170247378,0.112,0.146,1
Mtfr2,0.291228017,0.229640676,0.037,0.018,1
Ppp1r1b,0.291228017,0.3240734,0.037,0.018,1
Gm7967,0.291243877,0.410957977,0.091,0.061,1
Elof1,0.291324535,0.13409284,0.914,0.909,1
Ttc19,0.291668897,-0.15754022,0.711,0.72,1
Gm11696,0.291742479,0.49048753,0.118,0.085,1
Smc2os,0.291861122,-0.471002088,0.187,0.22,1
Nectin1,0.2918859,0.181724646,0.139,0.098,1
Donson,0.291896194,0.125621105,0.273,0.213,1
Pde10a,0.291993612,-0.457700647,0.15,0.189,1
Car5b,0.292288344,0.804273705,0.091,0.061,1
Trip6,0.292331813,0.50229745,0.053,0.03,1
Plxnb3,0.292331813,0.951681892,0.053,0.03,1
Pcdh9,0.292388462,-0.154588305,0.93,0.939,1
Psap,0.292456138,0.131017725,1,0.982,1
B4gat1,0.292562083,-0.235200422,0.529,0.537,1
Tmem175,0.292566281,0.215669809,0.561,0.488,1
Swsap1,0.292603193,0.438940296,0.198,0.152,1
Med16,0.292754099,-0.256548695,0.604,0.591,1
Tmed5,0.292822768,-0.102595396,0.636,0.659,1
Yipf6,0.293017567,0.137610852,0.663,0.616,1
3-Sep,0.293141331,0.111917957,0.898,0.89,1
Apoa2,0.293501991,0.192040898,0.107,0.073,1
Hoxaas3,0.293668352,-0.70681853,0.037,0.061,1
Gm12296,0.293668352,-0.947087484,0.037,0.061,1
Rph3a,0.293860764,-0.602118632,0.107,0.14,1
Klc4,0.293940336,-0.254270158,0.316,0.366,1
Tapbp,0.293949328,0.195259592,0.754,0.701,1
Tmem170,0.29404329,0.364271555,0.273,0.226,1
Gpc6,0.294170569,0.108847298,0.283,0.226,1
Gstm2,0.294284231,0.442298336,0.198,0.159,1
Aaas,0.294496183,0.188953653,0.155,0.11,1
Pigyl,0.294573336,-0.168764269,0.898,0.884,1
Zfp157,0.294583043,-0.461055091,0.155,0.189,1
1810059H22Rik,0.294585704,0.20409398,0.037,0.018,1
Pnpla6,0.294742248,-0.200212476,0.401,0.445,1
R3hdm2,0.294862315,-0.138407762,0.866,0.933,1
Dnaja3,0.295023551,-0.140270913,0.476,0.506,1
Csrnp2,0.295085429,-0.709806438,0.305,0.335,1
Pkdcc,0.2950983,-0.586263638,0.032,0.055,1
Efcab12,0.29512072,0.211707697,0.102,0.067,1
Alg8,0.29512072,1.539563396,0.102,0.067,1
Dvl3,0.295199576,-0.250163855,0.46,0.482,1
Slc35e3,0.29520123,-0.251356375,0.497,0.494,1
Dnph1,0.295215627,-0.732121524,0.134,0.165,1
Abcg2,0.295244731,0.122131106,0.289,0.329,1
Ttyh3,0.295493293,-0.199628675,0.439,0.488,1
Eed,0.2955822,-0.586618968,0.273,0.311,1
2900060B14Rik,0.295594536,-0.676383247,0.043,0.067,1
2-Mar,0.295679159,0.265504212,0.668,0.567,1
Tmem128,0.295797931,-0.357654537,0.594,0.591,1
Pex1,0.295838701,-0.412867286,0.203,0.244,1
Trmt44,0.295962806,0.330411614,0.086,0.055,1
C030037D09Rik,0.29627424,0.326654086,0.037,0.018,1
4930415O20Rik,0.29627424,0.268787835,0.037,0.018,1
Dnase1l2,0.29627424,0.304226394,0.037,0.018,1
4833445I07Rik,0.296282033,-0.658124041,0.037,0.061,1
Lrrd1,0.2964881,0.392987614,0.053,0.03,1
Zfp367,0.296721948,-0.429072407,0.444,0.427,1
Meis3,0.296741752,-0.355059785,0.642,0.604,1
Brinp2,0.296845592,-0.67044341,0.075,0.104,1
Nceh1,0.296863835,-0.388823449,0.684,0.695,1
Trim36,0.296974333,-0.258968716,0.674,0.689,1
Clic4,0.297138116,0.239840967,0.535,0.494,1
Tacc1,0.297241466,-0.137909142,0.727,0.707,1
Fign,0.297452194,-0.130271687,0.578,0.591,1
Gm15912,0.297604886,-1.567545387,0.059,0.085,1
Osbp,0.297622051,-0.157439532,0.599,0.64,1
Atg4a,0.297641829,0.184376379,0.289,0.238,1
Megf10,0.297651472,0.105174051,0.262,0.201,1
Hif1an,0.297824376,-0.297437194,0.348,0.378,1
Camk1g,0.29796924,0.210950179,0.037,0.018,1
Gimap6,0.29796924,0.156609363,0.037,0.018,1
Iws1,0.298050139,-0.189916139,0.567,0.585,1
Col18a1,0.298063718,0.381456543,0.112,0.079,1
10-Sep,0.298274624,-0.665022657,0.332,0.348,1
Cpsf4,0.298380463,0.513430912,0.107,0.073,1
Alas1,0.298628061,-0.12810491,0.267,0.317,1
Sgce,0.298703708,0.360193773,0.267,0.207,1
Crybg3,0.298794446,-0.354599846,0.182,0.226,1
Ttc28,0.298979869,0.223402274,0.556,0.476,1
Cpne9,0.299280816,-0.905818833,0.053,0.03,1
Tmem220,0.299280816,0.378080482,0.053,0.03,1
Mpi,0.299367636,-0.153768502,0.561,0.573,1
Ankle2,0.299492065,-0.366031354,0.316,0.354,1
Slc23a2,0.299569652,-0.151206087,0.642,0.659,1
Fbh1,0.299590307,0.21447988,0.674,0.646,1
Slc27a1,0.299677952,0.150646476,0.476,0.396,1
Abt1,0.299784873,0.117015801,0.374,0.287,1
Hnrnpul2,0.299793044,-0.12180744,0.898,0.909,1
Ap5s1,0.29991006,-0.272863765,0.316,0.36,1
Ppcs,0.300092083,0.110144595,0.401,0.323,1
Bglap2,0.300231658,-1.004664688,0.037,0.061,1
Gm10062,0.300231658,-0.585217351,0.037,0.061,1
Fbrs,0.300232627,-0.101947489,0.326,0.256,1
Plek2,0.300355193,0.282871447,0.086,0.055,1
Stxbp3,0.300494181,-0.265867581,0.16,0.201,1
Trp53bp2,0.300602616,-0.25890199,0.262,0.299,1
Gm36037,0.300683736,-0.63083522,0.032,0.055,1
Suv39h2,0.300811239,0.22725913,0.15,0.11,1
Gm12802,0.300862228,-0.645668293,0.07,0.098,1
Ralgapb,0.301043623,-0.197124369,0.711,0.738,1
Usp3,0.301238096,0.273335445,0.422,0.372,1
4833412C05Rik,0.30126783,-0.758362843,0.064,0.091,1
Kctd19,0.301331185,-0.818463525,0.091,0.122,1
Trnt1,0.301412409,-0.206223227,0.604,0.634,1
Mmd,0.301412444,-0.213460583,0.604,0.634,1
Sgms2,0.301538959,-0.122857517,0.38,0.409,1
Ighg2c,0.301555964,-0.479336238,0.037,0.061,1
Sema4b,0.301598409,-0.344845409,0.187,0.22,1
Aco1,0.301940417,-0.337198705,0.332,0.36,1
Zrsr1,0.302010212,-0.148245866,0.733,0.732,1
Efhd2,0.302042791,-0.104187546,0.567,0.604,1
Adamts13,0.30209103,1.261904389,0.053,0.03,1
Plpp4,0.30209103,0.485972072,0.053,0.03,1
Pcdh19,0.30209103,0.161929596,0.053,0.03,1
Aven,0.302095959,-0.391403395,0.401,0.415,1
Fos,0.302227712,-0.220678309,0.968,0.988,1
Sipa1l2,0.302414415,-0.432630001,0.139,0.183,1
Ibtk,0.302533906,-0.235998895,0.364,0.384,1
Cebpb,0.302553351,-0.36204343,0.701,0.683,1
Mapkapk5,0.302958468,0.103760197,0.07,0.043,1
Rragb,0.303008752,-1.133030561,0.299,0.323,1
Ttll1,0.303041578,-0.122936602,0.711,0.72,1
Mmgt2,0.303337015,0.122186743,0.679,0.61,1
Ddx18,0.303404465,0.188022097,0.449,0.378,1
Nat14,0.303691173,0.255855228,0.358,0.274,1
Fmnl1,0.303718505,-0.237132207,0.246,0.28,1
Cpsf7,0.30380961,-0.264485945,0.684,0.701,1
4933407K13Rik,0.303836942,-0.302673327,0.112,0.146,1
Elac2,0.303944329,0.180283295,0.246,0.195,1
Pcf11,0.30395396,-0.192940964,0.439,0.451,1
Opa1,0.303965066,-0.119055553,0.877,0.829,1
Angptl6,0.304198789,-0.482851282,0.583,0.604,1
Klhl14,0.304203797,-0.511077101,0.053,0.079,1
Dda1,0.304209288,0.151781695,0.989,0.97,1
Stambp,0.304266379,0.222007874,0.738,0.671,1
Gm20597,0.304295788,-0.595259041,0.048,0.073,1
Ostc,0.304308501,0.137999498,0.93,0.896,1
Msh3,0.304598248,0.208125952,0.283,0.317,1
Slc7a1,0.305008591,-0.190515191,0.872,0.884,1
5830448L01Rik,0.305030303,0.261128185,0.15,0.11,1
Snrpc,0.305076486,0.184490192,0.69,0.652,1
Ccdc9b,0.305303657,-0.17118666,0.214,0.268,1
Ppp2r2a,0.305370555,-0.110352757,0.893,0.884,1
Skap1,0.30545237,0.133789318,0.193,0.146,1
Echdc2,0.305552184,-1.048375746,0.037,0.061,1
Xrcc4,0.305727132,-0.318784498,0.422,0.433,1
Bloc1s2,0.305741321,0.237754564,0.802,0.707,1
Mfap1a,0.306062093,0.354616897,0.567,0.482,1
Prr14l,0.306133147,-0.168892049,0.503,0.5,1
Pip4p2,0.306142803,-0.202167991,0.888,0.896,1
Slc11a2,0.306370994,0.288366904,0.412,0.341,1
Lhfpl5,0.306493444,0.135263811,0.775,0.726,1
D930016D06Rik,0.306678683,-0.541473029,0.209,0.238,1
Kdsr,0.306707911,-0.268382626,0.615,0.616,1
Zfp229,0.306855629,-0.198575418,0.273,0.213,1
Anks6,0.306875389,-0.524764464,0.075,0.104,1
1700112D23Rik,0.307095099,-0.949099794,0.07,0.098,1
Arl4c,0.307116413,-0.263187759,0.551,0.585,1
Smc6,0.307228588,0.111282149,0.877,0.75,1
Thap11,0.307467856,-0.338236771,0.353,0.39,1
Ppox,0.307580499,0.201926324,0.15,0.11,1
Hsd3b7,0.307755403,0.26948641,0.267,0.213,1
Tfpi,0.307763978,0.338649108,0.053,0.03,1
Ppp2r5a,0.308026792,0.267913487,0.428,0.341,1
Srrt,0.308356196,-0.263734036,0.497,0.518,1
E2f1,0.308421285,0.112348119,0.267,0.213,1
Dhodh,0.308433692,0.256076115,0.15,0.11,1
Stam2,0.308450805,-0.250910613,0.476,0.5,1
Fdx1,0.308576526,0.100100888,0.749,0.695,1
Tmem30b,0.308815456,0.108728331,0.214,0.159,1
Ddx27,0.308844284,-0.267589306,0.364,0.402,1
Lysmd3,0.309059592,-0.367186334,0.321,0.354,1
Igdcc3,0.30919316,0.349025811,0.053,0.03,1
Zfr2,0.309623855,0.122727259,0.599,0.537,1
Slc25a28,0.309920808,-0.125105955,0.545,0.579,1
Gng13,0.309935789,-0.298315897,0.455,0.488,1
Amotl2,0.309962392,-0.307947361,0.348,0.366,1
Tiam2,0.309988763,-0.182785663,0.519,0.549,1
Phf21a,0.310187262,-0.12971263,0.717,0.707,1
Neil1,0.310243376,-0.579841077,0.07,0.098,1
Nploc4,0.310312685,0.128596403,0.781,0.677,1
Tagln,0.310626722,0.216793895,0.053,0.03,1
Abraxas1,0.310934874,-0.549643703,0.037,0.061,1
Arrb2,0.311014923,-0.133337675,0.647,0.659,1
Mertk,0.311038153,-0.559911233,0.08,0.11,1
Faap100,0.31105951,-0.219184162,0.278,0.311,1
Synpr,0.31117861,0.112863181,0.947,0.951,1
Bcs1l,0.3114934,0.112889859,0.305,0.244,1
Nadk2,0.311550725,-0.308357408,0.203,0.238,1
Efhc2,0.311754581,-0.335589127,0.139,0.177,1
Pgbd5,0.311945821,-0.156435035,0.626,0.646,1
1110059G10Rik,0.311994567,-0.397774851,0.604,0.616,1
Nubp1,0.312026609,0.228679386,0.535,0.463,1
L3mbtl3,0.312029188,0.118987863,0.139,0.098,1
Erp29,0.312456952,0.124133281,0.973,0.945,1
Lats1,0.312515248,-0.249040521,0.497,0.5,1
Rrp9,0.312562924,-0.326545602,0.15,0.183,1
Mkrn2,0.312608584,-0.298220013,0.444,0.476,1
Pabpn1,0.31267311,0.104227697,0.941,0.939,1
Man1a2,0.312905927,-0.100512897,0.807,0.799,1
Ppan,0.313038424,0.193769468,0.155,0.116,1
Cep89,0.313158319,-0.648745261,0.064,0.091,1
Bag5,0.313172512,0.152010494,0.604,0.506,1
Zcwpw2,0.313223028,-0.302250198,0.102,0.134,1
Pcdhb3,0.313317757,-0.551204325,0.043,0.067,1
Camkk1,0.313396824,0.181397266,0.358,0.287,1
Arhgap44,0.313793414,-0.247219147,0.786,0.75,1
1500009L16Rik,0.314088192,-0.420121869,0.401,0.457,1
B020010K11Rik,0.314200084,-0.471031673,0.118,0.152,1
Sgsm1,0.314257639,-0.297360018,0.567,0.591,1
Scyl3,0.314490616,0.271776224,0.326,0.274,1
Pglyrp1,0.314646307,0.304666384,0.193,0.146,1
Alox5ap,0.314658255,0.258373619,0.166,0.122,1
Pam,0.314906267,-0.174509063,0.93,0.921,1
Plin2,0.314973555,0.10050291,0.578,0.494,1
Poln,0.315012702,-0.616048593,0.037,0.061,1
Tbrg4,0.315036404,-0.446396379,0.353,0.274,1
B930095G15Rik,0.315169425,0.100981524,0.529,0.457,1
Axl,0.315443709,-0.112062888,0.07,0.043,1
Gm49012,0.315498843,-0.68292173,0.059,0.085,1
Spats1,0.315951934,0.247237084,0.134,0.098,1
Ttc23,0.315969291,-0.498177491,0.316,0.25,1
Gm553,0.31607019,-0.895382241,0.011,0.024,1
Rgsl1,0.31607019,-0.82518236,0.011,0.024,1
Zfp972,0.31607019,-0.887326951,0.011,0.024,1
Cyp4b1,0.31607019,-0.920105738,0.011,0.024,1
Samd11,0.31607019,-0.895928646,0.011,0.024,1
Esco2,0.31607019,-0.819785978,0.011,0.024,1
Npm2,0.31607019,-0.987057684,0.011,0.024,1
9330117O12Rik,0.31607019,-0.816242065,0.011,0.024,1
Gm14798,0.31607019,-2.119985397,0.011,0.024,1
Sec24b,0.316119825,-0.126079494,0.754,0.774,1
Gm32816,0.316196136,-0.491883411,0.155,0.189,1
Birc5,0.316226601,-0.849676625,0.091,0.116,1
Smc2,0.316242566,0.50785118,0.225,0.177,1
Rfx3,0.316283308,-0.373278955,0.246,0.287,1
Wnk3,0.316343391,-0.116556586,0.358,0.372,1
Csnk1d,0.316399341,-0.247958354,0.888,0.878,1
Zfp455,0.316404769,-0.149513638,0.032,0.055,1
Pard3,0.316459986,-0.166912039,0.583,0.622,1
2810403D21Rik,0.316489566,0.219400908,0.235,0.183,1
Gm3854,0.316556387,0.308888366,0.112,0.079,1
Cc2d1b,0.316593628,-0.178545484,0.626,0.64,1
1110002O04Rik,0.316640207,-0.736717809,0.059,0.085,1
Fance,0.316681127,0.594312527,0.332,0.268,1
Fbxo46,0.316776488,-0.738556239,0.118,0.152,1
Mtor,0.316891397,-0.367524834,0.711,0.689,1
Hmgcs2,0.316992024,0.24169301,0.294,0.244,1
4931406C07Rik,0.317014007,-0.227418676,0.428,0.36,1
Samd4,0.317189461,0.221756688,0.257,0.207,1
4930481B07Rik,0.317750692,-0.424800995,0.037,0.061,1
Sptlc2,0.317855466,-0.115687815,0.727,0.677,1
Dido1,0.318027328,-0.23326732,0.561,0.567,1
Med26,0.318062164,0.560975833,0.187,0.14,1
Surf1,0.318157528,0.166889334,0.909,0.848,1
Kin,0.318244918,0.10068442,0.348,0.274,1
Gm15441,0.318342216,-0.766507916,0.011,0.024,1
Melk,0.318342216,-0.76785974,0.011,0.024,1
Ptpru,0.318342216,-1.672797356,0.011,0.024,1
Gm32786,0.318342216,-0.859681621,0.011,0.024,1
Gm47071,0.318342216,-0.849958015,0.011,0.024,1
Tcte1,0.318342216,-1.127188772,0.011,0.024,1
Aldh1b1,0.318484327,0.358976332,0.075,0.049,1
Rasgef1b,0.318507433,-0.413326505,0.043,0.067,1
Kansl1l,0.3187113,-0.269472075,0.348,0.384,1
Eif2ak1,0.318946978,0.12010337,0.578,0.5,1
Ubald2,0.318962874,-0.134558316,0.701,0.701,1
Ppid,0.318963494,-0.248740775,0.77,0.72,1
Gm49492,0.319196738,-0.667784105,0.289,0.317,1
Armh1,0.319214137,0.144213149,0.219,0.171,1
Cbr3,0.319260529,0.137420976,0.663,0.567,1
Hadha,0.31927146,0.102817715,0.882,0.848,1
Dram1,0.319363402,-0.341374966,0.61,0.591,1
Senp8,0.319403132,-0.26354459,0.39,0.39,1
B230206L02Rik,0.319453589,-0.214149473,0.406,0.427,1
4732491K20Rik,0.319689538,0.382265386,0.348,0.293,1
2810468N07Rik,0.319739779,-0.629466421,0.139,0.171,1
Ddx50,0.319934638,0.15963927,0.722,0.659,1
Myo6,0.319948206,-0.368600906,0.31,0.348,1
Ubash3b,0.320314302,-0.130683021,0.925,0.957,1
Zfp335,0.320411457,0.145715638,0.203,0.152,1
Cdh5,0.320504232,1.120949387,0.059,0.037,1
Ackr3,0.320624912,-0.742441245,0.011,0.024,1
Gm38304,0.320624912,-0.759836995,0.011,0.024,1
Gm14308,0.320624912,-0.741024913,0.011,0.024,1
Gm30003,0.320624912,-0.80361937,0.011,0.024,1
Kpna7,0.320624912,-0.801666743,0.011,0.024,1
Pycr1,0.320624912,-0.755766844,0.011,0.024,1
Ccnb1,0.320624912,-1.351282632,0.011,0.024,1
Gm48913,0.320624912,-0.724618114,0.011,0.024,1
Cpt1b,0.320624912,-1.121776255,0.011,0.024,1
Gm49878,0.320624912,-0.767959204,0.011,0.024,1
1110020A21Rik,0.32068671,-0.627479973,0.053,0.079,1
Glmp,0.320720725,0.228036514,0.305,0.256,1
Aamp,0.320735045,-0.170155439,0.85,0.872,1
Smim17,0.320883721,-1.428712674,0.064,0.091,1
Ddx23,0.321122236,-0.643203926,0.353,0.396,1
Mcm3ap,0.321154598,-0.224787097,0.348,0.378,1
Ccnd3,0.321186039,0.171199674,0.513,0.433,1
Maea,0.321187614,-0.21111788,0.797,0.799,1
Ehbp1l1,0.321519791,-0.13997013,0.604,0.622,1
Wdr4,0.321806557,0.302387867,0.321,0.268,1
Ehd2,0.32185681,-0.399050604,0.299,0.335,1
Sh3d19,0.321857471,0.203348241,0.727,0.689,1
9230112E08Rik,0.321885989,-0.519309798,0.053,0.079,1
Gm43813,0.321939597,0.579024086,0.027,0.012,1
Gm40557,0.321939597,0.690495576,0.027,0.012,1
F11r,0.321997429,-0.426550225,0.064,0.091,1
Rfx5,0.321997429,-0.531385201,0.064,0.091,1
Uros,0.322141621,-0.338421776,0.385,0.402,1
Usp28,0.322196195,-0.670801571,0.139,0.171,1
Npas3,0.322261844,0.347513712,0.187,0.146,1
Pfas,0.32236236,-0.512725472,0.086,0.116,1
Ogdhl,0.322379905,-0.932760454,0.102,0.134,1
9030624G23Rik,0.322387443,-0.49992791,0.059,0.085,1
Gm13558,0.32291828,-0.661712541,0.011,0.024,1
Lgals4,0.32291828,-0.828604018,0.011,0.024,1
Gm12298,0.32291828,-0.827008503,0.011,0.024,1
Unc13d,0.32291828,-1.391801413,0.011,0.024,1
Gm29530,0.32291828,-0.907709665,0.011,0.024,1
Gm19951,0.32291828,-0.75896333,0.011,0.024,1
Ranbp3l,0.32291828,-0.680346422,0.011,0.024,1
Acot6,0.32301773,-0.304868638,0.139,0.171,1
E2f3,0.323115744,0.168088805,0.433,0.354,1
Cers2,0.323170523,-0.113281012,0.626,0.64,1
Gm5577,0.323184554,-0.43020339,0.187,0.22,1
Dnmbp,0.323349773,-0.443862632,0.251,0.274,1
Zfp354c,0.323399806,0.115567129,0.412,0.317,1
Gm15417,0.323551573,-0.306926013,0.337,0.39,1
Brf2,0.323617936,-0.703642734,0.241,0.268,1
Colec12,0.323663852,-0.27366014,0.219,0.171,1
Dhrs11,0.323672717,0.168257134,0.091,0.061,1
Cby1,0.32386309,-0.202293386,0.706,0.72,1
Pinx1,0.323968306,-0.36098972,0.273,0.293,1
Chrna4,0.324071205,0.880404899,0.027,0.012,1
Zfp612,0.324113556,0.18317779,0.54,0.482,1
Ccar1,0.324285848,-0.21995396,0.652,0.671,1
Zfp94,0.324558485,0.285905388,0.182,0.14,1
A830052D11Rik,0.324609702,0.364895164,0.075,0.049,1
2700049A03Rik,0.324641504,0.224304555,0.187,0.146,1
Krba1,0.324651071,0.157743802,0.203,0.152,1
Mpzl3,0.324673435,0.38874431,0.096,0.067,1
Gm48604,0.324705513,-0.456623606,0.059,0.085,1
Gm12905,0.325073246,-0.504911139,0.043,0.067,1
Myt1,0.325119213,0.225527345,0.487,0.415,1
Chchd3,0.325197211,0.232055263,0.77,0.72,1
Oip5,0.325222318,-0.535521234,0.011,0.024,1
Gm14249,0.325222318,-0.485151023,0.011,0.024,1
Gm14455,0.325222318,-0.622957507,0.011,0.024,1
Ntsr1,0.325222318,-1.117622669,0.011,0.024,1
Eqtn,0.325222318,-0.680659746,0.011,0.024,1
Fam151a,0.325222318,-0.680971785,0.011,0.024,1
Gm9958,0.325222318,-0.732048541,0.011,0.024,1
Ccdc13,0.325222318,-0.692960833,0.011,0.024,1
Slc6a20b,0.325222318,-0.564490837,0.011,0.024,1
Myb,0.325222318,-0.619841586,0.011,0.024,1
Gm20456,0.325222318,-3.11028193,0.011,0.024,1
Gm7644,0.325222318,-0.613848811,0.011,0.024,1
1600002D24Rik,0.325222318,-1.667950131,0.011,0.024,1
Mrpl19,0.32543041,-0.368810155,0.583,0.585,1
Sin3a,0.325496285,0.208894726,0.342,0.396,1
Akap7,0.325504267,-0.131204911,0.663,0.683,1
Cer1,0.325734419,-0.424962473,0.043,0.067,1
Poli,0.325759437,0.400187919,0.096,0.067,1
Zfp260,0.325842076,-0.155863125,0.818,0.793,1
Hist2h2be,0.32584392,0.337767686,0.075,0.049,1
Rgs11,0.326135808,-0.101079156,0.305,0.354,1
Slc16a4,0.326211984,0.66109859,0.027,0.012,1
9530018F02Rik,0.326211984,0.567162441,0.027,0.012,1
Gm35161,0.326211984,0.496432876,0.027,0.012,1
9130008F23Rik,0.326211984,0.575798995,0.027,0.012,1
Psph,0.326246881,0.18640651,0.342,0.287,1
Tsr3,0.326382112,-0.141684622,0.652,0.677,1
Ptk2b,0.32647746,-0.650497575,0.064,0.091,1
Elovl6,0.326559071,-0.148397153,0.845,0.86,1
Tmed4,0.32659596,0.189350991,0.679,0.573,1
Per1,0.326670403,-0.49519097,0.246,0.262,1
Zbtb5,0.326983973,-0.418310605,0.134,0.165,1
Snhg6,0.327280668,0.214590844,0.668,0.567,1
Gorasp1,0.327322609,-0.58292658,0.267,0.28,1
Hist1h2ac,0.327456108,0.43056435,0.059,0.037,1
Lgi2,0.327537024,-0.266365415,0.011,0.024,1
Bsph1,0.327537024,-0.637254925,0.011,0.024,1
Evpl,0.327537024,-0.450576508,0.011,0.024,1
Fam124a,0.327537024,-0.331836614,0.011,0.024,1
Kctd12b,0.327537024,-0.458094407,0.011,0.024,1
Zfp61,0.327600931,-0.418808711,0.075,0.104,1
Scaf1,0.327612326,-0.103976054,0.845,0.829,1
1700111E14Rik,0.327832131,0.360735457,0.155,0.183,1
Dcaf11,0.327870085,-0.182060991,0.545,0.561,1
Zfp992,0.327979294,-0.419843603,0.155,0.189,1
C1qbp,0.328018242,-0.109466659,0.92,0.927,1
Ctxn3,0.328202652,-0.520968877,0.059,0.085,1
Nol4l,0.328225047,-0.261621892,0.807,0.829,1
B4galt1,0.328290095,-0.125138985,0.631,0.683,1
Plcb2,0.328361933,0.43644189,0.027,0.012,1
Gm10649,0.328361933,0.596060389,0.027,0.012,1
Gm17324,0.328361933,0.488547779,0.027,0.012,1
Espl1,0.328361933,0.793296646,0.027,0.012,1
Gm16152,0.3283623,-0.324339005,0.144,0.11,1
Dlgap4,0.328411173,-0.110298249,0.711,0.726,1
Dennd6a,0.32841767,-0.237358528,0.668,0.677,1
Mdh1,0.328637734,0.108392468,0.957,0.97,1
Sec23ip,0.328703007,-0.243609528,0.417,0.421,1
Tbpl1,0.328733139,-0.25630175,0.791,0.805,1
Cd302,0.328787875,-0.113256492,0.086,0.055,1
Wdr27,0.328892538,0.313208251,0.203,0.159,1
A830009L08Rik,0.329143052,-0.417815584,0.053,0.079,1
Tmem237,0.329745702,-0.248695263,0.599,0.622,1
Liph,0.329861732,-0.682443231,0.011,0.024,1
Gm4793,0.329862397,-0.517259239,0.011,0.024,1
Gm37256,0.329862397,-0.590247043,0.011,0.024,1
Ppm1j,0.329862397,-1.854940842,0.011,0.024,1
Iqcd,0.329862397,-0.561491058,0.011,0.024,1
Icam1,0.329862397,-0.368997588,0.011,0.024,1
Gm3055,0.329862397,-0.230994202,0.011,0.024,1
Gm11542,0.329862397,-0.40783356,0.011,0.024,1
Gpr179,0.329862397,-0.464812053,0.011,0.024,1
Pcdhgb5,0.329862397,-0.539522449,0.011,0.024,1
Sema4g,0.329862397,-0.601512865,0.011,0.024,1
Sar1a,0.330090356,0.128451838,0.743,0.665,1
Helb,0.330127033,0.344110232,0.096,0.067,1
Sec23a,0.330161488,-0.16019513,0.85,0.884,1
Carm1,0.33033815,0.125329401,0.647,0.549,1
Gm29325,0.330521051,0.555891228,0.027,0.012,1
Gm15535,0.330521051,0.431678663,0.027,0.012,1
Hbb-bs,0.330521051,0.484604302,0.027,0.012,1
Plpp1,0.330525862,0.184903497,0.631,0.561,1
Mfsd13a,0.330626033,-0.277426675,0.471,0.476,1
Spag6,0.330675636,-0.499423151,0.07,0.098,1
Arhgef33,0.330675636,-0.564892373,0.07,0.098,1
Cd59b,0.330811258,0.52034744,0.075,0.049,1
Gfm2,0.331000159,0.193968031,0.385,0.317,1
Map11,0.331024572,-0.191688371,0.572,0.567,1
Gpr19,0.331106709,-0.330070987,0.455,0.451,1
Boc,0.331152255,0.210010137,0.155,0.116,1
Zadh2,0.331170971,0.113873378,0.556,0.5,1
Mpp1,0.331297924,0.33092175,0.599,0.537,1
Adgrl1,0.331485203,-0.165110257,0.882,0.902,1
Cdkal1,0.331498942,-0.33608153,0.342,0.378,1
Cldn3,0.331585454,-0.526286729,0.053,0.079,1
Nphp1,0.331637134,-0.338360039,0.118,0.152,1
Grhpr,0.331645775,-0.495761022,0.16,0.189,1
Ubxn11,0.331761251,0.389080841,0.123,0.091,1
6430590A07Rik,0.332010826,-0.514548648,0.144,0.177,1
A930007I19Rik,0.332134019,0.139039573,0.091,0.061,1
Tac1,0.332138084,0.915921575,0.128,0.098,1
Lrrc23,0.332198434,-0.49937771,0.011,0.024,1
Rabgap1,0.332318243,-0.151425777,0.818,0.787,1
Zfp777,0.332441663,0.338325683,0.193,0.152,1
Cmss1,0.332625628,-0.181473893,0.818,0.835,1
1700028J19Rik,0.332689335,0.45130376,0.027,0.012,1
Itga11,0.332689335,0.438009164,0.027,0.012,1
Scpep1os,0.332689335,2.365891798,0.027,0.012,1
Zfp459,0.332689335,0.922345439,0.027,0.012,1
Il15ra,0.33270331,0.104862843,0.091,0.061,1
Lcp1,0.332741909,0.164682668,0.246,0.195,1
Chd2,0.332838372,-0.136576318,0.642,0.671,1
Osbpl5,0.332852209,-0.310127577,0.487,0.5,1
Kctd7,0.332917608,-0.335158637,0.209,0.244,1
Pcgf1,0.332968725,-0.355457348,0.513,0.524,1
Hmgb3,0.333362219,0.204229438,0.583,0.518,1
Apoo,0.33354882,0.138930676,0.738,0.671,1
Btbd7,0.333553456,-0.181654621,0.781,0.756,1
Hps1,0.33365675,-0.263702692,0.16,0.195,1
Ttc9b,0.333891832,-0.102529077,0.979,0.963,1
Mccc1os,0.333979634,-0.470643365,0.07,0.098,1
Zfp709,0.333991762,-0.437154351,0.075,0.104,1
Zmat5,0.334002663,0.153601322,0.77,0.75,1
Fads2,0.334087321,0.110173423,0.813,0.787,1
Zfat,0.334421545,-0.648724795,0.166,0.195,1
Akt2,0.334433247,0.136822271,0.717,0.689,1
Aqp4,0.334505129,0.22658717,0.059,0.037,1
Rab3ip,0.334506022,0.138495876,0.465,0.409,1
Bcl2l15,0.334545133,-0.288173501,0.011,0.024,1
Ptgfr,0.334545133,0.181570888,0.011,0.024,1
Mdn1,0.334571111,-0.22708771,0.39,0.439,1
Slc22a15,0.334584064,-0.362089546,0.428,0.445,1
Epb41l4b,0.334787666,0.105654379,0.642,0.591,1
1700040D17Rik,0.334866784,0.374294222,0.027,0.012,1
Btbd16,0.334866784,0.342827377,0.027,0.012,1
Gm47629,0.334866784,0.354279629,0.027,0.012,1
Appbp2os,0.334866784,0.347627008,0.027,0.012,1
Sema3g,0.334866784,0.382028974,0.027,0.012,1
Psd2,0.334866784,0.58830408,0.027,0.012,1
Grpr,0.334866784,0.559067593,0.027,0.012,1
1810026B05Rik,0.335000221,-0.303884863,0.439,0.445,1
A630089N07Rik,0.335004135,-0.640775137,0.102,0.128,1
Fam53c,0.335146901,-0.108552533,0.775,0.762,1
Snrnp48,0.335426386,0.107723764,0.626,0.549,1
Alkbh1,0.335461393,-0.323832193,0.23,0.262,1
Vps35,0.335466805,-0.117426848,0.957,0.963,1
AV356131,0.335504451,-0.360050081,0.139,0.171,1
Itgb4,0.33555842,-0.485074835,0.064,0.091,1
Tst,0.33555842,-0.54699943,0.064,0.091,1
Slc18a1,0.335692208,0.627674979,0.08,0.055,1
5031434O11Rik,0.335760401,-0.422903382,0.043,0.067,1
Hgf,0.335926585,0.612408992,0.059,0.037,1
L3hypdh,0.335926585,0.691367428,0.059,0.037,1
4930522L14Rik,0.335959612,-0.514410058,0.203,0.232,1
Abl1,0.33605132,-0.277848136,0.406,0.421,1
Ddx51,0.336078371,0.211417723,0.16,0.122,1
4930593A02Rik,0.33613133,0.243454583,0.091,0.061,1
Thumpd3,0.3363612,-0.158494606,0.374,0.299,1
Lingo1,0.336446962,0.45922034,0.428,0.36,1
Csf1,0.336447979,0.187265476,0.337,0.28,1
Sqor,0.336608118,-0.419443605,0.187,0.22,1
Rnaseh2c,0.336609346,0.166232886,0.727,0.652,1
Slc29a1,0.336698157,-0.398269425,0.283,0.311,1
Nsmce1,0.336786678,0.160055111,0.615,0.53,1
Gtpbp3,0.336814744,0.293238881,0.235,0.189,1
Fnip1,0.336907355,-0.236330632,0.551,0.573,1
Kcnh7,0.336921457,-0.34836778,0.417,0.457,1
Tfip11,0.336940799,-0.214140835,0.31,0.36,1
Asb18,0.337053393,1.290847077,0.027,0.012,1
Asb4,0.337053393,0.349367015,0.027,0.012,1
Slco1a4,0.337053393,0.42244484,0.027,0.012,1
1700063D05Rik,0.337053393,0.24266332,0.027,0.012,1
Gm20655,0.337053393,0.27753002,0.027,0.012,1
Gm11523,0.337053393,0.417601659,0.027,0.012,1
Apln,0.337053393,0.457254412,0.027,0.012,1
Pds5a,0.338226062,-0.165360928,0.706,0.677,1
Dus1l,0.338271561,0.272472948,0.39,0.323,1
Lamc1,0.338390855,0.370186482,0.337,0.28,1
Btd,0.338497609,0.264169994,0.23,0.177,1
Hdgfl2,0.33886992,-0.223462272,0.439,0.457,1
Cnot11,0.3389747,-0.16071442,0.38,0.329,1
Tubgcp4,0.339010837,0.103444351,0.433,0.341,1
Igsf21,0.339249161,0.426681646,0.027,0.012,1
Zfp993,0.339249161,0.289061741,0.027,0.012,1
Gm44691,0.339249161,1.049754098,0.027,0.012,1
Gm48236,0.339249161,0.373589041,0.027,0.012,1
5930438M14Rik,0.339249161,0.231825864,0.027,0.012,1
D13Ertd608e,0.339249161,0.291402185,0.027,0.012,1
Gm30363,0.339249161,0.203456976,0.027,0.012,1
Prpf19,0.339445613,-0.181348396,0.701,0.732,1
Ercc1,0.339620987,0.416434732,0.449,0.372,1
Prrg2,0.339649416,0.115744053,0.342,0.287,1
Aste1,0.339705266,-0.447171949,0.128,0.165,1
Mccc1,0.33981878,-0.467397741,0.321,0.354,1
Prr7,0.33999616,0.469797187,0.417,0.366,1
Nprl3,0.340133952,0.265238883,0.39,0.323,1
Sox12,0.340360266,-0.191574618,0.46,0.488,1
Mrpl36,0.340464307,0.215613371,0.941,0.927,1
Gm4129,0.34066432,0.481832461,0.043,0.024,1
Calr,0.340791919,0.118819784,0.973,0.963,1
Maz,0.340928585,-0.149902822,0.813,0.848,1
Vgll3,0.34121106,0.166539333,0.096,0.067,1
Ppp1r26,0.341233657,-0.421470697,0.059,0.085,1
Lrrk2,0.341250929,-0.259834508,0.422,0.433,1
Gm44190,0.341454084,0.367440726,0.027,0.012,1
A330008L17Rik,0.341454084,0.165796316,0.027,0.012,1
Rtkn2,0.341454084,0.194542499,0.027,0.012,1
Gm3468,0.341454084,0.171340089,0.027,0.012,1
Nfkbid,0.341651218,1.031946247,0.059,0.037,1
Gm7160,0.341771446,-0.530452645,0.07,0.098,1
Prr5,0.34181687,-0.388485904,0.358,0.396,1
Ptger4,0.342071984,-0.282317578,0.652,0.652,1
Abcd4,0.342214301,-0.682047748,0.128,0.159,1
Vhl,0.342281827,-0.323817356,0.187,0.226,1
Gm37233,0.342364214,0.468549724,0.043,0.024,1
1500002C15Rik,0.342364214,0.559894222,0.043,0.024,1
D830024N08Rik,0.342364214,0.560613283,0.043,0.024,1
Deaf1,0.342775483,-0.164548518,0.561,0.573,1
Stk39,0.342925975,0.16819244,0.957,0.963,1
Lig3,0.342929501,0.118336762,0.267,0.213,1
Ttc5,0.343032449,-0.35561812,0.38,0.409,1
Praf2,0.343087117,0.276510291,0.941,0.896,1
Mill2,0.343133959,-0.278754738,0.545,0.543,1
AC156546.1,0.34345051,-0.33788219,0.294,0.323,1
Ccdc88a,0.343451147,-0.147920058,0.802,0.78,1
Ahrr,0.343456133,0.244695516,0.096,0.067,1
Pex6,0.343605348,-0.20531935,0.519,0.451,1
Mex3d,0.343649459,-0.279731952,0.353,0.378,1
Lrp2bp,0.343668158,-0.827904998,0.027,0.012,1
Gm47863,0.343668158,0.219698373,0.027,0.012,1
Tll2,0.343668158,0.216145504,0.027,0.012,1
Chadl,0.343745223,-0.214306366,0.283,0.323,1
Ccdc39,0.343805213,-0.53827289,0.112,0.14,1
Gm47163,0.344001409,0.172291927,0.519,0.433,1
0610009L18Rik,0.344276605,-0.192238311,0.321,0.354,1
Ctdspl2,0.344411568,-0.325861385,0.396,0.415,1
Atxn3,0.3447552,0.116519118,0.46,0.396,1
Shpk,0.344944248,-0.448613248,0.171,0.128,1
Zfp239,0.345023918,-0.182807946,0.241,0.268,1
Dclk2,0.345074502,-0.275646505,0.626,0.591,1
Irf7,0.345146115,-0.221776926,0.07,0.098,1
Tedc2,0.345152256,0.161336882,0.112,0.079,1
Lonp1,0.345408294,0.143130264,0.428,0.348,1
Zbtb42,0.345661483,0.170678468,0.128,0.091,1
Yju2,0.34571595,-0.360583277,0.112,0.146,1
Ganc,0.345757904,-0.380654396,0.374,0.39,1
Pou2f2,0.345780244,0.507673636,0.043,0.024,1
Ccdc155,0.345780244,0.348937094,0.043,0.024,1
Runx1t1,0.345878879,-0.159242097,0.866,0.829,1
Smyd3,0.345974412,-0.134004156,0.668,0.707,1
Rpusd1,0.346021564,-0.282176744,0.374,0.409,1
Rpf2,0.346025029,0.247706727,0.524,0.463,1
Acad12,0.346028201,-0.595792522,0.134,0.098,1
Alg3,0.346093127,0.344706191,0.23,0.177,1
Tenm1,0.346309338,-0.171037205,0.684,0.707,1
Rsph3a,0.346485118,-0.334919413,0.053,0.079,1
Rspo1,0.346692761,0.667970842,0.08,0.055,1
Myh9,0.346707731,0.126009349,0.866,0.872,1
Eif2ak3,0.346964842,-0.262723572,0.262,0.299,1
Zfp982,0.346979761,-0.954057823,0.283,0.311,1
Apex2,0.346987605,-0.225530213,0.31,0.335,1
Pex5l,0.34718309,-0.222549967,0.93,0.939,1
Slc37a4,0.34731526,0.361978941,0.198,0.152,1
Arl14ep,0.34737812,-0.196757267,0.316,0.335,1
Cramp1l,0.34740035,0.227236659,0.631,0.598,1
Riiad1,0.347496375,0.416520272,0.043,0.024,1
1110035H17Rik,0.347496375,0.381318275,0.043,0.024,1
Rassf10,0.347496375,0.442929864,0.043,0.024,1
Slc33a1,0.347681866,-0.301822978,0.412,0.427,1
Usp6nl,0.347813246,0.425824994,0.62,0.549,1
Fam160a1,0.348230974,-1.04542733,0.107,0.134,1
Srpk1,0.348388415,0.104218161,0.797,0.726,1
Pcgf5,0.348700263,0.104309559,0.497,0.421,1
Cnot8,0.348837883,-0.201036466,0.588,0.579,1
Csgalnact2,0.349007923,-0.399602476,0.332,0.36,1
Rnpc3,0.349010538,-0.371314682,0.171,0.207,1
Lpcat1,0.349167082,0.285080847,0.572,0.524,1
Vwa3b,0.349217914,0.482006691,0.043,0.024,1
B3gnt4,0.349217914,0.514160642,0.043,0.024,1
Moap1,0.349217914,0.30361475,0.043,0.024,1
Gm41361,0.349217914,0.412351151,0.043,0.024,1
Ccdc65,0.349217914,0.782397584,0.043,0.024,1
Trappc3l,0.349415896,0.256347558,0.176,0.134,1
Ahnak,0.349430129,-0.174300167,0.92,0.872,1
Dhx35,0.349490671,-0.381775841,0.225,0.25,1
Lmna,0.349765668,0.163092887,0.861,0.848,1
Map2k7,0.349992502,-0.167001316,0.722,0.695,1
C230035I16Rik,0.350354485,0.327165231,0.059,0.037,1
Patl1,0.35057238,-0.327636055,0.294,0.317,1
Pcdhb18,0.350820207,0.734074621,0.064,0.043,1
Siah1a,0.350859739,0.219345269,0.717,0.659,1
Gm43560,0.35094486,0.406649379,0.043,0.024,1
Fam228b,0.35094486,0.426724953,0.043,0.024,1
Ypel4,0.350979116,0.513311085,0.369,0.311,1
Rabep2,0.351109411,-0.395632399,0.23,0.262,1
Kntc1,0.351122187,0.437530677,0.134,0.104,1
Gm46367,0.351122187,-1.289719657,0.107,0.134,1
Eef2k,0.351218695,-0.235240668,0.283,0.317,1
Rad51d,0.351262337,0.144327448,0.422,0.354,1
Gm11240,0.351379051,-0.918029829,0.016,0.03,1
Hist1h2bg,0.351379051,-0.981542891,0.016,0.03,1
Gm49521,0.351379051,-0.86907646,0.016,0.03,1
Gm16133,0.351387985,0.125086361,0.096,0.067,1
Mrpl58,0.351412292,0.11163435,0.925,0.89,1
C2cd2,0.351574054,0.233124618,0.321,0.372,1
Spryd7,0.351585108,-0.162522133,0.963,0.97,1
Gpank1,0.351703406,0.134718872,0.31,0.256,1
Ppp2r3a,0.351768647,0.169616846,0.551,0.476,1
Actl6a,0.351896637,0.149346125,0.358,0.28,1
Smarcd3,0.351961517,-0.45723858,0.465,0.476,1
Olah,0.35199885,-0.379138055,0.091,0.122,1
Banp,0.352014267,-0.153154577,0.561,0.598,1
Sco1,0.352155377,-0.506965752,0.118,0.146,1
Bvht,0.3523095,-0.335869502,0.508,0.53,1
Pkp4,0.352379918,-0.248602986,0.508,0.518,1
Kdm6b,0.352435733,-0.24219877,0.503,0.5,1
Zdhhc1,0.352591471,-0.191676588,0.326,0.36,1
Gm15327,0.352677209,0.386376144,0.043,0.024,1
Depdc7,0.352705155,0.240707634,0.139,0.104,1
Chrnb2,0.352864624,-0.233053573,0.385,0.402,1
Ubtd1,0.353068148,0.101566795,0.631,0.549,1
Kmt5b,0.353366141,-0.182761922,0.471,0.488,1
Ctps2,0.353375653,-0.304522244,0.535,0.537,1
Zfp592,0.353484996,-0.287917568,0.39,0.396,1
Npr3,0.353490934,-0.829368118,0.016,0.03,1
Chil1,0.353578164,-0.42155011,0.08,0.11,1
Sympk,0.353604758,-0.204205802,0.572,0.579,1
Zfp688,0.353829151,0.131198034,0.38,0.305,1
2700038G22Rik,0.354152508,1.382502017,0.08,0.055,1
Slc12a3,0.354199086,0.377503834,0.102,0.073,1
Tmem38b,0.354278511,0.609351174,0.353,0.299,1
9330159M07Rik,0.354295086,-0.241998735,0.176,0.207,1
1700012D14Rik,0.354369101,-0.632240423,0.091,0.116,1
Mctp2,0.354414958,0.619304313,0.043,0.024,1
Dnajb12,0.354534936,0.389454641,0.299,0.256,1
Gnpnat1,0.354605343,-0.236393157,0.316,0.36,1
Gm29543,0.354785415,-0.278262384,0.417,0.457,1
Pttg1,0.354845706,-0.128661642,0.856,0.878,1
Strada,0.355094637,-0.189489042,0.358,0.409,1
Itsn2,0.355223872,-0.122530517,0.904,0.909,1
D6Wsu163e,0.355274264,-0.641817357,0.326,0.341,1
Pdp1,0.355311317,-0.188718574,0.775,0.768,1
Taf12,0.355330131,0.1375115,0.449,0.378,1
Smg7,0.355482445,0.14895761,0.604,0.537,1
6330408M09Rik,0.355610823,-0.795586475,0.016,0.03,1
Pcdhgc5,0.355610823,-0.865292326,0.016,0.03,1
Zfp24,0.355809191,-0.138787276,0.663,0.665,1
Cct3,0.356139183,-0.311020014,0.872,0.896,1
Rbsn,0.356240404,-0.311047267,0.492,0.506,1
Car8,0.356401056,0.710811051,0.064,0.043,1
Slc9a1,0.356424352,-0.60217141,0.497,0.47,1
Rsrc2,0.356471146,0.107014879,0.941,0.939,1
AI480526,0.356623217,-0.445397525,0.257,0.287,1
Ddx54,0.356636178,-0.101700403,0.69,0.732,1
Gmpr,0.357010233,0.278520594,0.711,0.683,1
Vamp3,0.357105337,0.240603029,0.401,0.348,1
Ano8,0.357273702,-0.698230222,0.396,0.402,1
Hacd2,0.357417589,0.156178593,0.535,0.457,1
Helq,0.357688308,0.15402284,0.075,0.049,1
Ablim3,0.357734405,-0.136112935,0.765,0.793,1
Zfp385b,0.357738714,-0.662202814,0.016,0.03,1
5730420D15Rik,0.357738714,-0.72177275,0.016,0.03,1
Gm30177,0.357738714,-0.779229998,0.016,0.03,1
Gm49201,0.357738714,-0.925667093,0.016,0.03,1
Gm49876,0.357738714,-0.666253698,0.016,0.03,1
Suv39h1,0.357896455,-0.212086124,0.385,0.415,1
Mybl2,0.357906649,0.305181079,0.043,0.024,1
Gm49719,0.357906649,0.21856247,0.043,0.024,1
Zfp937,0.357920123,0.347211969,0.08,0.055,1
Lclat1,0.358154662,-0.190494638,0.364,0.396,1
Apobec3,0.358219086,0.1502904,0.278,0.226,1
Maoa,0.358263131,0.223152278,0.62,0.567,1
Frem2,0.358278178,0.214178908,0.096,0.067,1
Sft2d3,0.358711703,0.205365403,0.235,0.189,1
Nek4,0.358921549,-0.373022592,0.198,0.226,1
Zgrf1,0.359434922,0.131850285,0.096,0.067,1
Mprip,0.359523008,0.103526923,0.952,0.945,1
Ttc4,0.359578455,-0.31599433,0.374,0.396,1
1110006O24Rik,0.359660585,0.247576667,0.043,0.024,1
Zfp12,0.359836544,-0.318708478,0.23,0.262,1
Stk38,0.359851569,-0.313099572,0.364,0.384,1
Pkn3,0.359874602,-0.691412401,0.016,0.03,1
Col26a1,0.359874602,-0.922136538,0.016,0.03,1
Abca17,0.359874602,-0.819080288,0.016,0.03,1
Rbm3os,0.359874602,-0.714584914,0.016,0.03,1
Phospho2,0.360138958,0.256102448,0.503,0.445,1
Exoc8,0.36017023,-0.517693646,0.369,0.378,1
Ddb2,0.360193938,-0.558584631,0.209,0.238,1
Mrc2,0.360317822,0.172611562,0.075,0.049,1
Scmh1,0.360335865,-0.165934846,0.733,0.695,1
Zc3hav1l,0.360377589,-0.598312106,0.107,0.134,1
Tspan13,0.360639452,0.105673619,0.947,0.963,1
Tm9sf1,0.361382313,-0.249567551,0.214,0.25,1
2410080I02Rik,0.36170624,0.135432096,0.128,0.091,1
Prss23,0.361712863,0.442353537,0.08,0.055,1
Ngdn,0.36193025,0.288922871,0.433,0.378,1
Rnf40,0.361968493,0.257865999,0.283,0.226,1
4930441J16Rik,0.36201848,-0.656374642,0.016,0.03,1
Emilin1,0.36201848,-0.683937822,0.016,0.03,1
A730049H05Rik,0.36201848,-0.731193444,0.016,0.03,1
Gm4189,0.36201848,-0.660445011,0.016,0.03,1
Gm32885,0.36201848,-0.919790691,0.016,0.03,1
Rab30,0.362232829,-0.140190124,0.711,0.707,1
Qser1,0.362264177,0.23071777,0.428,0.36,1
Itgav,0.362301479,0.427911544,0.257,0.22,1
Pcnx2,0.362627485,0.18067395,0.508,0.421,1
Anapc10,0.362648152,0.156025676,0.652,0.573,1
Dusp28,0.362721162,-0.184384596,0.492,0.518,1
Wdr17,0.362836895,-1.264268186,0.096,0.122,1
Xpo5,0.362932045,-0.386023804,0.364,0.378,1
Clmp,0.363782395,-0.175510792,0.791,0.774,1
5530601H04Rik,0.363915567,-0.36222472,0.422,0.415,1
Adgra3,0.36412839,-0.213604549,0.235,0.189,1
6530437J22Rik,0.364170343,-0.686513365,0.016,0.03,1
Slc37a2,0.364170343,-0.658656917,0.016,0.03,1
Cspg4,0.364170343,-0.620674601,0.016,0.03,1
Myl3,0.364170343,-0.641142542,0.016,0.03,1
Gm15910,0.364170343,-0.565346013,0.016,0.03,1
Gm49226,0.364170343,-0.703121425,0.016,0.03,1
Notch3,0.364170343,-0.676308336,0.016,0.03,1
Pcnt,0.364319218,-0.579685658,0.273,0.287,1
2310009B15Rik,0.364357751,-0.112753201,0.781,0.726,1
Mrpl1,0.364446238,-0.118434212,0.492,0.53,1
Tshz1,0.364470395,-0.204241474,0.652,0.634,1
Ppp1r15b,0.364495748,-0.122194489,0.299,0.341,1
Pigq,0.364677205,-0.126069753,0.754,0.732,1
Gm9947,0.364775996,0.123560394,0.246,0.195,1
Utp14b,0.364915761,-0.180806115,0.401,0.433,1
Mrps27,0.365114332,0.309634113,0.332,0.274,1
Ptgds,0.365169358,0.120515118,0.059,0.037,1
Znfx1,0.365261036,-0.130101675,0.626,0.61,1
Gm20621,0.365465972,-0.585730822,0.086,0.11,1
Olfml2b,0.365566485,-0.167301531,0.209,0.244,1
Gm9899,0.365831105,0.132401657,0.171,0.134,1
Lrfn1,0.365946482,-0.23119549,0.551,0.561,1
Nr6a1,0.365966224,-0.31543957,0.497,0.518,1
9930021J03Rik,0.366186437,-0.20439769,0.743,0.634,1
2310061I04Rik,0.366220704,0.138233935,0.765,0.726,1
Ddit4l,0.366330185,-0.800440563,0.016,0.03,1
Cntn6,0.366330185,1.130306991,0.016,0.03,1
Gm20470,0.366330185,-0.616487959,0.016,0.03,1
Gm26660,0.366330185,-0.584484173,0.016,0.03,1
Gm49694,0.366330185,-0.602483936,0.016,0.03,1
Gm4841,0.366330185,-0.671697378,0.016,0.03,1
Mettl3,0.366331073,-0.836038798,0.209,0.244,1
Med15,0.366375266,-0.126851721,0.567,0.591,1
Gpr173,0.366576545,-0.188761378,0.471,0.5,1
Sema4c,0.366659088,-0.777051096,0.166,0.201,1
Padi2,0.366730185,0.270203801,0.043,0.024,1
Papss1,0.366980123,-0.129759764,0.658,0.646,1
Tomm40l,0.366984023,-0.277930871,0.444,0.463,1
E130317F20Rik,0.367002204,0.555668786,0.086,0.061,1
Kat8,0.367055346,-0.188347398,0.283,0.226,1
Ddt,0.367060543,0.14579804,0.979,0.957,1
Trmt12,0.36724272,-0.377244136,0.118,0.146,1
Tatdn2,0.367338183,-0.766992888,0.198,0.22,1
Zfp407,0.367505698,-0.150422898,0.508,0.537,1
Armcx2,0.367576065,-0.186745858,0.861,0.866,1
Zdhhc22,0.367723022,-0.30143384,0.326,0.354,1
Rhbdl1,0.367945157,-0.185147538,0.283,0.317,1
Flt3l,0.367984261,-0.36017441,0.257,0.287,1
Rcc2,0.368002217,-0.21322162,0.417,0.439,1
P2rx7,0.368089837,0.288817848,0.08,0.055,1
Zfp961,0.368111759,-0.324404429,0.134,0.165,1
Acsl5,0.368346232,-0.172402852,0.647,0.671,1
Lyar,0.368430659,0.135673752,0.412,0.348,1
Gm37696,0.368497999,-0.576051092,0.016,0.03,1
Cyp4x1os,0.368497999,-0.577753299,0.016,0.03,1
Arf4os,0.368497999,-0.629845707,0.016,0.03,1
Gss,0.368564954,0.711010375,0.251,0.207,1
Aldh18a1,0.36862186,0.1111388,0.198,0.159,1
Urb1,0.368949772,-0.821550068,0.08,0.104,1
Egr1,0.368980944,-0.115428886,0.866,0.86,1
Mppe1,0.369016781,-0.49050486,0.348,0.366,1
Dpp3,0.369126404,-0.114706988,0.663,0.695,1
Chrna3,0.369206179,-0.196855067,0.647,0.671,1
Gpld1,0.3693705,-0.723812597,0.123,0.152,1
Dap,0.369427161,-0.574953675,0.342,0.354,1
Klf11,0.369443253,-0.522939308,0.23,0.262,1
Gm42595,0.369464114,0.238696042,0.107,0.079,1
Il4i1,0.369689023,0.145536591,0.059,0.037,1
Morc4,0.369949633,0.220532537,0.096,0.067,1
Abracl,0.370066484,0.231428242,0.545,0.476,1
Caap1,0.370158446,-0.390374167,0.39,0.39,1
Eftud2,0.370478205,-0.17208417,0.396,0.409,1
Mtfr1l,0.370561458,0.127076168,0.888,0.866,1
Sult6b1,0.370713931,-1.585995474,0.064,0.085,1
Naa16,0.370723988,-0.316734892,0.171,0.189,1
Skil,0.371413333,-0.118865804,0.497,0.506,1
Bpgm,0.371725626,-0.335626312,0.326,0.354,1
Zfp503,0.371949409,-0.296743394,0.08,0.055,1
Erg28,0.371989213,0.211775279,0.775,0.732,1
4933406I18Rik,0.372032844,-0.763237336,0.086,0.11,1
Anapc5,0.372071376,-0.148014016,0.941,0.933,1
Otud5,0.372110084,-0.11333942,0.567,0.555,1
Ipo9,0.372124315,-0.165015814,0.551,0.561,1
Nell1,0.372285227,0.120887466,0.102,0.073,1
Slc39a7,0.372361056,-0.298827452,0.46,0.476,1
Paics,0.372408343,-0.348358013,0.786,0.811,1
Myo1e,0.372474867,-0.432597534,0.209,0.232,1
Chst7,0.372743024,-0.727472017,0.203,0.226,1
Scrib,0.372885564,-0.398110053,0.155,0.183,1
Maf1,0.373090826,-0.192352761,0.615,0.628,1
Osgin2,0.373215097,0.197557095,0.251,0.201,1
Tsg101,0.3734093,0.110309146,0.936,0.896,1
Slc5a5,0.373410124,-0.162582171,0.674,0.707,1
4930599N23Rik,0.373543912,-0.583029807,0.112,0.14,1
Cdc23,0.373597973,-0.376716669,0.353,0.372,1
Fam161b,0.373923354,1.395172052,0.107,0.079,1
Gm49678,0.373927453,0.27242997,0.23,0.195,1
Stx8,0.374146971,0.16089005,0.722,0.64,1
4930430F08Rik,0.374185572,-0.208668205,0.364,0.396,1
Mtf2,0.374327152,-0.270662618,0.39,0.409,1
Gm43254,0.374922451,0.445483093,0.064,0.043,1
Gm26982,0.374922451,0.467693226,0.064,0.043,1
Nipbl,0.375084154,-0.225770916,0.733,0.695,1
Kank4,0.375259741,0.291233498,0.144,0.11,1
Efcab10,0.375521506,-0.409086409,0.16,0.189,1
Pdk3,0.375550257,-0.144040055,0.551,0.598,1
Abhd10,0.375694693,-0.345007798,0.615,0.622,1
Sh2b1,0.375701168,-0.168366796,0.476,0.506,1
Psmd5,0.375706675,-0.206810961,0.599,0.598,1
Trub1,0.375707904,-0.190064792,0.299,0.335,1
Cntnap1,0.375842761,-0.36986153,0.321,0.354,1
Zfp458,0.375903715,-0.60002852,0.118,0.146,1
Max,0.376032158,0.119400777,0.658,0.591,1
Sf3a3,0.376429291,-0.3277943,0.326,0.354,1
Smarcb1,0.37661731,-0.288084911,0.636,0.634,1
Rnf138,0.376791055,-0.224379801,0.364,0.396,1
Trim28,0.376804547,-0.389415611,0.567,0.567,1
Neu3,0.376971873,-0.973228357,0.021,0.037,1
Pcdh1,0.377414206,0.150967406,0.636,0.524,1
Rab33b,0.377517727,-0.195390988,0.492,0.5,1
Wdyhv1,0.377587651,-0.496506804,0.449,0.463,1
Golga2,0.37779148,-0.166189992,0.711,0.713,1
Yeats2,0.377890474,-0.275854822,0.38,0.402,1
Fgf22,0.377937531,-0.691705722,0.075,0.098,1
Gnaz,0.378124996,-0.146011346,0.834,0.866,1
Alg11,0.378169781,-0.397482471,0.561,0.567,1
Gm44148,0.378426345,-0.401403515,0.139,0.171,1
Kpnb1,0.378456497,-0.251777952,0.861,0.841,1
Unc5b,0.378541257,0.108400853,0.219,0.171,1
Gm8251,0.378701949,0.62811743,0.016,0.006,1
Dnah7c,0.378701949,0.538688471,0.016,0.006,1
Des,0.378701949,0.644331076,0.016,0.006,1
Gm13184,0.378701949,0.442180105,0.016,0.006,1
Gm13619,0.378701949,0.368030259,0.016,0.006,1
Gm13684,0.378701949,0.408768116,0.016,0.006,1
Gucy1b1,0.378701949,0.453759775,0.016,0.006,1
Sprr1a,0.378701949,0.69645145,0.016,0.006,1
Gm12898,0.378701949,0.343265695,0.016,0.006,1
Gm7292,0.378701949,0.397631408,0.016,0.006,1
Ceacam1,0.378701949,0.483028955,0.016,0.006,1
Hcst,0.378701949,0.429986225,0.016,0.006,1
Olfr550,0.378701949,0.588851899,0.016,0.006,1
Gm5737,0.378701949,0.677000398,0.016,0.006,1
Gm15347,0.378701949,0.50753355,0.016,0.006,1
Ushbp1,0.378701949,3.06769866,0.016,0.006,1
Gm16364,0.378701949,0.449153448,0.016,0.006,1
Tk1,0.378701949,0.457330929,0.016,0.006,1
Gm48765,0.378701949,0.418924835,0.016,0.006,1
Gm48228,0.378701949,0.326038905,0.016,0.006,1
Gm26559,0.378701949,0.373079807,0.016,0.006,1
Gm7324,0.378701949,0.40345529,0.016,0.006,1
Shisa8,0.378701949,0.474103391,0.016,0.006,1
Meltf,0.378701949,0.427386906,0.016,0.006,1
Polq,0.378701949,0.561129015,0.016,0.006,1
Ccnf,0.378701949,0.327322083,0.016,0.006,1
Notch4,0.378701949,0.457393881,0.016,0.006,1
AW112010,0.378701949,1.257515363,0.016,0.006,1
Pde6c,0.378701949,1.694381536,0.016,0.006,1
Syt17,0.378815898,-0.307733816,0.294,0.341,1
C330018D20Rik,0.378818513,0.280750186,0.118,0.146,1
Slc25a21,0.378950802,-0.774226629,0.021,0.037,1
Ehmt1,0.378962289,-0.292794324,0.631,0.628,1
Gsr,0.379138483,-0.131386558,0.882,0.884,1
Sec31a,0.379366286,-0.128067768,0.759,0.793,1
Bdkrb2,0.379760052,-0.169281225,0.267,0.305,1
Sfxn1,0.379954939,-0.120468766,0.775,0.793,1
Nubpl,0.379983457,-0.228014329,0.396,0.421,1
0610030E20Rik,0.380572193,0.176338587,0.267,0.213,1
C1qtnf12,0.380609655,0.26827168,0.433,0.476,1
Med22,0.38075419,-0.268341925,0.353,0.366,1
Nkpd1,0.380936111,-0.7814897,0.021,0.037,1
4930506C21Rik,0.380936111,-0.674529662,0.021,0.037,1
Gm43122,0.380953374,-0.48259211,0.23,0.256,1
Galnt10,0.381323964,-0.5045415,0.193,0.226,1
Gm13327,0.381815687,0.46202181,0.016,0.006,1
Phyhd1,0.381815687,0.43544247,0.016,0.006,1
Chst1,0.381815687,0.787204773,0.016,0.006,1
2400006E01Rik,0.381815687,0.703492091,0.016,0.006,1
Frrs1,0.381815687,0.32772369,0.016,0.006,1
Acer2,0.381815687,0.578079441,0.016,0.006,1
Clspn,0.381815687,0.392327073,0.016,0.006,1
Tent5b,0.381815687,0.478851281,0.016,0.006,1
4632411P08Rik,0.381815687,0.381145723,0.016,0.006,1
Gm8013,0.381815687,0.398754342,0.016,0.006,1
Gm13842,0.381815687,0.814631596,0.016,0.006,1
Gm43293,0.381815687,0.487622152,0.016,0.006,1
Sbk3,0.381815687,0.299094521,0.016,0.006,1
Rnf225,0.381815687,0.270432222,0.016,0.006,1
Catsperg1,0.381815687,0.414747673,0.016,0.006,1
Ffar1,0.381815687,0.276262644,0.016,0.006,1
Cdiptos,0.381815687,0.388247756,0.016,0.006,1
B3gnt3,0.381815687,0.460817764,0.016,0.006,1
4930517E14Rik,0.381815687,0.416588058,0.016,0.006,1
D830039M14Rik,0.381815687,0.456639441,0.016,0.006,1
Gna15,0.381815687,0.561428263,0.016,0.006,1
Spata32,0.381815687,0.37344247,0.016,0.006,1
Tcam1,0.381815687,0.469409423,0.016,0.006,1
Serpina3c,0.381815687,0.761245789,0.016,0.006,1
Gm47210,0.381815687,0.389333339,0.016,0.006,1
AC163685.1,0.381815687,0.422075652,0.016,0.006,1
A430090L17Rik,0.381815687,0.551409606,0.016,0.006,1
Pnp2,0.381815687,0.402092339,0.016,0.006,1
Rem2,0.381815687,0.435641526,0.016,0.006,1
1700108J01Rik,0.381815687,0.372410474,0.016,0.006,1
Gm15983,0.381815687,0.33824279,0.016,0.006,1
Gm29686,0.381815687,0.517966193,0.016,0.006,1
Epha3,0.381815687,0.461594245,0.016,0.006,1
Smoc2,0.381815687,1.815533762,0.016,0.006,1
4933408B17Rik,0.381815687,0.328523884,0.016,0.006,1
Gm36315,0.381815687,0.384637678,0.016,0.006,1
Pcdhga1,0.381815687,0.279830164,0.016,0.006,1
Myof,0.381815687,0.500886692,0.016,0.006,1
Pced1b,0.38193872,-0.406845868,0.342,0.348,1
Ube2l6,0.382194088,0.139668089,0.604,0.543,1
Clptm1,0.382388179,-0.124160025,0.749,0.726,1
Ddx60,0.382408033,-0.462048992,0.182,0.207,1
Pusl1,0.38248991,0.301129319,0.332,0.274,1
Vmn2r30,0.382705753,-0.17976778,0.102,0.073,1
St7l,0.382744991,0.299113391,0.417,0.372,1
Mlf1,0.382804935,0.112062626,0.251,0.207,1
Rnf24,0.382975601,0.137147012,0.529,0.47,1
Sertad2,0.382998382,-0.10656103,0.807,0.787,1
Gm47128,0.383055667,0.46889016,0.048,0.03,1
Smurf1,0.383415323,-0.205550235,0.428,0.463,1
1700034P13Rik,0.383667851,1.029545018,0.064,0.043,1
Entr1,0.383783858,0.210818187,0.583,0.555,1
Slc22a14,0.383901302,-0.576630638,0.144,0.171,1
Engase,0.383988485,0.658712493,0.123,0.098,1
Dvl1,0.384221041,-0.255028082,0.422,0.427,1
Sema5a,0.38442842,-0.452994026,0.273,0.311,1
Sbf2,0.384647934,-0.256210533,0.647,0.665,1
Cfap126,0.384754028,-0.914036636,0.032,0.049,1
Slc46a3,0.384925845,-0.638561723,0.021,0.037,1
Gm12758,0.384925845,-0.301252953,0.021,0.037,1
Dok3,0.384925845,-0.773015953,0.021,0.037,1
Prr18,0.384925845,-0.625036641,0.021,0.037,1
Pyroxd2,0.384925845,-0.665986473,0.021,0.037,1
Cfh,0.384945082,0.316756852,0.016,0.006,1
4930426L09Rik,0.384945082,0.301012407,0.016,0.006,1
4931423N10Rik,0.384945082,0.295703881,0.016,0.006,1
Gm48908,0.384945082,0.563283602,0.016,0.006,1
Ube2c,0.384945082,0.395205885,0.016,0.006,1
Slc2a10,0.384945082,0.327621842,0.016,0.006,1
Gm37876,0.384945082,0.297323988,0.016,0.006,1
Gm15265,0.384945082,0.174811398,0.016,0.006,1
Gm42696,0.384945082,0.322207093,0.016,0.006,1
Gm26566,0.384945082,0.259754393,0.016,0.006,1
Gm9970,0.384945082,0.228000991,0.016,0.006,1
Gm26647,0.384945082,0.240262096,0.016,0.006,1
Fkbp6,0.384945082,1.863394083,0.016,0.006,1
Cd207,0.384945082,0.315506188,0.016,0.006,1
Nat8f4,0.384945082,0.316507722,0.016,0.006,1
Grin2b,0.384945082,0.20721403,0.016,0.006,1
Arhgdib,0.384945082,0.178335594,0.016,0.006,1
Zfp541,0.384945082,0.306373654,0.016,0.006,1
Slc17a7,0.384945082,0.284487832,0.016,0.006,1
Vwa3a,0.384945082,0.302858414,0.016,0.006,1
Gm48293,0.384945082,0.211591498,0.016,0.006,1
Gm39458,0.384945082,0.844784143,0.016,0.006,1
Ackr2,0.384945082,0.244298226,0.016,0.006,1
Gm26577,0.384945082,0.256112738,0.016,0.006,1
E230014E18Rik,0.384945082,0.318595667,0.016,0.006,1
Gm47599,0.384945082,0.272961447,0.016,0.006,1
D630024D03Rik,0.384945082,0.294410159,0.016,0.006,1
Dock2,0.384945082,0.174247187,0.016,0.006,1
Efnb3,0.384945082,0.35449639,0.016,0.006,1
Klhl10,0.384945082,0.341229999,0.016,0.006,1
Gm10457,0.384945082,1.282374026,0.016,0.006,1
4930445E18Rik,0.384945082,0.270262312,0.016,0.006,1
Gm36279,0.384945082,0.84527055,0.016,0.006,1
Pcdha7,0.384945082,0.253118192,0.016,0.006,1
Dazap1,0.384987762,-0.189680501,0.711,0.701,1
Slbp,0.385121929,-0.257207602,0.615,0.622,1
Spopl,0.385189006,-0.22957158,0.567,0.585,1
Zc3h3,0.385216326,0.411248876,0.107,0.079,1
Agbl3,0.385226403,0.174768585,0.39,0.329,1
Gm16638,0.385372471,0.234957621,0.246,0.201,1
Cyp2j9,0.385373272,0.152219314,0.182,0.146,1
Gm15155,0.385471044,0.146318304,0.096,0.067,1
Gm29585,0.385631769,0.250838104,0.075,0.104,1
Ccdc40,0.385670506,-0.268614671,0.294,0.317,1
Synpo2,0.385960369,0.234868432,0.123,0.091,1
Letmd1,0.386181122,-0.143235716,0.471,0.384,1
Haus8,0.38627787,-0.506698943,0.417,0.409,1
Itpkc,0.386475089,-0.450607266,0.112,0.14,1
Gm44386,0.386514667,0.285284564,0.016,0.006,1
Zfyve27,0.386569952,-0.201166143,0.567,0.598,1
Pomc,0.386585521,0.243205126,0.214,0.171,1
Cdnf,0.386610517,0.341576647,0.064,0.043,1
Zbtb8a,0.386807826,0.342872069,0.193,0.152,1
Tex264,0.386838469,-0.262356423,0.759,0.744,1
Mob3b,0.386930256,-0.751008385,0.021,0.037,1
B230319C09Rik,0.386930256,-0.672741899,0.021,0.037,1
Nup43,0.386984171,-0.898479047,0.07,0.091,1
Afg1l,0.387090372,-0.128938124,0.241,0.274,1
Dennd2a,0.387280715,0.182117987,0.139,0.104,1
Taf5l,0.388032092,-0.265963381,0.278,0.305,1
1810059C17Rik,0.388090107,0.288615649,0.016,0.006,1
Gm28638,0.388090107,0.243684246,0.016,0.006,1
Il7,0.388090107,0.237193604,0.016,0.006,1
Gm37170,0.388090107,0.132114452,0.016,0.006,1
Lrat,0.388090107,0.132274404,0.016,0.006,1
Creb3l4,0.388090107,0.139989918,0.016,0.006,1
S100a3,0.388090107,0.182945425,0.016,0.006,1
Lrrc69,0.388090107,0.216005853,0.016,0.006,1
Car9,0.388090107,0.123146302,0.016,0.006,1
Jchain,0.388090107,0.167566308,0.016,0.006,1
Vamp9,0.388090107,0.136115347,0.016,0.006,1
Pde6b,0.388090107,0.153495915,0.016,0.006,1
Caln1,0.388090107,-0.135373593,0.016,0.006,1
M1ap,0.388090107,0.184944248,0.016,0.006,1
Syne4,0.388090107,0.240679093,0.016,0.006,1
Ifitm1,0.388090107,-0.130574687,0.016,0.006,1
Gm16178,0.388090107,0.190431238,0.016,0.006,1
Icam4,0.388090107,0.19111726,0.016,0.006,1
Gm48677,0.388090107,0.216294729,0.016,0.006,1
Gm47134,0.388090107,0.128193443,0.016,0.006,1
Gstt4,0.388090107,0.129301072,0.016,0.006,1
Gm48552,0.388090107,0.132517671,0.016,0.006,1
Selenok-ps1,0.388090107,0.204073669,0.016,0.006,1
Mis18bp1,0.388090107,0.113188338,0.016,0.006,1
Noxred1,0.388090107,0.270311423,0.016,0.006,1
4933412O06Rik,0.388090107,0.263901364,0.016,0.006,1
Gnrh1,0.388090107,0.107827774,0.016,0.006,1
A330035P11Rik,0.388090107,0.170178052,0.016,0.006,1
Gm26834,0.388090107,0.259562372,0.016,0.006,1
Gm30881,0.388090107,-0.508622173,0.016,0.006,1
Gm16555,0.388090107,0.224044838,0.016,0.006,1
Prelid3a,0.388090107,0.13851528,0.016,0.006,1
Slc22a20,0.388090107,-0.943923337,0.016,0.006,1
Slc16a12,0.388090107,0.16332559,0.016,0.006,1
Pdlim1,0.388090107,0.197532688,0.016,0.006,1
Stk26,0.388090107,0.164363925,0.016,0.006,1
Rad18,0.388170003,0.135961455,0.289,0.238,1
Wdr34,0.388250275,-0.11856055,0.262,0.305,1
Fcrla,0.388453969,-0.894794819,0.027,0.043,1
Naga,0.38862614,0.306142656,0.262,0.22,1
Mto1,0.388672762,-0.588395348,0.219,0.244,1
Haus5,0.388681244,-0.786794343,0.043,0.061,1
Me2,0.388694065,-0.340082373,0.61,0.628,1
Otud7b,0.388713005,-0.225771128,0.642,0.604,1
Pacsin1,0.388876652,-0.117966878,0.92,0.909,1
Hif1a,0.388989638,-0.130527394,0.888,0.89,1
2-Sep,0.389298031,-0.474341302,0.102,0.128,1
Vac14,0.389356936,-0.311496375,0.241,0.274,1
Tmem106c,0.38953573,-0.200845326,0.481,0.512,1
Odc1,0.389550215,0.168340012,0.829,0.799,1
Srrm4,0.390042998,0.155597864,0.866,0.805,1
Card6,0.390259636,-0.925068471,0.037,0.055,1
Arhgef25,0.390288197,-0.135327102,0.85,0.854,1
Ermp1,0.390361222,0.269026627,0.455,0.476,1
Carmil2,0.390464582,-0.179132304,0.813,0.774,1
Gabpb2,0.390610805,-0.282269387,0.187,0.226,1
Ddi2,0.390779025,-0.452584126,0.636,0.634,1
Ano2,0.390958136,-0.780418532,0.021,0.037,1
4930556J24Rik,0.390958136,-0.661858202,0.021,0.037,1
Gmnc,0.390958136,-0.442135291,0.021,0.037,1
Gm44899,0.391224168,-0.401340919,0.128,0.152,1
Cwc27,0.391256903,0.297034204,0.487,0.409,1
Slc9a3r1,0.391256903,0.169959646,0.471,0.427,1
Slc2a13,0.391543959,-0.115631228,0.583,0.591,1
Nr4a3,0.391546114,0.251342724,0.15,0.116,1
Gm5784,0.391593401,0.514896953,0.048,0.03,1
Ankmy1,0.39162126,-0.698804313,0.059,0.079,1
Arhgap6,0.391774344,-0.255838812,0.583,0.585,1
Ppp1r7,0.391845921,0.132117612,0.866,0.811,1
AC163638.2,0.392149329,-0.801976889,0.027,0.043,1
Lrrc56,0.392184431,-0.628941593,0.064,0.085,1
Adam17,0.392379151,0.293596503,0.23,0.195,1
Lca5l,0.392480579,-0.173006122,0.182,0.207,1
Coa7,0.39286504,0.170383783,0.321,0.262,1
Prrg4,0.39295479,-0.176939414,0.08,0.055,1
Gm47728,0.39298159,-0.614768239,0.021,0.037,1
Insc,0.393225572,0.142986797,0.182,0.14,1
Nip7,0.39323599,0.130308881,0.476,0.39,1
9130019O22Rik,0.393486309,-0.802584858,0.037,0.055,1
Pcsk5,0.393518354,0.189160808,0.15,0.116,1
Serpine2,0.393548354,0.100868569,0.342,0.28,1
Bloc1s3,0.393712794,-0.333226307,0.257,0.28,1
Cenpq,0.393830203,0.365649586,0.235,0.207,1
Dlgap1,0.393884604,0.239770221,0.679,0.622,1
Tnfrsf9,0.394004978,-0.707933419,0.027,0.043,1
Kbtbd8,0.394027213,0.160155915,0.064,0.043,1
Gm14966,0.394027213,0.326769845,0.064,0.043,1
Unc13a,0.394241341,-0.152434872,0.722,0.75,1
Syt9,0.394400283,-0.116682362,0.909,0.915,1
Pfn4,0.394445917,-0.565148804,0.086,0.11,1
Ckm,0.394566857,-0.300823333,0.112,0.14,1
Retsat,0.395011377,-0.506352635,0.021,0.037,1
Rab3il1,0.395105687,-1.289631705,0.037,0.055,1
Mpp5,0.395303768,0.237261616,0.615,0.567,1
Plekhd1,0.395431539,-0.209857893,0.465,0.537,1
Pphln1,0.395491219,0.138265456,0.604,0.524,1
Zgpat,0.39551495,-0.448455165,0.139,0.165,1
Gm10658,0.39552082,1.267759884,0.064,0.043,1
Tedc1,0.39552082,-0.236941383,0.064,0.043,1
Dnah7a,0.395682017,-0.229410485,0.102,0.073,1
Mrtfa,0.395738012,0.139729634,0.476,0.421,1
Baalc,0.395798658,-0.13754775,0.519,0.555,1
Nr6a1os,0.395865932,-0.795046358,0.027,0.043,1
Ccsap,0.395941074,-0.207323561,0.139,0.171,1
Zfp971,0.396346025,-0.19896089,0.46,0.463,1
Gpr158,0.396618687,0.164487235,0.604,0.591,1
Asb1,0.396945422,-0.171670501,0.802,0.835,1
Galnt3,0.397017844,0.205197851,0.064,0.043,1
Gm29666,0.397017844,0.199464076,0.064,0.043,1
4930509G22Rik,0.39704749,-0.569119598,0.021,0.037,1
Gm15261,0.39704749,0.39500611,0.021,0.037,1
Bicra,0.397081272,-0.188691706,0.305,0.329,1
Brd7,0.397465252,-0.299975642,0.722,0.713,1
Samd5,0.397474738,-0.434332609,0.257,0.28,1
Tmem80,0.397725188,-0.125275553,0.695,0.732,1
Sars,0.397768888,0.142561046,0.963,0.945,1
Gm14532,0.39787697,-0.518740849,0.086,0.11,1
Utp15,0.397972338,0.194465892,0.294,0.25,1
Rhoq,0.39800032,0.111522734,0.914,0.945,1
Tmem116,0.398025451,0.746604383,0.07,0.049,1
Atg101,0.398312333,0.152625385,0.658,0.598,1
Lncppara,0.398429816,-0.488327228,0.182,0.207,1
Aspg,0.398506049,0.356323377,0.048,0.03,1
Nanp,0.398513405,-0.430888535,0.203,0.226,1
Smagp,0.398518281,0.149204634,0.064,0.043,1
Gm20939,0.398831538,0.279370478,0.209,0.165,1
Plekha4,0.398933672,-0.55075767,0.214,0.238,1
Adat2,0.398972409,0.160320414,0.251,0.207,1
Fundc2,0.399241464,0.11135271,0.968,0.939,1
A030001D20Rik,0.399389185,0.337503571,0.358,0.305,1
Lgmn,0.399455332,-0.150525414,0.781,0.823,1
Ttc32,0.399456534,0.415763586,0.112,0.085,1
Cfap57,0.399603732,-0.671180774,0.027,0.043,1
Kazald1,0.399603732,-0.672764826,0.027,0.043,1
Alg12,0.399910321,0.827892202,0.128,0.098,1
Cyc1,0.400425897,0.132987904,0.968,0.945,1
Fam181b,0.40043202,0.268379307,0.219,0.177,1
Mrps26,0.400928109,-0.110478523,0.92,0.927,1
Large2,0.401138663,-0.371364668,0.021,0.037,1
Gm15787,0.401138663,-0.562142133,0.021,0.037,1
Slitrk4,0.401138663,-0.213108867,0.021,0.037,1
Tmem47,0.401235296,-0.260858853,0.471,0.463,1
Gm32442,0.401325947,-0.562885572,0.086,0.11,1
Gm14168,0.401480566,-0.695901947,0.027,0.043,1
Fhl4,0.401480566,-0.677178614,0.027,0.043,1
Gdpd5,0.40152054,-0.210023627,0.567,0.579,1
Casp8,0.401989759,-2.317903312,0.032,0.049,1
1700096K18Rik,0.402127315,-0.372077028,0.187,0.213,1
Gm16897,0.402230637,0.249580987,0.123,0.091,1
4930453N24Rik,0.402636102,-0.145948059,0.524,0.549,1
Epha6,0.402805782,0.191913437,0.316,0.274,1
Fuz,0.402976575,-0.392923602,0.187,0.213,1
4930412C18Rik,0.403159199,-0.50350041,0.246,0.262,1
Mcm9,0.403221438,0.219740901,0.193,0.152,1
Sepsecs,0.403289863,-0.410058713,0.182,0.213,1
Mrpl4,0.403303223,0.177948632,0.69,0.598,1
Pard6a,0.403351329,0.183580798,0.529,0.488,1
Meis2,0.403362681,-0.609296492,0.027,0.043,1
Gm11867,0.403362681,-0.643988121,0.027,0.043,1
Ccdc85c,0.403362681,-0.727418151,0.027,0.043,1
Atp4a,0.403738444,0.328504953,0.048,0.03,1
Gm12367,0.403738444,-0.718269603,0.032,0.049,1
Gm47914,0.403738444,-0.884642568,0.032,0.049,1
Fbn1,0.403777888,0.422920357,0.07,0.049,1
Adcy6,0.403850336,-0.517473999,0.064,0.085,1
Ppp1r13l,0.404554095,0.163462695,0.064,0.043,1
Insm2,0.404554095,0.227205375,0.064,0.043,1
Gm765,0.404658789,0.217877557,0.118,0.146,1
Gcnt7,0.404690483,-0.676085914,0.048,0.067,1
Cerk,0.404764294,0.194351189,0.818,0.756,1
Marcksl1,0.404824447,0.478482966,0.139,0.11,1
Ryr2,0.405003452,-0.124667697,0.578,0.573,1
Zcwpw1,0.405218651,-0.135384943,0.155,0.116,1
Prkd2,0.405250071,-0.66120538,0.027,0.043,1
Smtn,0.405250071,-0.678437008,0.027,0.043,1
Sfta2,0.405250071,-0.490977707,0.027,0.043,1
Unc45a,0.405272816,0.200435607,0.545,0.488,1
Epc1,0.405290353,-0.138844923,0.594,0.628,1
Cited4,0.405491676,0.230714511,0.048,0.03,1
Gm47123,0.405491676,0.270805119,0.048,0.03,1
Vcam1,0.405550405,0.782769769,0.032,0.018,1
E130114P18Rik,0.405596029,-0.961428698,0.043,0.061,1
Prdm9,0.405726209,-0.387724161,0.07,0.091,1
Tbccd1,0.405880975,0.332921334,0.273,0.232,1
Malt1,0.405952401,-0.422192594,0.086,0.11,1
Gm38593,0.405990076,-0.206684493,0.176,0.207,1
Stat2,0.406164689,0.109154488,0.754,0.689,1
Cacng3,0.40617192,-0.884919,0.048,0.067,1
Ubr5,0.406210096,-0.101751357,0.872,0.829,1
Reps1,0.406327721,-0.244681534,0.487,0.494,1
Osbpl10,0.406488044,-0.353827632,0.289,0.305,1
B3gntl1,0.406811244,-0.623499091,0.075,0.098,1
Hcn4,0.407078743,0.41244217,0.267,0.232,1
Rbms2,0.407097322,-0.105430129,0.695,0.713,1
Gm15690,0.40714273,-0.575858579,0.027,0.043,1
Myzap,0.40714273,-0.552114293,0.027,0.043,1
Foxj1,0.40723953,0.224084475,0.107,0.079,1
Gfra3,0.407249448,0.460460955,0.048,0.03,1
Rfxank,0.407706736,-0.255038835,0.118,0.146,1
4930455C13Rik,0.407727861,2.247712664,0.032,0.018,1
Aldh1a1,0.407727861,0.710812651,0.032,0.018,1
Pcsk7,0.407778575,0.193682321,0.278,0.232,1
Slc27a3,0.407784669,0.330180945,0.086,0.061,1
Zc3h12c,0.407971685,-0.243495593,0.305,0.244,1
Plgrkt,0.408101074,-0.121224722,0.417,0.36,1
Zc3h11a,0.408205184,-0.895834482,0.037,0.055,1
Tpgs2,0.408253896,0.123318922,0.909,0.896,1
Calu,0.408372677,-0.15122892,0.684,0.646,1
Zfp346,0.408401192,0.205931885,0.273,0.299,1
Sesn1,0.408515302,-0.377595439,0.406,0.427,1
Slc24a3,0.408724348,0.323148796,0.38,0.335,1
1500015A07Rik,0.408852259,0.354228911,0.123,0.091,1
Carmil3,0.408891977,-0.168225958,0.481,0.5,1
Gm45464,0.409011757,0.313218732,0.048,0.03,1
Reep6,0.409011757,-0.10239014,0.048,0.03,1
Gm17178,0.409011757,-0.564898939,0.032,0.049,1
Rbm20,0.409011757,-0.592687329,0.032,0.049,1
BC037704,0.40904065,-0.536917089,0.027,0.043,1
Colgalt2,0.409137544,-0.349987636,0.358,0.366,1
Alpk1,0.409374357,-0.379584888,0.305,0.323,1
Nudt22,0.409608549,-0.433153032,0.102,0.128,1
Sgpl1,0.409709176,-0.174142301,0.396,0.415,1
Git2,0.409732265,-0.17129665,0.679,0.64,1
Stum,0.409860619,-1.238113144,0.037,0.055,1
Gm16833,0.40991227,1.409260764,0.032,0.018,1
Myom1,0.40991227,0.548486845,0.032,0.018,1
Med31,0.40992215,-0.258387237,0.722,0.756,1
Eif5b,0.409925883,0.118907431,0.952,0.939,1
Zfp64,0.409962643,0.138055984,0.38,0.305,1
Ccdc130,0.409992844,0.199428191,0.193,0.152,1
Nsg2,0.410030495,-0.103615619,0.909,0.89,1
Sec31b,0.410420202,0.244500784,0.086,0.061,1
Prx,0.410778595,0.302672492,0.048,0.03,1
Gm48284,0.410778595,0.152604429,0.048,0.03,1
Gm6225,0.410778595,0.440608092,0.048,0.03,1
1700019A02Rik,0.410778595,-0.701511459,0.032,0.049,1
Hmcn2,0.410778595,-0.597153106,0.032,0.049,1
Phtf1os,0.410778595,-0.553811585,0.032,0.049,1
Csnk1g1,0.410783314,-0.136762578,0.797,0.744,1
Nr4a2,0.410898642,0.672149081,0.112,0.085,1
Atg4d,0.41119279,0.16222177,0.449,0.378,1
Cldn12,0.411221235,-0.278093339,0.176,0.207,1
Thoc1,0.411353911,-0.124715766,0.551,0.555,1
Gm16552,0.411476741,-0.361127821,0.021,0.037,1
Cmtm3,0.411476741,-0.244076922,0.021,0.037,1
D330041H03Rik,0.411520038,-1.015776788,0.037,0.055,1
Nup54,0.411576285,-0.247412557,0.353,0.372,1
Ranbp3,0.411734916,-0.118875494,0.396,0.415,1
Adgra1,0.41176806,0.508466002,0.07,0.049,1
Lgr6,0.412103621,0.485497215,0.032,0.018,1
Rassf2,0.412103621,0.464288831,0.032,0.018,1
Plekhf1,0.412103621,0.575000108,0.032,0.018,1
AB124611,0.412103621,0.58585908,0.032,0.018,1
Gm49380,0.412103621,0.493769011,0.032,0.018,1
Gm15345,0.412103621,2.460153765,0.032,0.018,1
Cep78,0.412230482,-0.188169749,0.214,0.171,1
Fem1b,0.412328574,-0.135054844,0.872,0.848,1
Gm13830,0.41249927,0.142589697,0.07,0.049,1
B3gnt5,0.412549959,0.287727987,0.048,0.03,1
Tmem108,0.412561794,-0.670330555,0.053,0.073,1
Naaa,0.412844508,-0.679139938,0.46,0.463,1
Pla2g4b,0.41285225,-1.212662399,0.027,0.043,1
Gm46378,0.41285225,-0.553945042,0.027,0.043,1
Pcdhb14,0.412872119,0.105183796,0.128,0.098,1
Efcab7,0.413183437,-0.669683339,0.037,0.055,1
Rnd1,0.413183437,-0.447262249,0.037,0.055,1
Gm30938,0.413183437,-0.615179117,0.037,0.055,1
Gm16599,0.4132399,-0.414630414,0.08,0.104,1
Ppp1r12b,0.413388137,0.146481418,0.711,0.713,1
Fbl,0.413825215,-0.161169395,0.449,0.439,1
Tnfrsf23,0.414191241,0.293800453,0.139,0.11,1
Ttc29,0.414191241,0.200870073,0.139,0.11,1
Ppic,0.414301905,0.163604728,0.032,0.018,1
Slc6a11,0.414325843,0.307123346,0.048,0.03,1
Ifnlr1,0.414325843,-0.515773532,0.032,0.049,1
Gm45605,0.414325843,-0.59676424,0.032,0.049,1
Tmed10,0.41442766,0.116257646,0.952,0.933,1
Ergic1,0.414470518,0.152879612,0.647,0.622,1
Bora,0.414663475,-0.657548786,0.059,0.079,1
Vcpip1,0.414826271,-0.174105249,0.749,0.756,1
Nanos3,0.414850813,-0.728563738,0.037,0.055,1
Armc9,0.414893241,-0.277431902,0.278,0.299,1
Polg2,0.414896995,-0.520758872,0.144,0.165,1
Zfp691,0.41500478,-0.638307494,0.043,0.061,1
Nrm,0.41500478,-0.516455135,0.043,0.061,1
Spaca6,0.415060955,0.261096297,0.209,0.238,1
Immp2l,0.415178175,-0.350079598,0.583,0.585,1
Ecsit,0.415674566,0.17644848,0.439,0.372,1
Dbr1,0.415721531,-0.609089862,0.064,0.085,1
Syngap1,0.415939885,-0.513332738,0.07,0.091,1
Rab38,0.41610624,0.187772984,0.048,0.03,1
Pkp1,0.41610624,-1.428816094,0.032,0.049,1
Ttc30a1,0.41610624,-0.854017462,0.032,0.049,1
1700064H15Rik,0.41610624,-0.739628127,0.032,0.049,1
Sall4,0.416206995,0.795800373,0.118,0.091,1
Sbf1,0.416235082,-0.240628145,0.754,0.793,1
Lrrc51,0.416392575,0.153791514,0.278,0.232,1
Psd4,0.416522159,-0.563926834,0.037,0.055,1
Hyal3,0.416522159,-0.538183825,0.037,0.055,1
Fstl4,0.416522159,-1.193613995,0.037,0.055,1
Cenpn,0.416585353,-0.620497347,0.043,0.061,1
Tceal7,0.416684814,-0.469101538,0.027,0.043,1
Fam122a,0.41674363,0.121500605,0.647,0.573,1
Cib2,0.416760994,-0.138644984,0.882,0.872,1
Foxo3,0.416840496,-0.203182188,0.535,0.537,1
Gm9936,0.416869172,-0.65693706,0.053,0.073,1
Etfrf1,0.416913389,0.113202561,0.679,0.591,1
Tmem117,0.416925791,-0.256996387,0.519,0.524,1
Comtd1,0.416967598,0.142370106,0.342,0.287,1
Hist2h2aa1,0.417053155,-0.612691212,0.064,0.085,1
Nob1,0.417258122,0.21038396,0.31,0.274,1
Mogs,0.417348512,0.463027373,0.155,0.122,1
Arhgap1,0.417352162,-0.105081894,0.727,0.756,1
Herc6,0.417392626,-0.34853517,0.235,0.262,1
Atad5,0.417426051,-0.488510931,0.059,0.079,1
Colgalt1,0.417527243,-0.175036427,0.717,0.713,1
Gm14412,0.4177813,-0.503034097,0.096,0.122,1
Neat1,0.417959021,0.427654059,0.337,0.299,1
Tmem251,0.41810178,0.206692937,0.353,0.305,1
Ckap2,0.418139537,-0.809020099,0.048,0.067,1
Gm10010,0.418207039,-0.263601393,0.16,0.189,1
Lipa,0.418231889,-0.194571701,0.765,0.756,1
Tmem106a,0.418289407,0.100218668,0.39,0.341,1
Sema3d,0.418310654,-0.516584158,0.053,0.073,1
Arel1,0.418322203,-0.14274058,0.545,0.579,1
Rasgef1a,0.418371097,-0.283322439,0.807,0.793,1
Misp,0.41838729,-0.638985124,0.064,0.085,1
Zfp300,0.41838729,-0.476082587,0.064,0.085,1
Nle1,0.418395082,0.22461309,0.139,0.11,1
Igfbp5,0.418418658,-0.673741492,0.187,0.207,1
Tiam1,0.418516825,-0.597904529,0.07,0.091,1
Uspl1,0.41860478,0.209563946,0.471,0.427,1
Grem2,0.418719224,0.568374386,0.032,0.018,1
Cldn19,0.418719224,0.163099455,0.032,0.018,1
Fank1,0.418719224,0.507380734,0.032,0.018,1
Dnmt3l,0.418719224,0.301484717,0.032,0.018,1
Gm11520,0.418719224,0.158335313,0.032,0.018,1
Baz1a,0.418811397,-0.511895622,0.059,0.079,1
Fancl,0.419102405,0.146817081,0.176,0.14,1
Ppcdc,0.419114131,-0.572142283,0.412,0.415,1
Sik2,0.419157108,-0.560665549,0.289,0.305,1
A730017L22Rik,0.419293285,-0.407596263,0.08,0.104,1
Klhl42,0.419320622,-0.531952508,0.374,0.378,1
Zfp9,0.419409291,-0.443769594,0.487,0.47,1
Hivep3,0.41948385,-0.114802753,0.936,0.896,1
Srsf12,0.419564534,-0.435994411,0.396,0.396,1
Pkmyt1,0.4196176,0.342747385,0.118,0.091,1
Tmem150a,0.419680553,0.192673345,0.048,0.03,1
Tstd3,0.419746027,-0.127947573,0.455,0.39,1
Klrg2,0.419757131,-0.520953286,0.043,0.061,1
Crabp1,0.419808811,0.308635611,0.091,0.067,1
Vasp,0.419960411,0.10705725,0.684,0.652,1
Acp6,0.420021581,-0.645150204,0.086,0.11,1
Nova2,0.420070195,0.136796075,0.283,0.238,1
Shprh,0.420085304,-0.459778886,0.46,0.463,1
Lgalsl,0.420114922,0.142269248,0.674,0.579,1
Gmeb2,0.420378667,-0.231871142,0.342,0.28,1
Enpp4,0.420509256,-0.233678841,0.551,0.524,1
Scrn3,0.420519149,-0.349976752,0.567,0.494,1
Cables1,0.420546772,-0.579224531,0.102,0.128,1
Rasa3,0.420636097,0.108910884,0.203,0.165,1
Neil2,0.420827886,0.116126716,0.144,0.11,1
Acads,0.420839179,0.10170237,0.299,0.244,1
Cry2,0.420876504,-0.194349158,0.738,0.677,1
Lum,0.420938237,0.317331189,0.032,0.018,1
Gm11280,0.420938237,0.311521714,0.032,0.018,1
Pde6a,0.421103139,-0.418973252,0.07,0.091,1
Gm31683,0.421163571,-0.635287128,0.048,0.067,1
Wee1,0.421355545,-0.451896985,0.144,0.171,1
Jakmip3,0.421398006,-0.280898534,0.385,0.421,1
F930017D23Rik,0.421474456,0.184619068,0.048,0.03,1
Gm30122,0.421474456,0.141428104,0.048,0.03,1
Sag,0.421474456,-0.483875739,0.032,0.049,1
Rncr4,0.421474456,-0.571730968,0.032,0.049,1
Pdzd9,0.421474456,-0.263696899,0.032,0.049,1
Nkap,0.421508307,0.16036115,0.679,0.634,1
Ddx49,0.421867901,-0.67519409,0.273,0.287,1
Pxn,0.421900437,0.3049324,0.118,0.091,1
Dync2h1,0.421976008,0.111911365,0.422,0.366,1
Dnajb4,0.422019634,-0.100647753,0.877,0.799,1
Rab33a,0.422042863,0.128374489,0.305,0.262,1
Plk3,0.422142949,0.272720757,0.31,0.268,1
Chd5,0.422169136,-0.113723936,0.882,0.86,1
Eno3,0.422171534,-0.238633009,0.283,0.311,1
Xrcc2,0.422404742,-0.468389649,0.064,0.085,1
Erlin1,0.422587913,0.390416996,0.278,0.238,1
Gm14004,0.422680389,-0.649454098,0.048,0.067,1
Trim65,0.422680389,-0.28443852,0.048,0.067,1
Rmc1,0.42276456,-0.400620237,0.182,0.207,1
Golga4,0.422850459,-0.162397438,0.754,0.787,1
Zc3h12d,0.422943059,-0.531820455,0.043,0.061,1
Megf8,0.423078004,-0.116240062,0.727,0.726,1
Sox17,0.423164138,0.137898501,0.032,0.018,1
Arhgef39,0.423164138,0.236385419,0.032,0.018,1
Gm45732,0.423164138,-0.307134508,0.032,0.018,1
Islr,0.423164138,-0.821580705,0.032,0.018,1
4930426I24Rik,0.423164138,0.182370806,0.032,0.018,1
Gdpd2,0.423164138,0.16433281,0.032,0.018,1
Ptgis,0.423247156,-0.675862842,0.037,0.055,1
Wdr74,0.423322577,0.16195211,0.535,0.476,1
Zbtb1,0.423380425,0.166491728,0.487,0.463,1
Mypop,0.423480921,-0.265340445,0.717,0.695,1
Kctd3,0.423506116,-0.252786546,0.583,0.567,1
Sap18b,0.423748899,0.372770841,0.086,0.061,1
Dnajc25,0.424059215,0.111051898,0.203,0.159,1
Zfp595,0.424379769,-0.513579512,0.059,0.079,1
Sphk2,0.424584437,-0.293802271,0.492,0.506,1
Pik3c2b,0.424938283,-0.500777868,0.037,0.055,1
Grasp,0.424938283,-0.335298405,0.037,0.055,1
Megf9,0.425018562,-0.130096872,0.642,0.634,1
Gm30648,0.425029814,0.24916924,0.144,0.11,1
Iglon5,0.425359602,0.118832261,0.294,0.244,1
Gpnmb,0.425396915,0.154587058,0.032,0.018,1
Gm34655,0.425396915,0.208605031,0.032,0.018,1
5730507C01Rik,0.425396915,0.312007942,0.032,0.018,1
Zfp85os,0.425396915,0.13680057,0.032,0.018,1
Fignl2,0.425723605,-0.800899068,0.048,0.067,1
Setd4,0.426064821,-0.466632268,0.214,0.238,1
6720489N17Rik,0.426067908,0.166511506,0.166,0.128,1
Thap1,0.426136212,-0.559392771,0.342,0.354,1
Gm34121,0.426143103,-0.563994675,0.043,0.061,1
Sowaha,0.426143103,-0.23067452,0.043,0.061,1
Tchp,0.426183528,-0.417773889,0.144,0.171,1
Zfp748,0.426183528,-0.40386909,0.144,0.171,1
Dgke,0.426284963,-0.344632734,0.481,0.482,1
Eda,0.426303815,-0.224267182,0.07,0.091,1
Xab2,0.426310455,0.247528979,0.219,0.177,1
Dhx16,0.426325429,0.564065228,0.176,0.146,1
Slmap,0.426543355,-0.238362577,0.781,0.756,1
Reln,0.426633352,-0.633337926,0.037,0.055,1
Oas1a,0.426633352,-0.614823121,0.037,0.055,1
Nudt1,0.426652434,-0.401841552,0.348,0.293,1
Trappc13,0.426761736,-0.129134353,0.84,0.823,1
Ifit1bl2,0.426771483,0.404649603,0.096,0.073,1
Slc9b2,0.426883082,-0.383686279,0.032,0.049,1
Slc35f4,0.427162295,-0.505912452,0.086,0.11,1
Gm50431,0.427180108,-0.444463829,0.059,0.079,1
Tube1,0.427204671,-0.358013776,0.091,0.116,1
1700093J21Rik,0.427280532,0.504893701,0.07,0.049,1
Pdcd2l,0.427280874,-0.562940033,0.267,0.293,1
Pgap2,0.42733351,-0.28380971,0.422,0.433,1
Gpbp1l1,0.427502828,-0.210457607,0.481,0.494,1
Gm15609,0.427723376,0.312541008,0.176,0.14,1
Gm5106,0.427748407,-0.644641181,0.043,0.061,1
Prr36,0.427748407,-0.57961504,0.043,0.061,1
Uri1,0.427929822,-0.233742531,0.786,0.799,1
Wdr60,0.428316845,-0.525283732,0.326,0.335,1
Srrm4os,0.428332356,-0.657524494,0.037,0.055,1
Gm9801,0.428399734,-0.187198704,0.128,0.159,1
A430010J10Rik,0.428584305,-0.448651092,0.059,0.079,1
Lrrc45,0.428611902,-0.303209707,0.171,0.195,1
Gpkow,0.429059957,-0.249595573,0.46,0.482,1
Cep170b,0.429766231,-0.146829535,0.904,0.89,1
Fgfrl1,0.429883047,0.287759256,0.032,0.018,1
4932412D23Rik,0.429883047,0.430749138,0.032,0.018,1
Ap3b1,0.4298887,-0.25848906,0.594,0.555,1
Rtl8c,0.429949416,-0.507216698,0.053,0.073,1
Cyyr1,0.43003529,1.871448121,0.053,0.037,1
P2ry12,0.430094196,0.522075256,0.075,0.055,1
Slc5a6,0.430165121,-0.306043545,0.289,0.299,1
Mxra8,0.43026277,-0.304749182,0.134,0.159,1
1520401A03Rik,0.430273386,0.456880753,0.07,0.049,1
Npffr1,0.430312327,-0.497123807,0.048,0.067,1
Fam229b,0.430391596,-0.116014986,0.556,0.585,1
Tpd52l1,0.430507118,-0.653031484,0.064,0.085,1
Vwc2l,0.430511198,-0.309059166,0.032,0.049,1
Mansc1,0.430511198,-0.534468723,0.032,0.049,1
Strn3,0.430824528,-0.142007987,0.898,0.854,1
Nup155,0.431101741,-0.339531563,0.316,0.329,1
Kcnd1,0.431106005,-0.12667843,0.588,0.555,1
Adamtsl1,0.431417345,-0.568396737,0.053,0.073,1
Prdm8,0.43174215,-0.414598192,0.037,0.055,1
Nop58,0.431840669,-0.21677742,0.615,0.585,1
Cand1,0.431856824,-0.175825351,0.866,0.854,1
A330040F15Rik,0.431961696,-0.237783178,0.086,0.11,1
Knop1,0.431978771,0.183291516,0.444,0.372,1
Adamts4,0.432136377,-0.69173978,0.032,0.018,1
Ada,0.432223535,-0.198277419,0.027,0.043,1
Zfp575,0.432315687,0.248843768,0.449,0.415,1
Tnfaip8l3,0.432422786,0.206510102,0.476,0.439,1
Aard,0.432437009,-0.509481086,0.262,0.28,1
Gm19522,0.432888176,-0.399367274,0.053,0.073,1
Nudt10,0.433407964,0.382827124,0.503,0.433,1
Bend7,0.433553107,-0.165386635,0.251,0.274,1
4930581F22Rik,0.433975052,-0.484302674,0.144,0.171,1
Mllt10,0.43397751,-0.119316953,0.69,0.701,1
Wrap73,0.434192487,-0.464452071,0.219,0.244,1
Abcc6,0.434204734,0.283897954,0.043,0.061,1
Nek11,0.434204734,-0.472829129,0.043,0.061,1
E2f4,0.434358111,0.208633485,0.353,0.311,1
Lmod1,0.434585551,0.487337174,0.118,0.091,1
Ankrd27,0.434607364,0.296877188,0.663,0.591,1
Inpp5a,0.435135383,-0.33649698,0.273,0.293,1
Nat8f1,0.435155619,-0.273631301,0.251,0.274,1
Cd27,0.435167621,-0.649915035,0.037,0.055,1
Zfp358,0.435467092,0.160196271,0.358,0.305,1
Gabrr3,0.435494586,0.253741543,0.091,0.067,1
Mfsd9,0.435526306,-0.241085136,0.31,0.25,1
Baz2b,0.435607272,-0.149294748,0.77,0.738,1
Gm5617,0.4356252,-0.473911479,0.353,0.348,1
Mfsd10,0.435780864,0.77119489,0.262,0.22,1
Sv2b,0.43582757,-0.655534666,0.043,0.061,1
Frrs1l,0.435891109,-0.328262725,0.439,0.439,1
Epha5,0.435933302,0.142062723,0.904,0.884,1
Iars,0.435956936,0.230806243,0.727,0.683,1
Vps37a,0.436128395,-0.1201242,0.733,0.683,1
Mrpl47,0.436131673,0.284949554,0.273,0.232,1
Gm49064,0.436160017,-0.366296371,0.027,0.043,1
Arid3b,0.43641841,-0.388009019,0.15,0.177,1
Zmynd15,0.436886221,0.603313802,0.053,0.037,1
Fam107b,0.43697219,-0.164280531,0.551,0.555,1
Zfp830,0.437305221,0.192943982,0.182,0.146,1
Esyt3,0.437312018,0.275852103,0.075,0.055,1
Plekha7,0.437453897,-0.417547903,0.043,0.061,1
Gm34961,0.437453897,-0.443257321,0.043,0.061,1
Pou6f1,0.437472016,0.161222662,0.519,0.451,1
Ifitm10,0.437680306,0.110590953,0.54,0.457,1
Zfp945,0.437806274,0.115650411,0.497,0.433,1
D030028A08Rik,0.437808542,0.279227038,0.07,0.049,1
Aggf1,0.437810543,-0.196530093,0.588,0.585,1
Ppp1r9a,0.437812998,0.12601218,0.572,0.506,1
Reep4,0.437869018,0.285764513,0.144,0.116,1
Crhr2,0.438124511,-0.130823757,0.706,0.695,1
Mitd1,0.43812765,-0.168953424,0.433,0.47,1
Sgk1,0.438141365,-0.705762443,0.07,0.091,1
Yipf3,0.438250303,-0.154689008,0.594,0.61,1
Cdc42bpb,0.438639901,-0.133041445,0.695,0.683,1
Car2,0.438675665,-0.401030973,0.321,0.341,1
Epb41l4a,0.438698971,0.108365883,0.086,0.061,1
Dhx40,0.438781712,0.171514633,0.695,0.659,1
Micall2,0.43880044,-0.35024594,0.053,0.073,1
Dus4l,0.439074035,-0.225642242,0.134,0.165,1
Zfp869,0.439240956,-0.374422019,0.364,0.378,1
Tma16,0.439493083,-0.330949895,0.476,0.421,1
Riok2,0.439519062,-0.483535835,0.31,0.329,1
Surf2,0.439538804,0.199760726,0.615,0.585,1
Ldhb,0.439623715,0.30458155,0.717,0.64,1
Sf3b4,0.439696607,-0.14747035,0.561,0.573,1
Eci1,0.440064059,0.121551313,0.476,0.402,1
Nudt17,0.44018142,0.327477179,0.401,0.372,1
E530011L22Rik,0.440261048,-0.402602702,0.08,0.104,1
Neurl1b,0.440261048,0.344572516,0.102,0.079,1
Phkg1,0.440335124,-0.260084312,0.037,0.055,1
Gm30624,0.440335124,-0.413482232,0.037,0.055,1
Gm9866,0.440335124,0.551155999,0.053,0.037,1
Med27,0.440549975,-0.247706187,0.439,0.476,1
Znrd1,0.440825206,0.313487036,0.647,0.573,1
D030056L22Rik,0.440967086,-0.288215745,0.583,0.579,1
Ccdc43,0.440994616,0.167392237,0.706,0.628,1
Rbbp5,0.441026882,-0.137405035,0.294,0.317,1
Dph7,0.441398939,-0.303148887,0.166,0.195,1
Myadm,0.441414926,-0.179271538,0.695,0.671,1
Etfdh,0.441419824,-0.369839478,0.283,0.293,1
Cse1l,0.441429028,-0.211160669,0.668,0.683,1
Dym,0.441493447,0.108941615,0.738,0.677,1
Snapc3,0.441659504,-0.324172149,0.487,0.5,1
Tec,0.442065414,-0.329097291,0.037,0.055,1
R74862,0.442109352,0.530406472,0.096,0.073,1
Leo1,0.442128176,-0.128727551,0.348,0.299,1
Casp12,0.442194023,0.243009141,0.251,0.213,1
Cdk15,0.442239541,-0.144555226,0.417,0.409,1
Thap3,0.442716065,-0.175411835,0.503,0.451,1
Ica1l,0.442769435,-0.221489509,0.615,0.604,1
Gen1,0.44277323,-0.503828106,0.059,0.079,1
Sipa1l3,0.442881086,-0.258279372,0.316,0.335,1
Rpl9-ps6,0.443094232,-0.235554066,0.337,0.341,1
Ptrh1,0.443351946,0.188269474,0.406,0.348,1
Wdr36,0.443712206,-0.21591808,0.348,0.366,1
Krt10,0.443788819,-0.184056107,0.556,0.567,1
Enho,0.443951429,0.101507318,0.941,0.933,1
Asns,0.444230135,0.113303161,0.684,0.628,1
Hmces,0.444735432,0.148347288,0.246,0.201,1
Lrrc8c,0.444798788,-0.234849075,0.679,0.695,1
Nsun6,0.445234502,-0.248241522,0.439,0.445,1
Stard5,0.445283454,-0.526949234,0.193,0.213,1
Thsd1,0.445320454,-0.170244635,0.086,0.11,1
Bag6,0.44544629,0.222676044,0.738,0.72,1
Stpg1,0.445578942,-0.172224413,0.219,0.25,1
Cdc7,0.445642908,-0.468401691,0.059,0.079,1
Srek1ip1,0.445982668,0.187632544,0.567,0.494,1
Gm49700,0.446136977,-0.854873783,0.091,0.067,1
Eaf2,0.446181587,-0.469210509,0.107,0.128,1
Ldlrad4,0.446302079,-0.278030333,0.636,0.591,1
Zfp940,0.446372655,0.220879254,0.112,0.085,1
Cdkl3,0.446612628,-0.371843718,0.39,0.384,1
Armc5,0.446614857,-0.295282556,0.348,0.378,1
Zfp212,0.446725917,-0.695267705,0.246,0.274,1
Adamts9,0.446880874,-0.219968796,0.15,0.116,1
Rhog,0.446896217,0.199330068,0.513,0.457,1
Hoga1,0.447279568,-0.208644863,0.037,0.055,1
Hba-a2,0.447381324,-0.414938589,0.048,0.067,1
6330562C20Rik,0.447839307,-0.438708173,0.187,0.207,1
Uggt1,0.447853562,-0.234100764,0.594,0.573,1
Orc5,0.447940788,-0.213408634,0.332,0.348,1
Stradb,0.447969373,0.197780749,0.262,0.213,1
Ppp1r35,0.44806276,0.275301929,0.54,0.585,1
Myh14,0.448168747,0.181175382,0.759,0.732,1
Gm34552,0.448210318,-0.761352246,0.134,0.165,1
Zfp385a,0.448311314,0.333144581,0.23,0.195,1
Zfp445,0.448847509,-0.266429119,0.62,0.622,1
Clrn1,0.44902536,0.123975933,0.053,0.037,1
Tesk2,0.449041067,-0.408407921,0.241,0.262,1
Kctd21,0.449066648,0.343156233,0.102,0.079,1
Atg2b,0.449084265,-0.382968089,0.289,0.305,1
Ubc,0.449359766,0.140893336,0.989,0.982,1
Mboat7,0.449529631,-0.24910746,0.422,0.439,1
Lrrc73,0.449646046,0.386395428,0.316,0.287,1
Paox,0.449779365,-0.301814134,0.182,0.207,1
Cdipt,0.449987364,0.115634038,0.979,0.963,1
Dnajb11,0.450010825,-0.271367156,0.513,0.506,1
Ksr1,0.45007752,-0.169423378,0.273,0.305,1
Prkch,0.450478263,0.454242883,0.075,0.055,1
Zfp286,0.450515342,-0.353005586,0.203,0.226,1
D430041D05Rik,0.450525624,-0.362354233,0.048,0.067,1
4933412E12Rik,0.451044504,0.137889417,0.118,0.091,1
Slc35a1,0.451071201,-0.369151282,0.257,0.274,1
D730045B01Rik,0.451200205,0.451550801,0.096,0.073,1
Socs2,0.451222545,0.125031159,0.947,0.945,1
Gfer,0.451400299,0.145405835,0.513,0.451,1
Gm16835,0.4514728,-0.81981816,0.08,0.098,1
Ap4e1,0.451639987,-0.149483378,0.251,0.293,1
Gm48249,0.452091949,-0.421388909,0.091,0.116,1
Dock10,0.452228071,0.266883684,0.364,0.384,1
Tulp3,0.452242257,-0.271552417,0.487,0.47,1
H2-M3,0.452387256,-0.126664897,0.118,0.14,1
Selenos,0.452603985,-0.188477,0.652,0.665,1
Tmem259,0.452829944,-0.127643946,0.599,0.579,1
Dpp7,0.453200846,-0.520420083,0.15,0.171,1
Arhgef4,0.453406395,0.157078374,0.636,0.604,1
B930036N10Rik,0.453782376,-0.391779596,0.053,0.073,1
Chfr,0.453790863,-0.354114825,0.487,0.482,1
Heatr3,0.453895006,-0.240241832,0.428,0.451,1
Swt1,0.454011741,-0.221051233,0.545,0.555,1
Mterf2,0.454207035,-0.343742928,0.31,0.323,1
Ssna1,0.454276408,0.10475258,0.92,0.902,1
Trpc4ap,0.454769319,-0.134356176,0.797,0.823,1
Uvrag,0.455015967,-0.203885883,0.567,0.555,1
Gfra2,0.455045321,0.555565372,0.144,0.116,1
Tspyl5,0.455193008,0.466988651,0.433,0.384,1
Ifit3b,0.455265457,-0.819329328,0.048,0.067,1
Abcg4,0.455307635,-0.164034532,0.369,0.39,1
1600014C10Rik,0.455477499,-0.224416038,0.54,0.549,1
Tnip2,0.455523265,0.171406585,0.176,0.146,1
Plk2,0.455540713,0.221162692,0.182,0.152,1
Ap1s3,0.45565395,-0.214543022,0.219,0.183,1
Uck2,0.455878428,0.184299711,0.503,0.482,1
Prrt3,0.455895579,-0.162974923,0.294,0.311,1
C1qtnf4,0.456440409,-0.37112897,0.545,0.561,1
Gm16278,0.456442111,0.419446683,0.096,0.073,1
Fam72a,0.456751935,-0.23340906,0.086,0.061,1
Gm49602,0.457056313,-0.323366214,0.123,0.146,1
Egr2,0.457218721,0.292704747,0.144,0.116,1
Ddc,0.457240372,0.700446908,0.043,0.061,1
C78859,0.457291581,-0.135167696,0.824,0.854,1
Spg7,0.457443212,0.158029113,0.572,0.53,1
Homer2,0.457533773,0.126346869,0.588,0.549,1
Setbp1,0.457725233,0.132319663,0.401,0.341,1
Gm16794,0.458157706,-0.376456809,0.064,0.085,1
Trim39,0.458165365,-0.110762854,0.209,0.232,1
Hsf1,0.458176818,-0.238770853,0.374,0.402,1
Appl2,0.458431459,-0.509618028,0.337,0.335,1
Zmiz1os1,0.45844088,-0.360213081,0.048,0.067,1
Rapgef1,0.458532554,-0.194831844,0.578,0.561,1
Rgs20,0.45863497,0.383771464,0.123,0.098,1
Rab26,0.459580942,0.231430069,0.053,0.037,1
Ncbp2,0.459593953,0.237011036,0.824,0.768,1
1700030K09Rik,0.4598587,0.169909186,0.171,0.14,1
Pcsk2os1,0.459916591,-0.403181119,0.449,0.445,1
4930419G24Rik,0.459954832,0.416553638,0.08,0.061,1
Prpf31,0.460174774,0.166828055,0.561,0.506,1
Ddost,0.460653569,-0.163687159,0.465,0.482,1
Gm49797,0.460702041,-0.173971117,0.342,0.378,1
Kdm7a,0.460850174,-0.205451506,0.54,0.53,1
2010320M18Rik,0.461088818,-0.103331528,0.572,0.555,1
Zfp991,0.461495023,0.191028325,0.176,0.146,1
Ppfia1,0.461521393,-0.182918027,0.524,0.518,1
Rel,0.46157309,0.240942226,0.257,0.22,1
Zfp428,0.461958608,-0.129145337,0.845,0.78,1
Ankrd52,0.462184541,0.165967777,0.749,0.659,1
Zfp53,0.462222092,0.178244873,0.193,0.159,1
Tmed1,0.462571029,-0.249107347,0.257,0.274,1
Ercc4,0.462984344,-0.406780474,0.294,0.311,1
Pcdhga12,0.463130104,0.260817603,0.053,0.037,1
Ppm1g,0.463202083,0.11817379,0.679,0.598,1
Kiss1r,0.463274141,-1.111583336,0.241,0.262,1
Hemk1,0.46402361,0.191210415,0.187,0.152,1
Klf8,0.464250039,-0.187371885,0.508,0.5,1
Vash1,0.464372419,0.546546267,0.267,0.226,1
Hist1h1e,0.464384541,0.260018155,0.326,0.28,1
Uap1l1,0.464636539,-0.202997208,0.123,0.146,1
Fam71e1,0.464852955,0.396120502,0.31,0.262,1
Mknk2,0.464853688,0.158899941,0.401,0.354,1
Usf1,0.465134225,-0.31888172,0.289,0.311,1
B230110C06Rik,0.465550231,0.141147941,0.246,0.207,1
L2hgdh,0.465697302,0.23971668,0.096,0.073,1
Zfp770,0.465811704,-0.324778337,0.241,0.262,1
Cdh1,0.465845007,-0.133476804,0.209,0.165,1
Igf2r,0.465845007,-0.386051678,0.176,0.201,1
Tmem181a,0.465945327,-0.400772289,0.348,0.372,1
Bri3bp,0.466097331,0.107532451,0.551,0.494,1
4833420G17Rik,0.466295382,-0.387147521,0.455,0.488,1
Syne2,0.46635325,-0.13374997,0.294,0.244,1
Phka1,0.46636244,-0.138567229,0.465,0.47,1
Ift52,0.466493819,0.352819785,0.556,0.524,1
Mbtd1,0.466548715,-0.349130673,0.433,0.433,1
Pstpip2,0.466638756,-0.546345004,0.096,0.116,1
Cdc25a,0.466659272,0.231960155,0.273,0.226,1
Tram2,0.466694492,0.250036682,0.053,0.037,1
Gm26879,0.466694492,0.209580715,0.053,0.037,1
Clcn6,0.466781656,-0.166604284,0.818,0.841,1
Adnp,0.46678824,-0.109579711,0.92,0.909,1
Chmp7,0.466861812,0.130950398,0.583,0.518,1
2500002B13Rik,0.466877308,-0.38934762,0.102,0.122,1
Pgap3,0.46697421,0.338130602,0.102,0.079,1
Clstn2,0.466997133,0.193207498,0.503,0.457,1
Tmem69,0.467070834,0.269206463,0.144,0.116,1
Smc3,0.467476434,-0.135138526,0.722,0.744,1
Mtrf1,0.467653199,-0.485850872,0.144,0.165,1
Prdm2,0.467844795,-0.157648623,0.711,0.744,1
Xkr8,0.467859932,-0.24999702,0.07,0.091,1
Plekhm3,0.467878982,0.174306713,0.963,0.951,1
Zfp605,0.467942679,-0.285976062,0.364,0.372,1
Wdr73,0.468004323,0.111586551,0.294,0.244,1
2310001H17Rik,0.468320554,-0.436903111,0.203,0.22,1
Mkks,0.468368027,0.387495546,0.326,0.348,1
Cnksr3,0.468482378,0.16594402,0.053,0.037,1
Rcn3,0.46861527,0.662377033,0.08,0.061,1
Stambpl1,0.468647242,0.133691097,0.642,0.585,1
Arfgef1,0.468908042,0.187315511,0.893,0.89,1
Zfp84,0.468984953,0.956106119,0.198,0.159,1
Kctd20,0.469046448,0.205627548,0.813,0.701,1
Rab1a,0.46918495,0.126734266,0.979,0.963,1
Myg1,0.46923216,0.269035798,0.481,0.445,1
Rnf227,0.469429468,-0.254803711,0.508,0.512,1
N4bp2l1,0.469691316,-0.357623868,0.289,0.305,1
3110083C13Rik,0.469697107,-0.665762589,0.08,0.098,1
Dnajc30,0.469713674,-0.124722965,0.663,0.646,1
Sec23b,0.469782519,-0.17576133,0.594,0.598,1
Hccs,0.470087539,-0.100975627,0.604,0.604,1
Pygl,0.470136308,-0.18586651,0.198,0.226,1
Gm28981,0.470274049,0.166407155,0.053,0.037,1
Plcb1,0.470285575,-0.532694131,0.246,0.268,1
1700048O20Rik,0.470359173,-0.389691749,0.091,0.116,1
Tmem201,0.470842957,-0.283065733,0.267,0.287,1
Nap1l4,0.470932902,-0.233757625,0.904,0.902,1
Wdr33,0.471148588,-0.129178973,0.717,0.726,1
Med6,0.471292744,-0.409303001,0.353,0.36,1
Mcm2,0.471522013,0.380262372,0.08,0.061,1
Abcb1b,0.471602476,-0.425800729,0.283,0.299,1
Pabpc1l,0.471982975,-0.384857546,0.209,0.226,1
Gm11638,0.47228282,-0.373395499,0.118,0.14,1
Strip2,0.472292685,0.156466465,0.214,0.177,1
Unc79,0.472482306,-0.104795435,0.69,0.744,1
Mipep,0.472566552,-0.821743514,0.235,0.25,1
Gcc1,0.472598498,0.105841139,0.246,0.207,1
2410004B18Rik,0.472628959,-0.234743763,0.791,0.787,1
Atg10,0.472832401,-0.238954638,0.754,0.744,1
Klhl36,0.472913084,0.260176711,0.075,0.055,1
Osbpl1a,0.47313659,-0.118774285,0.492,0.494,1
Srbd1,0.473179801,-0.455350341,0.235,0.256,1
Nmd3,0.473225272,-0.152715028,0.38,0.384,1
Gm10602,0.473301346,-0.310019034,0.209,0.232,1
Ubtf,0.473455306,-0.147147015,0.69,0.707,1
Acat1,0.474088559,-0.218498523,0.866,0.805,1
Eif2b5,0.474348417,-0.188443859,0.658,0.604,1
Cct4,0.474407465,0.129751266,0.898,0.878,1
B3gnt9,0.474438671,0.343730974,0.08,0.061,1
4930563E22Rik,0.474691235,-0.319344555,0.283,0.305,1
Atf6b,0.474710406,0.321744255,0.342,0.372,1
2610307P16Rik,0.474711272,-0.523661088,0.091,0.11,1
Mnd1,0.475055827,0.222503402,0.096,0.073,1
Casc4,0.475169726,0.117840396,0.706,0.659,1
Kdm2a,0.475308255,-0.175832706,0.781,0.78,1
Tead1,0.47549075,-0.291211081,0.61,0.585,1
Moxd1,0.475741988,-0.209698639,0.599,0.622,1
Gpm6a,0.47581121,0.434381503,0.059,0.043,1
Pitpnb,0.476377159,0.106249564,0.754,0.695,1
Repin1,0.476381993,-0.417212658,0.096,0.116,1
Slc3a1,0.476396902,0.125042424,0.123,0.098,1
Hdac7,0.477460211,-0.9093516,0.15,0.171,1
Sfxn4,0.47775512,0.36775812,0.235,0.268,1
Bmp2k,0.478004709,0.121993658,0.209,0.171,1
Ifit3,0.478091397,-0.507529265,0.064,0.085,1
Txnl4b,0.478283181,-0.201279494,0.342,0.36,1
Mllt1,0.47836578,0.146489286,0.262,0.226,1
Nt5dc2,0.478664934,0.179567579,0.31,0.262,1
Klhdc4,0.479225222,-0.346481347,0.209,0.226,1
Sphk1,0.479345572,0.567877465,0.037,0.024,1
Lin54,0.479761348,0.207362225,0.321,0.28,1
Gm28198,0.479849818,-0.616676744,0.214,0.238,1
Gng7,0.480011975,-0.33439559,0.225,0.25,1
Arsa,0.480043548,-0.199478533,0.412,0.427,1
Nqo2,0.480154243,0.420531593,0.749,0.707,1
C130046K22Rik,0.480525788,0.173875818,0.075,0.055,1
Tank,0.480639796,-0.267206872,0.449,0.476,1
Cep63,0.480714206,-0.222156976,0.417,0.415,1
Matn2,0.48081673,0.123746517,0.738,0.72,1
Fnbp4,0.480883,-0.379485137,0.374,0.384,1
Znhit2,0.480966133,-0.134094455,0.759,0.75,1
Gm14597,0.481277649,-0.330959444,0.118,0.14,1
Tug1,0.481353087,0.242789289,0.775,0.701,1
Stk25,0.48180946,-0.181018897,0.856,0.841,1
Aga,0.482224798,-0.380817749,0.134,0.159,1
Chgb,0.482250825,-0.313056004,0.455,0.451,1
Btf3l4,0.482470565,-0.129674688,0.508,0.494,1
Tbc1d22a,0.482496568,-0.171506875,0.551,0.549,1
Nol9,0.4825041,-0.154225133,0.102,0.128,1
Vps13d,0.482816734,-0.197173109,0.829,0.799,1
Wdsub1,0.483115392,-0.112066592,0.535,0.518,1
Saxo2,0.483133091,-0.185839123,0.369,0.402,1
Cwc22,0.483239947,-0.681573209,0.209,0.232,1
A430105J06Rik,0.483247812,0.145358344,0.08,0.061,1
Gm45447,0.483528163,0.111064222,0.112,0.085,1
Cyb5rl,0.483696709,0.512576737,0.037,0.024,1
Grwd1,0.483883408,-0.205119789,0.225,0.189,1
Brca2,0.483951323,0.243153815,0.102,0.079,1
Ltn1,0.484006387,-0.213318833,0.631,0.61,1
Selenoo,0.484247713,0.234668499,0.396,0.348,1
Ubash3a,0.48438728,0.657994998,0.043,0.061,1
Arfip2,0.484690737,-0.141452449,0.636,0.634,1
Usb1,0.484813027,0.121213052,0.123,0.098,1
Xpnpep1,0.484923978,-0.283816258,0.572,0.567,1
Tbc1d5,0.485033948,-0.20348728,0.701,0.64,1
Arid4a,0.485103675,-0.159975919,0.642,0.622,1
Pdhx,0.485179598,0.134908951,0.476,0.421,1
Irf9,0.485281784,-0.294653553,0.465,0.384,1
Mcm3,0.485415034,-0.596457837,0.005,0.012,1
Gm26788,0.485415034,-0.718199036,0.005,0.012,1
Cd55b,0.485415034,-0.593221024,0.005,0.012,1
Tex35,0.485415034,-0.447149945,0.005,0.012,1
Gm37083,0.485415034,-0.519082493,0.005,0.012,1
Rbm8a2,0.485415034,-0.808806559,0.005,0.012,1
1700016C15Rik,0.485415034,-0.492889858,0.005,0.012,1
Gm37986,0.485415034,-0.614075544,0.005,0.012,1
Nek2,0.485415034,-0.531925739,0.005,0.012,1
Hoxd1,0.485415034,-0.661235342,0.005,0.012,1
Gm13780,0.485415034,-1.217638395,0.005,0.012,1
D630003M21Rik,0.485415034,-0.568515331,0.005,0.012,1
Eya2,0.485415034,-0.808711129,0.005,0.012,1
Zfp831,0.485415034,-0.584734416,0.005,0.012,1
Vmn2r7,0.485415034,-0.503849933,0.005,0.012,1
Gm31305,0.485415034,-0.434364122,0.005,0.012,1
Gm27008,0.485415034,-1.262492898,0.005,0.012,1
Henmt1,0.485415034,-0.519650089,0.005,0.012,1
Gm43569,0.485415034,-0.453962624,0.005,0.012,1
6330410L21Rik,0.485415034,-0.601605816,0.005,0.012,1
Lrrc7,0.485415034,-0.581099306,0.005,0.012,1
Plppr1,0.485415034,-0.927206745,0.005,0.012,1
Gm12676,0.485415034,-0.514151824,0.005,0.012,1
1700047F07Rik,0.485415034,-1.646479434,0.005,0.012,1
Gm13075,0.485415034,-0.55914994,0.005,0.012,1
Sh3bp2,0.485415034,-0.643670189,0.005,0.012,1
4930432L08Rik,0.485415034,-0.58568331,0.005,0.012,1
Upk3bl,0.485415034,-0.553828475,0.005,0.012,1
Gm13849,0.485415034,-0.729892593,0.005,0.012,1
Tmem139,0.485415034,-0.739492276,0.005,0.012,1
Gm44284,0.485415034,-0.531551608,0.005,0.012,1
Gm29430,0.485415034,-1.209028124,0.005,0.012,1
A530053G22Rik,0.485415034,-0.525545219,0.005,0.012,1
Il12rb2,0.485415034,-0.569949684,0.005,0.012,1
Gm9008,0.485415034,-0.626722965,0.005,0.012,1
Gata2,0.485415034,-0.95435796,0.005,0.012,1
Mkrn2os,0.485415034,-1.203768829,0.005,0.012,1
Ntf3,0.485415034,-0.559971599,0.005,0.012,1
Platr31,0.485415034,-0.529917073,0.005,0.012,1
BC049715,0.485415034,-0.63548744,0.005,0.012,1
Nlrp4c,0.485415034,-0.996190566,0.005,0.012,1
Sult2a2,0.485415034,-2.980328774,0.005,0.012,1
Gm12762,0.485415034,-0.557131143,0.005,0.012,1
Gm44812,0.485415034,-0.643430436,0.005,0.012,1
Gm38405,0.485415034,-0.607053252,0.005,0.012,1
Gm14372,0.485415034,-0.625002112,0.005,0.012,1
Tpte,0.485415034,-0.632386306,0.005,0.012,1
Gm27167,0.485415034,-0.580565645,0.005,0.012,1
Glb1l2,0.485415034,-0.680205868,0.005,0.012,1
Barx2,0.485415034,-0.690889253,0.005,0.012,1
Gm16096,0.485415034,-1.057080857,0.005,0.012,1
Bco2,0.485415034,-0.83956775,0.005,0.012,1
1700065D16Rik,0.485415034,-0.707779861,0.005,0.012,1
Gm29521,0.485415034,-0.564681511,0.005,0.012,1
Gpr62,0.485415034,-0.51157853,0.005,0.012,1
Lsmem2,0.485415034,-0.77736339,0.005,0.012,1
Gm47771,0.485415034,-0.584880152,0.005,0.012,1
Mypn,0.485415034,-0.66441174,0.005,0.012,1
Cabcoco1,0.485415034,-0.647270435,0.005,0.012,1
Gm33782,0.485415034,-0.714403367,0.005,0.012,1
Rdh16,0.485415034,-0.596329652,0.005,0.012,1
Vmn2r86,0.485415034,-0.862861696,0.005,0.012,1
A730071L15Rik,0.485415034,-0.584863745,0.005,0.012,1
Sox30,0.485415034,-0.585804876,0.005,0.012,1
Tgtp2,0.485415034,-0.55994175,0.005,0.012,1
Aloxe3,0.485415034,-0.772489714,0.005,0.012,1
Slc13a5,0.485415034,-0.599832008,0.005,0.012,1
4931413K12Rik,0.485415034,-0.55249497,0.005,0.012,1
Krt27,0.485415034,-0.671994915,0.005,0.012,1
Cd300a,0.485415034,-0.668026057,0.005,0.012,1
Gm31938,0.485415034,-0.721273903,0.005,0.012,1
Fam228a,0.485415034,-0.476426592,0.005,0.012,1
Gm49957,0.485415034,-0.647757263,0.005,0.012,1
Lrrc9,0.485415034,-0.666185651,0.005,0.012,1
Tshr,0.485415034,-0.623355775,0.005,0.012,1
Gm47439,0.485415034,-0.732336361,0.005,0.012,1
Gm34081,0.485415034,-0.591410193,0.005,0.012,1
Hist1h3f,0.485415034,-0.615855414,0.005,0.012,1
5033403F01Rik,0.485415034,-0.619347702,0.005,0.012,1
Gm34466,0.485415034,-0.713564561,0.005,0.012,1
Gm8739,0.485415034,-0.514677864,0.005,0.012,1
Mxd3,0.485415034,-0.697189833,0.005,0.012,1
Cmya5,0.485415034,-0.521641387,0.005,0.012,1
Gm49189,0.485415034,-0.632337459,0.005,0.012,1
Nrl,0.485415034,-0.642198306,0.005,0.012,1
Gm17058,0.485415034,-0.503669123,0.005,0.012,1
Teddm3,0.485415034,-0.559703137,0.005,0.012,1
2010106G04Rik,0.485415034,-0.667824554,0.005,0.012,1
Adgrf4,0.485415034,-0.642311645,0.005,0.012,1
Gm20219,0.485415034,-0.664537219,0.005,0.012,1
4930405O22Rik,0.485415034,-0.673487014,0.005,0.012,1
Mir133a-1hg,0.485415034,-1.01124734,0.005,0.012,1
Gm16090,0.485415034,-0.46532498,0.005,0.012,1
Gm10549,0.485415034,-0.77735708,0.005,0.012,1
Gm29417,0.485415034,-0.779820054,0.005,0.012,1
Slc14a2,0.485415034,-0.594174144,0.005,0.012,1
C330002G04Rik,0.485415034,-0.520823331,0.005,0.012,1
Dock8,0.485415034,-0.629159969,0.005,0.012,1
Gm14862,0.485415034,-0.597216988,0.005,0.012,1
Xlr4c,0.485415034,-0.520100576,0.005,0.012,1
Awat2,0.485415034,-0.468996386,0.005,0.012,1
Amelx,0.485415034,-0.575887537,0.005,0.012,1
Rims4,0.485447421,-0.303970682,0.134,0.159,1
Cep85,0.485551721,-0.406074589,0.385,0.39,1
Nelfb,0.485642593,-0.112875603,0.604,0.646,1
Arl16,0.48583845,0.156269111,0.572,0.549,1
Tead2,0.485880287,0.338612164,0.037,0.024,1
Traip,0.485880287,-0.408701023,0.037,0.024,1
B230307C23Rik,0.485962375,0.174740786,0.305,0.256,1
Gm13470,0.48597092,-0.162583467,0.374,0.39,1
Tonsl,0.486021873,-0.390250657,0.102,0.122,1
Sync,0.486356081,-0.208292701,0.353,0.372,1
Pde1a,0.486409544,0.175850201,0.182,0.152,1
Znrf1,0.486936278,-0.130100755,0.765,0.744,1
Hsd17b14,0.48706958,-0.251516417,0.171,0.189,1
Fbxo4,0.487331762,0.110708898,0.257,0.207,1
Atg16l2,0.487394243,-0.340291865,0.235,0.25,1
Filip1,0.487428098,-0.170310885,0.358,0.305,1
Vegfa,0.487807649,-0.186667622,0.332,0.341,1
Amer3,0.487865412,-0.307276047,0.294,0.311,1
Gm42750,0.488069187,0.364619853,0.037,0.024,1
Gm20274,0.488069187,0.964841384,0.037,0.024,1
Polr2d,0.488551676,-0.342698096,0.471,0.409,1
Faah,0.488779285,-0.497542758,0.139,0.165,1
Rhof,0.488862203,0.195097664,0.444,0.39,1
Twnk,0.489275055,-0.205989752,0.112,0.134,1
Gpr156,0.489345139,-0.194723268,0.171,0.195,1
B9d1,0.489380103,0.266882364,0.144,0.116,1
Gm29107,0.489560998,-0.57047844,0.005,0.012,1
Slco6c1,0.489560998,-0.456509521,0.005,0.012,1
Celrr,0.489560998,-0.645625281,0.005,0.012,1
4930439D14Rik,0.489560998,-0.507021727,0.005,0.012,1
Gm13362,0.489560998,-0.460035034,0.005,0.012,1
Gm13596,0.489560998,-0.625014105,0.005,0.012,1
AU019990,0.489560998,-0.478711257,0.005,0.012,1
Vmn2r1,0.489560998,-0.700741725,0.005,0.012,1
Gm10681,0.489560998,-0.464013856,0.005,0.012,1
Slc25a34,0.489560998,-0.47140476,0.005,0.012,1
Htra3,0.489560998,-0.936678177,0.005,0.012,1
Gal3st4,0.489560998,-0.449497495,0.005,0.012,1
Gm42556,0.489560998,-0.625719781,0.005,0.012,1
Slc4a5,0.489560998,-0.44593585,0.005,0.012,1
Prr19,0.489560998,-0.538238315,0.005,0.012,1
Gm44702,0.489560998,-0.431767767,0.005,0.012,1
Zfp658,0.489560998,-0.545348349,0.005,0.012,1
Gm10974,0.489560998,-0.610973912,0.005,0.012,1
Gm15413,0.489560998,-0.502921218,0.005,0.012,1
Olfr624,0.489560998,-0.456138371,0.005,0.012,1
Gm15634,0.489560998,-0.562903239,0.005,0.012,1
Adamts18,0.489560998,-0.529781529,0.005,0.012,1
Plcg2,0.489560998,-0.497953037,0.005,0.012,1
Gm29724,0.489560998,-0.476305193,0.005,0.012,1
D630033O11Rik,0.489560998,-0.7138656,0.005,0.012,1
Sh2d7,0.489560998,-0.502640318,0.005,0.012,1
4930429F24Rik,0.489560998,-0.57266709,0.005,0.012,1
Gm40650,0.489560998,-0.562083037,0.005,0.012,1
Gm48086,0.489560998,-0.468947283,0.005,0.012,1
Gm867,0.489560998,-0.497530873,0.005,0.012,1
Gm48485,0.489560998,-0.381182221,0.005,0.012,1
Gm16271,0.489560998,-0.989815505,0.005,0.012,1
Gm33091,0.489560998,-0.511414313,0.005,0.012,1
Myrfl,0.489560998,-0.461944335,0.005,0.012,1
Gm11992,0.489560998,-0.491840712,0.005,0.012,1
N4bp3,0.489560998,-0.726786945,0.005,0.012,1
Gm12279,0.489560998,-0.518615629,0.005,0.012,1
Hes7,0.489560998,-0.536513405,0.005,0.012,1
P2rx5,0.489560998,-0.713543317,0.005,0.012,1
Wnt3,0.489560998,-0.465357783,0.005,0.012,1
Cep295nl,0.489560998,-0.591768208,0.005,0.012,1
C630031E19Rik,0.489560998,-0.611125916,0.005,0.012,1
Slc26a3,0.489560998,-1.000446457,0.005,0.012,1
Gm40375,0.489560998,-0.444773367,0.005,0.012,1
Gm30239,0.489560998,-0.466178061,0.005,0.012,1
Hist1h2bj,0.489560998,-0.479590177,0.005,0.012,1
Spata9,0.489560998,-0.471256772,0.005,0.012,1
Naip6,0.489560998,-0.496014117,0.005,0.012,1
Gm35166,0.489560998,-0.485412806,0.005,0.012,1
C1qtnf9,0.489560998,-0.555401059,0.005,0.012,1
Gm49171,0.489560998,-0.513104994,0.005,0.012,1
D030024E09Rik,0.489560998,-0.519684085,0.005,0.012,1
Gm3417,0.489560998,-0.529626544,0.005,0.012,1
1700022N22Rik,0.489560998,-1.325812247,0.005,0.012,1
Gm19684,0.489560998,-0.402124766,0.005,0.012,1
Gm10545,0.489560998,-0.432788425,0.005,0.012,1
Gm50214,0.489560998,-0.454801826,0.005,0.012,1
Gm5095,0.489560998,-0.451440728,0.005,0.012,1
Gm19466,0.489560998,-0.437332614,0.005,0.012,1
Ccdc68,0.489560998,-0.680101552,0.005,0.012,1
Gm31621,0.489560998,-0.54318434,0.005,0.012,1
Rin1,0.489560998,-0.46056389,0.005,0.012,1
Rbp4,0.489560998,-0.39643004,0.005,0.012,1
Gm14703,0.489560998,-0.535648328,0.005,0.012,1
Gm14643,0.489560998,-0.489290131,0.005,0.012,1
Mcrip2,0.48965817,0.182690085,0.123,0.098,1
Cog6,0.490190911,-0.139791714,0.444,0.463,1
D330050G23Rik,0.490263396,0.897828974,0.037,0.024,1
Postn,0.490263396,0.225064641,0.037,0.024,1
4930579G24Rik,0.490263396,0.377974592,0.037,0.024,1
Alkbh7,0.490296267,-0.162440783,0.444,0.384,1
Twsg1,0.490401317,-0.372690869,0.422,0.427,1
Sun2,0.490586268,0.261135136,0.262,0.226,1
Rictor,0.490803742,-0.189849292,0.626,0.616,1
Jade3,0.491224576,0.115860325,0.214,0.177,1
Fhdc1,0.491294808,0.107255146,0.075,0.055,1
Pak4,0.49155012,-0.483380143,0.134,0.152,1
Parm1,0.491849304,-0.105507018,0.791,0.768,1
BC002059,0.491933144,-0.325392215,0.15,0.171,1
Haus2,0.491974523,-0.311129617,0.551,0.457,1
Cdan1,0.491979492,-0.166115113,0.086,0.104,1
Fam76b,0.492080444,-0.191510537,0.246,0.262,1
Adal,0.492204968,-0.189672018,0.262,0.287,1
Tmem232,0.492462898,0.214343186,0.037,0.024,1
Cabyr,0.492462898,0.20020921,0.037,0.024,1
Prrg3,0.492468402,0.251488297,0.299,0.268,1
Cab39l,0.492490481,-0.152690713,0.754,0.701,1
Maneal,0.492673653,-0.172613142,0.519,0.524,1
Trmt2a,0.492695449,-0.43223557,0.251,0.213,1
Gm37494,0.492697029,-0.44149367,0.305,0.317,1
Lcmt2,0.492775293,0.252447089,0.144,0.116,1
Resp18,0.492806953,-0.127247596,0.765,0.774,1
Slc20a1,0.493120125,0.15797165,0.545,0.482,1
Dok1,0.493229676,0.200032504,0.102,0.079,1
Mmab,0.493265126,-0.166785359,0.417,0.415,1
Zfx,0.493397907,0.3040546,0.396,0.348,1
Fnta,0.493526584,0.193844456,0.807,0.774,1
Rnft1,0.493619393,-0.336682512,0.187,0.207,1
Pantr1,0.493725949,-0.296666434,0.005,0.012,1
Boll,0.493725949,-0.375672275,0.005,0.012,1
Gm37571,0.493725949,-0.445994174,0.005,0.012,1
Gm37422,0.493725949,-0.383635329,0.005,0.012,1
1700084E18Rik,0.493725949,-0.338329453,0.005,0.012,1
Pamr1,0.493725949,-0.258748063,0.005,0.012,1
Capn3,0.493725949,-0.381681559,0.005,0.012,1
Rad21l,0.493725949,-0.404905828,0.005,0.012,1
Hck,0.493725949,-0.328812382,0.005,0.012,1
Gm14286,0.493725949,-0.327380291,0.005,0.012,1
Gm42699,0.493725949,-0.340244885,0.005,0.012,1
Gm43258,0.493725949,-0.402869702,0.005,0.012,1
Insl5,0.493725949,-0.344826433,0.005,0.012,1
Gm12930,0.493725949,-0.398371794,0.005,0.012,1
Perm1,0.493725949,-0.445835759,0.005,0.012,1
Bmp3,0.493725949,-0.304770546,0.005,0.012,1
Ccdc18,0.493725949,-0.411022597,0.005,0.012,1
Wee2,0.493725949,-0.37387092,0.005,0.012,1
4930557K07Rik,0.493725949,-0.374152452,0.005,0.012,1
Gm15704,0.493725949,-0.358586248,0.005,0.012,1
Gm39027,0.493725949,-0.399439087,0.005,0.012,1
Gm16157,0.493725949,-0.335448751,0.005,0.012,1
Gm44686,0.493725949,-0.399199035,0.005,0.012,1
Lpl,0.493725949,-0.353318912,0.005,0.012,1
Gm39244,0.493725949,-0.416909813,0.005,0.012,1
Gm16551,0.493725949,-0.414090666,0.005,0.012,1
Gm38004,0.493725949,-0.346221403,0.005,0.012,1
A730085K08Rik,0.493725949,-0.412622649,0.005,0.012,1
Gm47136,0.493725949,-0.40652799,0.005,0.012,1
Gm17021,0.493725949,-0.362639604,0.005,0.012,1
Hkdc1,0.493725949,0.921640338,0.005,0.012,1
Neurod4,0.493725949,-0.380290612,0.005,0.012,1
Egfr,0.493725949,-0.322449461,0.005,0.012,1
Gm12665,0.493725949,-0.316464916,0.005,0.012,1
Gm5431,0.493725949,-0.332898059,0.005,0.012,1
Gm4787,0.493725949,-0.466134253,0.005,0.012,1
Gm47806,0.493725949,-0.389256295,0.005,0.012,1
Gm16984,0.493725949,0.354947393,0.005,0.012,1
Adamts6,0.493725949,-0.31723036,0.005,0.012,1
Gm49207,0.493725949,-0.438947699,0.005,0.012,1
Gm36738,0.493725949,-0.425072761,0.005,0.012,1
B130046B21Rik,0.493725949,-0.342830381,0.005,0.012,1
H2-M5,0.493725949,-0.37958403,0.005,0.012,1
Gm41611,0.493725949,-0.413507731,0.005,0.012,1
Abcg8,0.493725949,-0.130018402,0.005,0.012,1
Tigd3,0.493725949,-0.323579944,0.005,0.012,1
Xlr3a,0.493725949,-0.419909267,0.005,0.012,1
Itgb1bp2,0.493725949,-0.285394098,0.005,0.012,1
Ndc1,0.494061789,-0.295849836,0.439,0.439,1
Hist1h2bc,0.494423711,-0.147587036,0.947,0.927,1
Tctex1d2,0.494499408,0.251588142,0.636,0.61,1
Gm11110,0.494667681,0.12340461,0.037,0.024,1
Gins4,0.49480384,0.191752261,0.342,0.28,1
Haus6,0.494857132,-0.309667878,0.262,0.28,1
Natd1,0.495009375,-1.3770853,0.075,0.091,1
Cul7,0.495078456,-0.146356537,0.38,0.384,1
Grid1,0.495930804,-0.661597979,0.134,0.152,1
Elfn2,0.495994159,-0.215430958,0.225,0.25,1
Ccm2,0.496283511,-0.151988956,0.786,0.805,1
Gm15608,0.496406438,-0.687519515,0.075,0.091,1
Gm8098,0.496758867,-0.262853725,0.235,0.256,1
Tmprss5,0.496877729,0.316859255,0.037,0.024,1
Dapk2,0.496877729,-0.508556254,0.037,0.024,1
Rdh12,0.496877729,0.15209447,0.037,0.024,1
Map3k8,0.496877729,0.101020871,0.037,0.024,1
Gm15492,0.497421854,0.255110712,0.021,0.012,1
1700047K16Rik,0.497421854,0.518880515,0.021,0.012,1
Arid2,0.4974289,-0.141676574,0.535,0.537,1
Slc25a10,0.497565425,0.103876914,0.262,0.22,1
Zfp687,0.498099395,-0.39326037,0.278,0.287,1
Aebp1,0.498281506,0.316737907,0.059,0.043,1
Bfsp1,0.498706106,0.145321963,0.118,0.091,1
Egln1,0.498714197,-0.113858211,0.69,0.701,1
Gga3,0.49887206,-0.138391381,0.508,0.512,1
Snx5,0.499131009,-0.137068101,0.46,0.457,1
Gm15675,0.499776226,-0.256840295,0.107,0.128,1
St8sia4,0.49980367,-0.449419299,0.139,0.159,1
Terf2,0.499817563,-0.218376167,0.578,0.561,1
Pnmal2,0.499842387,-0.405798085,0.54,0.555,1
Zap70,0.500402868,0.539673288,0.021,0.012,1
Gm29539,0.500402868,0.28141553,0.021,0.012,1
Gm42939,0.500402868,0.396930702,0.021,0.012,1
Cmah,0.500402868,0.350804926,0.021,0.012,1
Pcdh12,0.500402868,0.460697456,0.021,0.012,1
Birc3,0.50065436,-0.959160116,0.123,0.098,1
Pomgnt1,0.500694332,0.210601338,0.428,0.396,1
Ppp2r2d,0.500729259,-0.154185085,0.904,0.945,1
Anapc15,0.500782946,0.14400564,0.679,0.64,1
Bak1,0.500978101,-0.412524482,0.107,0.128,1
Taf4b,0.501267674,-0.182786269,0.487,0.482,1
Inka2,0.501313565,-0.235565433,0.037,0.024,1
Gm2762,0.501313565,0.133150517,0.037,0.024,1
Nek8,0.501679957,-0.342609953,0.182,0.201,1
Ythdc1,0.501716311,0.12475187,0.845,0.805,1
Zfp647,0.501787892,0.331761097,0.059,0.043,1
Rnpep,0.502573036,-0.25707586,0.417,0.409,1
Dcps,0.50273511,-0.489700711,0.278,0.299,1
Sirt6,0.503009058,0.274902009,0.193,0.165,1
Tspan3,0.503090211,0.103382158,0.93,0.921,1
Stk32c,0.503112524,-0.391362118,0.273,0.28,1
Uvssa,0.503149037,0.67843398,0.187,0.152,1
Kif27,0.503228561,-0.694852053,0.08,0.098,1
Elmo2,0.503282999,-0.23388624,0.503,0.482,1
Iqcm,0.503393331,0.376381242,0.021,0.012,1
2310030G06Rik,0.503393331,0.646787748,0.021,0.012,1
Zfp366,0.503393331,0.4963349,0.021,0.012,1
Cd80,0.503393331,0.252166085,0.021,0.012,1
Zfp960,0.503393331,0.223490378,0.021,0.012,1
Impdh1,0.503793688,0.131997463,0.882,0.872,1
Trp53,0.503855727,0.387032635,0.374,0.329,1
D3Ertd751e,0.50398917,-0.433564118,0.166,0.183,1
Ttll12,0.504109526,-0.336153713,0.235,0.195,1
Zfp661,0.504143302,0.280006232,0.08,0.061,1
Poll,0.504277329,-0.200087884,0.203,0.226,1
Gm21814,0.504595631,-0.577905805,0.08,0.098,1
Slc25a27,0.505080299,-0.127490093,0.578,0.591,1
Washc2,0.505469341,-0.149318189,0.754,0.707,1
Bicc1,0.50550859,-0.393930638,0.144,0.165,1
Gm11417,0.505770288,0.118050212,0.037,0.024,1
Cdh12,0.505770288,0.155167542,0.037,0.024,1
Dnajc12,0.506355078,0.168071577,0.845,0.835,1
Nuf2,0.506393205,0.274610333,0.021,0.012,1
Gm12798,0.506393205,0.358162537,0.021,0.012,1
4732419C18Rik,0.506393205,0.310180185,0.021,0.012,1
Sh3rf3,0.506393205,0.389586482,0.021,0.012,1
Ltbp2,0.506393205,1.56559169,0.021,0.012,1
1810041H14Rik,0.506393205,0.373292676,0.021,0.012,1
H2-Q7,0.506393205,0.7670912,0.021,0.012,1
Ecscr,0.506393205,0.461152948,0.021,0.012,1
Radx,0.506393205,0.633350014,0.021,0.012,1
Pcx,0.506582682,0.270301356,0.166,0.14,1
Cd93,0.506799969,1.588093456,0.043,0.03,1
Kazn,0.506915928,0.260159737,0.209,0.226,1
Morc2a,0.506992176,-0.18619676,0.321,0.341,1
Madd,0.507541985,0.20152369,0.893,0.805,1
Sema3b,0.507711071,0.10367093,0.257,0.213,1
Myl4,0.50777737,0.215467288,0.16,0.128,1
Gm14051,0.508006444,0.632219726,0.037,0.024,1
Heatr6,0.508216504,-0.195356621,0.61,0.616,1
Trmt11,0.508533155,-0.242439204,0.219,0.232,1
Agrn,0.508869204,-0.31837861,0.348,0.348,1
Nectin2,0.508911291,-0.186943165,0.551,0.53,1
Chka,0.509024016,-0.192628019,0.61,0.604,1
Cdc42ep4,0.509056467,0.217635352,0.337,0.28,1
Gpatch1,0.509062686,-0.164795695,0.316,0.256,1
Gpr1,0.509402454,-0.211793389,0.021,0.012,1
Fcer1g,0.509402454,0.885570164,0.021,0.012,1
Mndal,0.509402454,0.6245864,0.021,0.012,1
Bmp2,0.509402454,0.335410039,0.021,0.012,1
Ccl19,0.509402454,0.202438345,0.021,0.012,1
Pdk4,0.509402454,0.215903091,0.021,0.012,1
Slc23a4,0.509402454,0.21477253,0.021,0.012,1
Slc6a16,0.509402454,1.007743945,0.021,0.012,1
Star,0.509402454,0.226004439,0.021,0.012,1
Rab11fip1,0.509402454,1.580885623,0.021,0.012,1
Gm39214,0.509402454,2.231790217,0.021,0.012,1
Gm39307,0.509402454,-0.694154955,0.021,0.012,1
Gm17508,0.509402454,0.65756008,0.021,0.012,1
Pou2f3,0.509402454,0.44531245,0.021,0.012,1
Aifm2,0.509402454,0.213507798,0.021,0.012,1
Gm34544,0.509402454,1.429400369,0.021,0.012,1
Tph2,0.509402454,0.288857285,0.021,0.012,1
Col1a1,0.509402454,2.286824273,0.021,0.012,1
Cd300lg,0.509402454,0.434533982,0.021,0.012,1
Popdc2,0.509402454,0.171313654,0.021,0.012,1
6530411M01Rik,0.509402454,0.249300718,0.021,0.012,1
Pcdhga6,0.509402454,0.16872636,0.021,0.012,1
Lrrn4cl,0.509402454,0.277309032,0.021,0.012,1
Srpk3,0.509402454,0.321275188,0.021,0.012,1
Gm14858,0.509402454,0.231212167,0.021,0.012,1
Jam3,0.509415828,-0.290376629,0.316,0.348,1
Lrrn2,0.509703996,-0.27907187,0.503,0.506,1
Tbkbp1,0.509850964,0.103367432,0.396,0.317,1
Mamld1,0.510020956,-0.297235224,0.401,0.341,1
Ciao1,0.510020956,-0.215738591,0.369,0.378,1
Zfp946,0.510400641,-0.259450993,0.332,0.348,1
Ednrb,0.510518009,-0.223787878,0.492,0.396,1
Acaca,0.510577753,0.110193343,0.898,0.86,1
Heg1,0.51061068,0.266299664,0.059,0.043,1
Gm12843,0.510702781,-0.230672119,0.096,0.073,1
Lrrc20,0.51112491,0.297152422,0.235,0.207,1
Armc7,0.511555279,-0.305708566,0.123,0.146,1
4930481A15Rik,0.511866113,0.286232595,0.176,0.146,1
Rpn2,0.511903379,0.112276006,0.813,0.78,1
Gm10561,0.51242104,0.229188184,0.021,0.012,1
D630023F18Rik,0.51242104,0.159791037,0.021,0.012,1
Gm28187,0.51242104,0.118963886,0.021,0.012,1
1700001O22Rik,0.51242104,0.35097114,0.021,0.012,1
Gm45346,0.51242104,0.239791505,0.021,0.012,1
Dnmt3b,0.51242104,0.202779403,0.021,0.012,1
Bmp7,0.51242104,0.27508368,0.021,0.012,1
Evc,0.51242104,0.202505617,0.021,0.012,1
Olfr77,0.51242104,0.116827646,0.021,0.012,1
D930048N14Rik,0.51242104,0.244147493,0.021,0.012,1
Spag5,0.51242104,0.288980096,0.021,0.012,1
Gm15286,0.51242104,0.269062367,0.021,0.012,1
Ager,0.51242104,0.147337828,0.021,0.012,1
Slc44a4,0.51242104,-0.628981994,0.021,0.012,1
Clmn,0.512457675,-0.168091574,0.139,0.165,1
Bnip1,0.51248293,0.273794288,0.294,0.244,1
Agap2,0.512625797,-0.151044883,0.155,0.183,1
Ccdc6,0.512870472,-0.236462556,0.604,0.61,1
Pcgf3,0.512907256,-0.117068929,0.674,0.659,1
Trpc7,0.512989882,-0.231723425,0.214,0.232,1
2500004C02Rik,0.513080599,-0.276728515,0.107,0.128,1
Gm45495,0.513189689,-0.195986037,0.267,0.293,1
Cfap157,0.513256426,-0.561075605,0.07,0.085,1
Pxdc1,0.513292784,-0.558063285,0.112,0.128,1
Mrnip,0.513396682,-0.125854866,0.321,0.348,1
Smpd5,0.513510307,-0.201467382,0.187,0.201,1
Hdac8,0.513824953,-0.146306173,0.369,0.39,1
B3gat2,0.513991891,0.13928379,0.086,0.067,1
1700120C14Rik,0.514162365,0.199243061,0.059,0.043,1
Dlg1,0.514171157,-0.464143773,0.401,0.402,1
Polrmt,0.514209125,0.148332842,0.107,0.085,1
Fh1,0.514234421,-0.24871985,0.433,0.427,1
Usp42,0.514308738,-0.19393381,0.348,0.354,1
Arhgap31,0.514331427,0.277428103,0.551,0.506,1
Zfp277,0.514420902,-0.825779126,0.278,0.293,1
Spg21,0.51456723,-0.148370918,0.615,0.549,1
Rbpjl,0.515448926,0.126051872,0.021,0.012,1
Slc12a5,0.515448926,-0.238794187,0.021,0.012,1
Gm9833,0.515448926,0.214043864,0.021,0.012,1
Nes,0.515448926,0.152060814,0.021,0.012,1
Zkscan16,0.515448926,0.146406207,0.021,0.012,1
Tarbp1,0.515448926,0.287636122,0.021,0.012,1
Zbtb16,0.515448926,0.119169891,0.021,0.012,1
Mettl7a3,0.515448926,0.313991038,0.021,0.012,1
Gm41409,0.515448926,0.107221627,0.021,0.012,1
Gm49864,0.515448926,0.119750634,0.021,0.012,1
Cd14,0.515448926,-0.453775575,0.021,0.012,1
Slc7a6os,0.515503269,-0.200138552,0.241,0.256,1
Klhdc8a,0.515735339,-0.131613404,0.775,0.756,1
Gm12655,0.51599424,-0.465023249,0.262,0.293,1
Cenpt,0.516280733,0.523660161,0.182,0.152,1
Unc119b,0.516443318,-0.241221548,0.332,0.348,1
Ccdc186,0.516630375,-0.190608219,0.679,0.671,1
Fbxo7,0.51689937,-0.103065151,0.337,0.274,1
Ints14,0.517357523,0.527709851,0.15,0.128,1
F8a,0.517647395,-0.126290421,0.807,0.811,1
Gpt,0.517673886,0.404855171,0.064,0.049,1
Birc2,0.517769162,-0.248520836,0.444,0.439,1
Msh2,0.517771001,0.162197482,0.38,0.335,1
Bclaf3,0.517842803,0.210212162,0.278,0.293,1
Rab37,0.517967856,-0.416449798,0.348,0.378,1
Hook1,0.518017995,-0.443964066,0.326,0.329,1
Ank1,0.518048271,-0.229569564,0.257,0.274,1
Mbip,0.518048271,-0.355026085,0.257,0.274,1
Nucb2,0.518054368,-0.504852683,0.123,0.14,1
Tmie,0.518192393,0.187515304,0.107,0.085,1
Ankrd35,0.518225341,0.112732128,0.176,0.146,1
Por,0.518368019,0.225626586,0.551,0.512,1
Amdhd2,0.518415897,0.555553116,0.321,0.274,1
C1qa,0.518486074,0.104260985,0.021,0.012,1
B230311B06Rik,0.518486074,-0.736000608,0.021,0.012,1
Gm20659,0.518486074,-0.620896286,0.021,0.012,1
Cdkl4,0.518486074,-0.11338785,0.021,0.012,1
Rab11fip3,0.518668905,-0.216137058,0.513,0.506,1
Parp14,0.519046031,-0.404834717,0.198,0.213,1
Rrn3,0.519123736,-0.212887831,0.642,0.665,1
Dgat2,0.519267068,0.184767256,0.155,0.128,1
Zdhhc8,0.51971382,-0.103187214,0.642,0.652,1
Zfp93,0.519941732,-0.397504918,0.086,0.104,1
Msl3,0.519977532,-0.297332909,0.701,0.665,1
Cln6,0.520164948,0.108394078,0.326,0.274,1
Gtf2e2,0.520326778,-0.148251117,0.401,0.402,1
Slc4a4,0.520489207,0.109299762,0.711,0.695,1
Cog8,0.52066489,-0.193298958,0.54,0.537,1
Cul4a,0.520886872,-0.169817785,0.578,0.604,1
Rnf111,0.520985483,0.113939229,0.594,0.53,1
Rnf170,0.521011815,-0.223076724,0.471,0.457,1
Nek6,0.521151976,-0.461344837,0.08,0.098,1
Fdxr,0.52122912,-0.362206147,0.155,0.177,1
Slc9a5,0.52152541,0.18266828,0.182,0.152,1
5830416I19Rik,0.521792081,-0.610932549,0.118,0.134,1
Cr2,0.52211805,-0.982281114,0.07,0.085,1
Atxn1l,0.522166007,-0.299281085,0.396,0.396,1
Strip1,0.522246374,-0.328655411,0.487,0.463,1
P2ry1,0.522487406,-0.366721653,0.176,0.146,1
Triqk,0.522631837,0.110387559,0.765,0.695,1
Foxo1,0.522752705,0.183401414,0.246,0.22,1
4921531C22Rik,0.522999827,-0.284213088,0.102,0.079,1
Guf1,0.523410015,-0.426872952,0.209,0.177,1
Dnajc13,0.523601202,-0.155179377,0.845,0.817,1
Mtfmt,0.523722789,0.332564858,0.171,0.146,1
Fbxo41,0.523876654,-0.239121925,0.444,0.433,1
Ldb3,0.523960922,-0.274906661,0.176,0.195,1
Cdh13,0.524002209,-0.274253656,0.086,0.104,1
Cabin1,0.524310008,-0.181026983,0.706,0.701,1
Ctdnep1,0.524860338,-0.228936403,0.749,0.738,1
Tmem145,0.524878682,0.177952336,0.235,0.195,1
Acd,0.524931117,0.220093403,0.444,0.402,1
Tgfbr1,0.525474413,-0.182494692,0.374,0.402,1
Tmem169,0.525992183,-0.362529163,0.289,0.238,1
Lrch2,0.526291316,-0.358683282,0.166,0.189,1
Plekhg1,0.526578175,-0.734279505,0.07,0.085,1
Fes,0.526732257,-0.379767253,0.08,0.098,1
Spg11,0.527800344,-0.406842823,0.198,0.213,1
Zfp189,0.527819732,-0.219476804,0.16,0.128,1
Zfp341,0.527821967,-0.525958926,0.064,0.079,1
4933409K07Rik,0.528388313,0.381178476,0.091,0.073,1
Zfp410,0.528645578,-0.129194526,0.299,0.317,1
1700052K11Rik,0.528914468,-0.438957974,0.107,0.122,1
Casp6,0.529441354,-0.362109625,0.086,0.104,1
Gm6133,0.529634659,-0.135858413,0.064,0.049,1
Itpa,0.529916743,0.114060642,0.61,0.543,1
Gm26549,0.52998499,-0.961177641,0.059,0.073,1
Gm34821,0.530164205,-0.349249787,0.118,0.134,1
Lrrc8d,0.530223521,-0.138067187,0.583,0.585,1
Zpbp,0.530243146,-0.300317374,0.091,0.11,1
Jade2,0.530748954,-0.185826741,0.497,0.506,1
Dkc1,0.530762189,0.107786939,0.503,0.47,1
Dguok,0.531003897,-0.143536218,0.658,0.665,1
Zfp30,0.531194415,-0.311151581,0.326,0.329,1
Polk,0.53154443,-0.278110116,0.439,0.457,1
A830082K12Rik,0.531693519,0.17377551,0.08,0.061,1
Pou3f1,0.531866678,0.812637609,0.043,0.03,1
Prkaa2,0.531970264,-0.118791792,0.604,0.61,1
Gnpat,0.532482793,-0.19138443,0.476,0.482,1
Eloa,0.532699209,0.15399185,0.305,0.274,1
Sntb1,0.532717201,0.223252434,0.262,0.232,1
Smg1,0.532894687,-0.24613442,0.61,0.616,1
Mfsd4b4,0.533304653,0.410001933,0.086,0.067,1
Prickle1,0.533304653,0.224813403,0.086,0.067,1
Usp30,0.533769997,0.539206622,0.209,0.183,1
Arhgap32,0.533815223,-0.230558365,0.61,0.555,1
Rhov,0.534003179,-0.180088373,0.139,0.159,1
Ppp1r8,0.53403121,-0.40357938,0.342,0.372,1
Flad1,0.534214956,-0.2126251,0.257,0.28,1
Prpsap1,0.534246203,-0.103064875,0.604,0.598,1
Fbxl6,0.534659269,-0.263874081,0.171,0.189,1
Kif13b,0.534690318,-0.141441665,0.503,0.494,1
Jmjd8,0.535177869,-0.602272725,0.198,0.159,1
Tbc1d2b,0.535417605,-0.287924596,0.187,0.201,1
Igfbp3,0.535449227,-0.148151818,0.16,0.183,1
Gm38251,0.535579411,-0.604512669,0.064,0.079,1
Ccn3,0.536104715,0.355502934,0.043,0.03,1
Dxo,0.536162838,-0.485084914,0.144,0.159,1
Scaf4,0.536190893,-0.164171975,0.487,0.482,1
Gm10244,0.536445637,-0.540579884,0.059,0.073,1
S1pr1,0.536531915,0.187438839,0.064,0.049,1
Fancg,0.536771325,-0.241062825,0.187,0.207,1
Dmxl1,0.536867114,-0.1251477,0.658,0.671,1
Piezo2,0.536908019,-0.361704481,0.091,0.11,1
Gm50306,0.536908019,-0.173720664,0.091,0.11,1
Spsb3,0.537121315,-0.202502885,0.545,0.549,1
Kdm4b,0.537146409,-0.339945519,0.294,0.311,1
Wdr83,0.537167555,-0.245124388,0.567,0.537,1
C2cd3,0.537207607,0.282542077,0.273,0.293,1
Nat10,0.537432282,0.103369761,0.209,0.177,1
Rbm45,0.537568429,-0.165932077,0.187,0.152,1
Arhgap22,0.537752388,-0.166289494,0.513,0.506,1
Nars2,0.537779834,-0.21788051,0.262,0.274,1
Plekhh1,0.538270032,0.150944548,0.39,0.341,1
Gm49085,0.538963231,-0.702256744,0.048,0.061,1
Lrrc61,0.539000396,0.174922262,0.225,0.195,1
Dcaf12,0.539247052,-0.148824241,0.845,0.823,1
Mcmdc2,0.53947956,-0.154551838,0.08,0.061,1
Nudt11,0.539794528,-0.209685307,0.519,0.512,1
Bbc3,0.539932887,-0.444399584,0.321,0.335,1
Gm8773,0.540106599,0.335442204,0.096,0.079,1
Vit,0.540359685,2.120275169,0.043,0.03,1
Zfp174,0.540465327,-0.371255579,0.144,0.165,1
Zcchc8,0.540489849,-0.268124445,0.273,0.28,1
Rpp25l,0.54053397,-0.131224601,0.642,0.537,1
Smim11,0.540559487,0.127438075,0.807,0.817,1
Tspan12,0.540737799,-0.45818469,0.075,0.091,1
Fkbp7,0.540829128,0.198478995,0.086,0.067,1
Ccdc112,0.540905751,-0.388076957,0.535,0.494,1
Mmaa,0.540934775,0.152346391,0.316,0.262,1
Gcat,0.54095005,-0.412979323,0.214,0.238,1
Casp2,0.541015135,-0.145716716,0.102,0.079,1
Il1r2,0.541022884,-0.640031111,0.011,0.018,1
Gm17767,0.541022884,-0.55129991,0.011,0.018,1
Gm16564,0.541022884,-0.655698222,0.011,0.018,1
Gm14409,0.541022884,-0.764870617,0.011,0.018,1
Gm38335,0.541022884,-0.786116364,0.011,0.018,1
Zfp69,0.541022884,-0.593366303,0.011,0.018,1
Txk,0.541022884,-0.683431654,0.011,0.018,1
Gm13839,0.541022884,-0.611832285,0.011,0.018,1
Palb2,0.541022884,-0.784411593,0.011,0.018,1
Gm16793,0.541022884,-0.76940333,0.011,0.018,1
Gm37401,0.541022884,-0.467139027,0.011,0.018,1
Amd2,0.541022884,-0.674097081,0.011,0.018,1
Creb3l3,0.541022884,-0.643101104,0.011,0.018,1
Gm47167,0.541022884,-0.62967329,0.011,0.018,1
4932702P03Rik,0.541022884,-0.494410351,0.011,0.018,1
Fam83a,0.541022884,-1.861489837,0.011,0.018,1
F630040K05Rik,0.541022884,-1.176919976,0.011,0.018,1
Arhgap4,0.541022884,-0.593783939,0.011,0.018,1
2700054A10Rik,0.541584483,-0.490860409,0.07,0.085,1
Ascc2,0.541683022,-0.22476131,0.278,0.293,1
Chst3,0.541734347,0.400771086,0.064,0.049,1
Usp2,0.541740641,0.158959541,0.267,0.232,1
Gm20387,0.541783516,-0.281967913,0.086,0.104,1
Gm17251,0.541835058,-0.15214017,0.193,0.213,1
Entpd2,0.542345531,-0.378834301,0.118,0.091,1
Kmt2b,0.542466905,0.376657999,0.465,0.433,1
Cpt2,0.542536757,-0.184011125,0.246,0.274,1
Gm9895,0.543154221,0.236697841,0.139,0.116,1
Thnsl1,0.543218879,-0.132184539,0.417,0.415,1
Dse,0.543456419,0.375230612,0.364,0.335,1
Wdcp,0.543536142,-0.131667519,0.353,0.366,1
Cplane2,0.543664388,-0.473800826,0.075,0.091,1
Commd8,0.543670495,-0.18046869,0.62,0.665,1
Zdhhc9,0.543671481,0.114095796,0.663,0.598,1
Galc,0.544295495,-0.324671222,0.219,0.232,1
Gramd3,0.544314033,0.155311845,0.134,0.11,1
Myo1b,0.5443216,-0.159906924,0.754,0.744,1
Wnt10a,0.54442828,-0.551163115,0.011,0.018,1
Tctex1d1,0.54442828,-0.719106298,0.011,0.018,1
Gm7271,0.54442828,-0.756379926,0.011,0.018,1
Kbtbd12,0.54442828,-0.719601492,0.011,0.018,1
Zfp296,0.54442828,-0.724659917,0.011,0.018,1
Gm44748,0.54442828,-0.593799872,0.011,0.018,1
Gm16126,0.54442828,-0.550623801,0.011,0.018,1
Gm47140,0.54442828,-0.575773708,0.011,0.018,1
Vmn2r84,0.54442828,-0.654088012,0.011,0.018,1
Nkd2,0.54442828,-0.797624313,0.011,0.018,1
Fam186a,0.54442828,-0.612821597,0.011,0.018,1
Crip3,0.54442828,-0.542688879,0.011,0.018,1
Pcdha11,0.54442828,-0.539713532,0.011,0.018,1
Pcdhac1,0.54442828,-0.658577136,0.011,0.018,1
Atp8b1,0.54442828,-0.776071062,0.011,0.018,1
Gm4952,0.54442828,-0.632422028,0.011,0.018,1
Prex1,0.544611162,-0.590608793,0.07,0.085,1
Atp2b2,0.544631478,0.678358067,0.043,0.03,1
Derl1,0.544640926,0.16557546,0.802,0.811,1
Slc30a5,0.54492469,0.154680268,0.417,0.372,1
Yod1,0.545435766,-0.103689671,0.631,0.616,1
Creb3l1,0.545531952,0.22078851,0.219,0.189,1
Elavl1,0.54564062,-0.175001454,0.743,0.683,1
Cpsf1,0.545710154,-0.249859648,0.198,0.22,1
Sgsm3,0.545718653,0.134903934,0.417,0.384,1
Pias3,0.545859223,-0.261557784,0.316,0.317,1
Lmln,0.546087149,0.247070585,0.182,0.159,1
Dusp16,0.546089559,0.128802677,0.658,0.567,1
Lrrc28,0.546100028,-0.326749884,0.401,0.409,1
Gm15510,0.546120755,0.238648965,0.283,0.244,1
Lsg1,0.546191965,0.157457455,0.316,0.268,1
Gm14322,0.546211785,-0.430412574,0.219,0.232,1
Ulbp1,0.546355663,-0.713169496,0.037,0.049,1
Proca1,0.546465695,0.312355852,0.118,0.098,1
Sema3e,0.546620031,-0.253852291,0.102,0.079,1
Aldh1l2,0.546696058,-0.136812223,0.059,0.043,1
Zfp526,0.546773649,0.227984972,0.043,0.03,1
2810006K23Rik,0.54682381,0.122631876,0.481,0.451,1
Trp53inp1,0.547055386,-0.285757607,0.364,0.366,1
Msh6,0.547110703,-0.222357004,0.118,0.134,1
Tmem209,0.547592824,-0.171815526,0.262,0.226,1
Cisd2,0.547731619,0.168800425,0.909,0.817,1
Olfr1033,0.547844295,-0.440742224,0.011,0.018,1
D930015M05Rik,0.547844295,-0.936599447,0.011,0.018,1
Fbln7,0.547844295,-0.518457212,0.011,0.018,1
Gm12522,0.547844295,-0.465364086,0.011,0.018,1
4930592C13Rik,0.547844295,-0.488532641,0.011,0.018,1
Whrn,0.547844295,-0.636793008,0.011,0.018,1
Gm12694,0.547844295,-0.497069833,0.011,0.018,1
Trp73,0.547844295,-0.456846235,0.011,0.018,1
Nipal1,0.547844295,-0.451442573,0.011,0.018,1
Lrrc66,0.547844295,-0.545068749,0.011,0.018,1
Iqub,0.547844295,-0.413180732,0.011,0.018,1
Gm45509,0.547844295,-0.519581547,0.011,0.018,1
Gm12764,0.547844295,-0.636492718,0.011,0.018,1
Tmc5,0.547844295,-0.508335838,0.011,0.018,1
1700041G16Rik,0.547844295,-0.563403516,0.011,0.018,1
Gm45341,0.547844295,-0.476192063,0.011,0.018,1
Ccr9,0.547844295,-0.492856236,0.011,0.018,1
Slc22a4,0.547844295,-0.528451238,0.011,0.018,1
Zc2hc1c,0.547844295,-0.645911848,0.011,0.018,1
Gm20682,0.547844295,-0.489816883,0.011,0.018,1
Ak7,0.547844295,-0.603882673,0.011,0.018,1
4930525G20Rik,0.547844295,-0.499130611,0.011,0.018,1
Gm31452,0.547844295,-0.583160355,0.011,0.018,1
Pcdhb2,0.547844295,-0.923492522,0.011,0.018,1
Gm46652,0.547844295,-0.510627873,0.011,0.018,1
2900042K21Rik,0.547846313,-0.660689709,0.059,0.073,1
Psmb9,0.548183108,-0.421808764,0.203,0.213,1
Pigu,0.548452211,-0.13562136,0.332,0.348,1
Dolk,0.54886088,-0.351586014,0.187,0.207,1
4930432K21Rik,0.548919983,0.124011532,0.043,0.03,1
Zfp746,0.549105348,-0.374859499,0.246,0.256,1
Nde1,0.549826534,0.113167271,0.16,0.134,1
Cenpo,0.54992799,0.186226987,0.086,0.067,1
Arih2,0.549965968,-0.183613194,0.599,0.585,1
AC241534.1,0.550239659,-0.356464911,0.096,0.116,1
Ccdc173,0.550388878,-0.406436935,0.107,0.122,1
Nbeal2,0.550460641,0.153617709,0.064,0.049,1
Rttn,0.550689619,-0.471508645,0.07,0.085,1
Hsd17b4,0.550760416,-0.237845984,0.455,0.451,1
Cfap61,0.551070467,0.167288384,0.043,0.03,1
Isoc2a,0.551070467,0.482483498,0.043,0.03,1
Zbtb12,0.551070467,0.340044829,0.043,0.03,1
4921504A21Rik,0.55112551,-0.431656441,0.059,0.073,1
Gfm1,0.551267032,-0.306978576,0.406,0.396,1
Ttc16,0.551270872,-0.466368421,0.011,0.018,1
Bloc1s6os,0.551270872,-0.4351104,0.011,0.018,1
Gm14406,0.551270872,-0.388267321,0.011,0.018,1
Gm12596,0.551270872,-0.47168637,0.011,0.018,1
Ccdc17,0.551270872,-0.472882363,0.011,0.018,1
1700121C08Rik,0.551270872,-0.143848652,0.011,0.018,1
Smpdl3b,0.551270872,2.113211092,0.011,0.018,1
Grrp1,0.551270872,-0.431587857,0.011,0.018,1
Plcxd1,0.551270872,-0.409148243,0.011,0.018,1
Cyp3a13,0.551270872,-0.323919062,0.011,0.018,1
Lfng,0.551270872,-0.531580025,0.011,0.018,1
Gimap5,0.551270872,-0.606868172,0.011,0.018,1
Hist4h4,0.551270872,-0.445695005,0.011,0.018,1
Ceacam2,0.551270872,-0.770431735,0.011,0.018,1
Scube2,0.551270872,-0.362678041,0.011,0.018,1
D630011A20Rik,0.551270872,-0.293991658,0.011,0.018,1
Ascl4,0.551270872,1.146073105,0.011,0.018,1
Cfap54,0.551270872,-0.445138284,0.011,0.018,1
Gm48350,0.551270872,-0.360852278,0.011,0.018,1
Gm20641,0.551270872,-0.42021219,0.011,0.018,1
Kcnrg,0.551270872,-0.42476891,0.011,0.018,1
CN725425,0.551270872,-0.482459694,0.011,0.018,1
5730405O15Rik,0.551270872,-0.434231054,0.011,0.018,1
4930550L24Rik,0.551270872,-0.231362475,0.011,0.018,1
Zfp13,0.551273515,0.21734032,0.144,0.122,1
Oxsm,0.551331535,-0.323463544,0.198,0.207,1
Shank1,0.551469056,-0.631808789,0.048,0.061,1
Bub1b,0.551796847,-0.67418896,0.053,0.067,1
Acp2,0.552110287,0.269140114,0.791,0.701,1
Med25,0.552597136,-0.19567085,0.583,0.628,1
Naa80,0.553028474,0.156571296,0.401,0.341,1
Pou2f1,0.553028474,-0.104207228,0.369,0.378,1
Gm1043,0.553090079,-0.111525084,0.342,0.366,1
Med24,0.553189241,-0.199449841,0.422,0.427,1
Col9a3,0.553225087,0.205231686,0.043,0.03,1
Gtf3c2,0.553305116,-0.23564171,0.556,0.567,1
0610010F05Rik,0.553455581,-0.153878389,0.882,0.866,1
Slc8a3,0.553471609,-0.600682355,0.267,0.226,1
Ocrl,0.553542873,-0.115667606,0.818,0.768,1
Ago4,0.553685558,-0.53230363,0.187,0.201,1
Trim45,0.553889827,-0.793979799,0.214,0.22,1
Dna2,0.553970432,-0.454175555,0.064,0.049,1
Gm28578,0.553970432,0.421714639,0.064,0.049,1
Tmem67,0.554072864,0.11885687,0.128,0.104,1
Fbxl18,0.554140693,-0.338234808,0.203,0.213,1
Arpc4,0.554169025,-0.262425451,0.802,0.811,1
Cabp1,0.554620441,-0.195675449,0.166,0.189,1
Gm29695,0.554707953,-0.343847026,0.011,0.018,1
Slamf8,0.554707953,-0.396494273,0.011,0.018,1
Gm37336,0.554707953,-0.339429361,0.011,0.018,1
Myo3b,0.554707953,-0.311555272,0.011,0.018,1
Ttc34,0.554707953,-0.426598207,0.011,0.018,1
Klb,0.554707953,0.338043571,0.011,0.018,1
Gm33474,0.554707953,-0.286029014,0.011,0.018,1
Zfp109,0.554707953,-0.187015405,0.011,0.018,1
Cx3cl1,0.554707953,-0.316961793,0.011,0.018,1
Elmo3,0.554707953,-0.37461055,0.011,0.018,1
Lcat,0.554707953,-0.413674819,0.011,0.018,1
Rasl12,0.554707953,-0.373774002,0.011,0.018,1
Smim24,0.554707953,-0.367897444,0.011,0.018,1
Slc26a10,0.554707953,-0.197378306,0.011,0.018,1
Slc22a21,0.554707953,-0.431964,0.011,0.018,1
Hcrt,0.554707953,-0.367620677,0.011,0.018,1
Tgif1,0.554707953,-0.387307606,0.011,0.018,1
Gm33373,0.554707953,-0.439758617,0.011,0.018,1
Pcdha4,0.554707953,-0.391624356,0.011,0.018,1
Smg5,0.554758952,-0.189301691,0.417,0.433,1
Haus7,0.554810868,0.262423683,0.198,0.171,1
Ubiad1,0.555068166,-0.450490333,0.048,0.061,1
Cdk7,0.555129896,-0.921336129,0.305,0.311,1
BC025920,0.55550281,-0.644103531,0.043,0.055,1
Cttnbp2nl,0.555653659,0.199009113,0.401,0.366,1
Miip,0.555663368,-0.107933724,0.086,0.104,1
D230025D16Rik,0.555675735,-0.128474708,0.31,0.323,1
Abcf3,0.555822113,-0.23119628,0.481,0.506,1
2610301B20Rik,0.556176728,-0.41373865,0.471,0.47,1
Dmtf1,0.556650015,0.117724647,0.588,0.506,1
Asb6,0.556833552,-0.23215384,0.209,0.226,1
Gm48512,0.556951958,-0.478741139,0.053,0.067,1
Pim2,0.55703288,0.190970245,0.353,0.317,1
Msh5,0.557405108,-0.512202289,0.043,0.055,1
Cfap43,0.557405108,-1.485376189,0.043,0.055,1
A930024E05Rik,0.557491143,0.132437442,0.064,0.049,1
Fbrsl1,0.557609386,-0.312927841,0.54,0.518,1
Rpa3,0.557630524,-0.279967919,0.198,0.22,1
Bud13,0.557712722,-0.379327016,0.059,0.073,1
Dtx1,0.558155479,-0.335979305,0.011,0.018,1
Ppm1n,0.558155479,-0.176898951,0.011,0.018,1
Gm29296,0.558155479,-0.280405788,0.011,0.018,1
Gm10584,0.558155479,1.087485445,0.011,0.018,1
0610038B21Rik,0.558155479,-0.323993146,0.011,0.018,1
Bcl11b,0.558155479,-0.193881305,0.011,0.018,1
Hhipl1,0.558155479,-0.255759554,0.011,0.018,1
Rapgef3,0.558155479,-0.22868076,0.011,0.018,1
Gm50322,0.558155479,-0.310929454,0.011,0.018,1
Gm11476,0.558427852,-0.67029258,0.037,0.049,1
2510039O18Rik,0.55872244,-0.26824668,0.487,0.476,1
Rfng,0.558963173,0.109328302,0.545,0.494,1
Mxd1,0.559101637,0.127703213,0.086,0.067,1
Mettl4,0.559215363,-0.202691542,0.545,0.482,1
Opn3,0.559255573,0.591058025,0.064,0.049,1
Kdm5c,0.559260846,-0.13699996,0.604,0.622,1
Entpd1,0.55936549,-0.648740763,0.059,0.073,1
Zfp26,0.559397144,-0.284333821,0.316,0.323,1
Ccdc15,0.559400014,-0.34441472,0.08,0.098,1
Ptprm,0.559860919,0.122685736,0.086,0.104,1
D17H6S53E,0.559879094,-0.201288539,0.091,0.11,1
Prcp,0.55995716,-0.118694871,0.353,0.366,1
Ern1,0.560251768,-0.513438138,0.219,0.226,1
Sort1,0.560424005,-0.430694352,0.299,0.311,1
Amer1,0.560461135,-0.119727661,0.406,0.433,1
Ncapd2,0.560488262,-0.459654202,0.048,0.061,1
Dock5,0.560766918,-0.418557199,0.209,0.232,1
Grk4,0.560945263,-0.138299773,0.246,0.25,1
Mdm1,0.56102271,0.163664318,0.064,0.049,1
Ephb3,0.56102271,0.199238648,0.064,0.049,1
2010110G14Rik,0.561087688,-0.719500891,0.016,0.024,1
Cenpe,0.561087688,-0.593635159,0.016,0.024,1
9130230L23Rik,0.561613391,1.023029472,0.011,0.018,1
Tesk1,0.561646847,-0.132836107,0.615,0.598,1
Gm19391,0.561699305,-0.620369408,0.203,0.22,1
BC028777,0.561884626,0.14296702,0.043,0.03,1
Tpk1,0.561902732,-0.528760045,0.262,0.262,1
Ccdc117,0.561921892,-0.228598246,0.193,0.213,1
Slc52a2,0.562239276,0.128847308,0.235,0.201,1
Zfp35,0.562463387,-0.164323226,0.289,0.293,1
Bfar,0.562579603,0.248261135,0.572,0.543,1
Gm8229,0.562678142,-0.453821842,0.059,0.073,1
Tbcd,0.562866059,-0.204774288,0.717,0.701,1
Adprhl2,0.563133115,-0.159085606,0.187,0.207,1
Zfp384,0.563133115,-0.337770853,0.187,0.207,1
Taf4,0.563433606,-0.420083497,0.246,0.268,1
Gprc5b,0.563716157,-0.159034326,0.086,0.067,1
Rsph10b,0.563861731,-0.529888202,0.053,0.067,1
Ercc2,0.563918488,0.206142405,0.128,0.11,1
Stk36,0.564025303,-0.581614494,0.016,0.024,1
Gm14023,0.564025303,-0.582842195,0.016,0.024,1
Gm44040,0.564025303,-0.605227664,0.016,0.024,1
Gm45345,0.564025303,-0.539004957,0.016,0.024,1
Gm38910,0.564059702,0.243178764,0.043,0.03,1
Gm20045,0.564115845,-0.402546345,0.048,0.061,1
Tomm40,0.564157044,0.121844749,0.684,0.652,1
Mrps11,0.564256551,0.20590121,0.487,0.451,1
Pola1,0.564331782,-0.555948813,0.155,0.165,1
Catsperd,0.564338011,-1.144450576,0.059,0.073,1
Mcf2,0.56456507,0.204670641,0.064,0.049,1
Spag1,0.56480879,0.116679483,0.112,0.091,1
Mfhas1,0.564837701,0.151520849,0.85,0.793,1
Elk1,0.564984815,-0.262717306,0.251,0.268,1
Gna14,0.565045858,-0.747079943,0.043,0.055,1
Dolpp1,0.56518712,-0.312659455,0.567,0.549,1
Nipal2,0.565287741,-0.1901819,0.326,0.341,1
Vps9d1,0.565290842,-0.206490588,0.342,0.354,1
Rps6ka1,0.565524461,-0.116048463,0.107,0.128,1
C1galt1,0.565929655,0.532244679,0.374,0.354,1
AW046200,0.566000234,-0.597174372,0.059,0.073,1
Kat5,0.56600139,0.142248546,0.626,0.53,1
1700056E22Rik,0.566134914,-0.746357575,0.021,0.03,1
Gm39459,0.566134914,-0.97012979,0.021,0.03,1
4933406P04Rik,0.566134914,-0.817600865,0.021,0.03,1
Kremen2,0.566134914,-0.659796846,0.021,0.03,1
D830025C05Rik,0.566238825,0.234027125,0.043,0.03,1
4930558K02Rik,0.566238825,-0.984294805,0.032,0.043,1
Rtl1,0.566238825,-2.456015332,0.032,0.043,1
Nsmce3,0.566406823,0.329610594,0.364,0.323,1
5830454E08Rik,0.566609136,0.196084525,0.091,0.073,1
Rhbdd1,0.566709981,-0.177574047,0.316,0.323,1
Gm14391,0.566970306,-0.577174041,0.016,0.024,1
Lrrc19,0.566970306,-0.555859389,0.016,0.024,1
Gm26887,0.566970306,-1.146075068,0.016,0.024,1
Gm47711,0.566970306,-0.610738063,0.016,0.024,1
Gm32004,0.566970306,-1.615956486,0.016,0.024,1
Gm7598,0.566970306,-0.605930855,0.016,0.024,1
Pik3r3,0.567228852,-0.253071285,0.455,0.445,1
Psg16,0.567332036,-0.484551325,0.053,0.067,1
Sugct,0.567672385,-0.588918712,0.166,0.177,1
Plrg1,0.567733035,0.264082989,0.251,0.226,1
Hsd17b11,0.567825906,-0.200596793,0.385,0.39,1
Gm26621,0.56858605,-0.50480352,0.037,0.049,1
Slc37a1,0.568854006,-0.253181918,0.075,0.091,1
Gpsm2,0.568983441,-0.969904214,0.112,0.128,1
Ano5,0.569363093,-0.157072352,0.257,0.213,1
Orai1,0.569475214,0.257715681,0.337,0.293,1
Zfp217,0.569578326,-0.233378155,0.048,0.061,1
Rsad2,0.569698967,-0.417474291,0.246,0.213,1
Gm13483,0.56981735,-0.278887862,0.294,0.305,1
Mynn,0.569883187,0.536739008,0.262,0.232,1
Hes3,0.569922658,-0.615727296,0.016,0.024,1
Ces4a,0.569922658,-0.488648784,0.016,0.024,1
Gm11361,0.569922658,-0.652636083,0.016,0.024,1
Mmp25,0.569922658,-0.458236421,0.016,0.024,1
Gm12811,0.570285572,-0.64923723,0.027,0.037,1
Fam210a,0.570322634,-0.14600504,0.492,0.494,1
Slc19a1,0.570343125,0.108691525,0.31,0.323,1
B630019A10Rik,0.570609151,0.224796587,0.043,0.03,1
Ly75,0.570609151,-0.680005662,0.032,0.043,1
Glt28d2,0.570609151,-0.836844551,0.032,0.043,1
Scel,0.570609151,-0.543623861,0.032,0.043,1
Lrp5,0.570628239,-0.860033898,0.037,0.049,1
Xkr4,0.571003151,0.209914374,0.428,0.396,1
Wtip,0.571008862,-0.162819001,0.364,0.378,1
Snx33,0.571358648,-0.806990106,0.021,0.03,1
Ltb,0.571358648,-0.753753524,0.021,0.03,1
Gsto2,0.571681907,0.584653396,0.064,0.049,1
Nup50,0.571977245,0.153422432,0.578,0.5,1
Ranbp17,0.572086273,-0.31099895,0.353,0.372,1
B3galt1,0.57211913,-0.525218547,0.15,0.165,1
Oma1,0.572294753,-0.41147845,0.134,0.152,1
Sat2,0.572299679,0.235795831,0.455,0.402,1
Gm14029,0.572660315,-0.633493687,0.027,0.037,1
Lipc,0.572660315,-0.557353293,0.027,0.037,1
4930544F09Rik,0.572660315,-0.773481633,0.027,0.037,1
Gm4107,0.572660315,-0.591948875,0.027,0.037,1
Esrrg,0.572672524,0.909150893,0.059,0.073,1
Xylb,0.572673915,-1.045891582,0.037,0.049,1
Rgma,0.572800323,0.212635445,0.043,0.03,1
Ccdc142os,0.572800323,-0.634163892,0.032,0.043,1
Gm26954,0.572882323,-0.504943667,0.016,0.024,1
1500035N22Rik,0.572882323,-2.026714508,0.016,0.024,1
Gm20629,0.572882323,-0.573266176,0.016,0.024,1
Pdf,0.572882323,-0.471161327,0.016,0.024,1
Nova1,0.572882323,-0.672193356,0.016,0.024,1
Gm29266,0.572882323,-1.204887118,0.016,0.024,1
Sgo1,0.572882323,-0.710572832,0.016,0.024,1
Uhrf1,0.572882323,-0.475349726,0.016,0.024,1
Majin,0.572882323,-0.373870202,0.016,0.024,1
Klhl18,0.573077159,-0.201328564,0.257,0.274,1
Kcnc3,0.573106521,-0.25341786,0.396,0.384,1
2610020C07Rik,0.573253199,0.238378652,0.15,0.165,1
Fra10ac1,0.573655153,-0.127733536,0.428,0.457,1
Zeb2os,0.573683147,-0.332172166,0.251,0.262,1
Gm10638,0.573807758,-0.304058948,0.257,0.262,1
Mtrf1l,0.573911943,-0.126472565,0.193,0.159,1
Pcdhb17,0.573947843,-0.232500422,0.128,0.146,1
Gm32834,0.573979087,-0.545735635,0.021,0.03,1
A330094K24Rik,0.573979087,-0.554601295,0.021,0.03,1
Kansl2,0.574164452,-0.26035257,0.679,0.598,1
Kcnh8,0.574221063,0.758325427,0.139,0.122,1
Neurl2,0.574346412,-0.580687143,0.059,0.073,1
Cbx8,0.574346412,-0.438162006,0.059,0.073,1
Snhg17,0.574667033,-0.468819712,0.043,0.055,1
Gm13919,0.574723067,-0.659404739,0.037,0.049,1
1700109H08Rik,0.574723067,-0.525244477,0.037,0.049,1
Ska2,0.574978709,-0.413812771,0.342,0.354,1
Cdca3,0.574995481,-0.574025277,0.032,0.043,1
2900060N12Rik,0.574995481,0.683943181,0.032,0.043,1
Fam160b1,0.575018388,-0.134180583,0.652,0.652,1
Gm13522,0.575039742,-0.588785494,0.027,0.037,1
Gm43062,0.575039742,-0.51890254,0.027,0.037,1
Fscn2,0.575039742,-0.751702333,0.027,0.037,1
Srp54c,0.575039742,-0.912099391,0.027,0.037,1
1700109K24Rik,0.575039742,-0.520126924,0.027,0.037,1
Ikbkb,0.575076531,-0.170253294,0.455,0.445,1
Kyat3,0.575325023,-0.522552682,0.144,0.122,1
Sema3f,0.57561399,0.331056855,0.091,0.073,1
Rnf13,0.575659278,-0.104550462,0.797,0.787,1
Mgst2,0.575849261,-0.384863321,0.016,0.024,1
Svopl,0.575849261,-0.364238055,0.016,0.024,1
Gm15927,0.575849261,-0.408512203,0.016,0.024,1
Adamtsl5,0.575849261,-0.376651998,0.016,0.024,1
Gm47469,0.575849261,-0.732120598,0.016,0.024,1
Hsf2bp,0.575849261,-0.410677943,0.016,0.024,1
Tnfaip8l1,0.575849261,-0.443262632,0.016,0.024,1
Gm6710,0.576020286,-0.138722985,0.561,0.561,1
Vangl2,0.576052277,-0.253952088,0.053,0.067,1
Naalad2,0.576358713,-0.219132629,0.23,0.25,1
Tia1,0.576434617,-0.208948784,0.487,0.476,1
C130013H08Rik,0.57660053,-0.481806462,0.043,0.055,1
Chrna5,0.57660053,-0.686509222,0.043,0.055,1
Pnma1,0.57660053,-0.420051543,0.043,0.055,1
Ccdc14,0.57660053,-0.482879757,0.043,0.055,1
4930447K03Rik,0.576605205,-0.585308296,0.021,0.03,1
Gm50013,0.576605205,-0.450689407,0.021,0.03,1
Pi16,0.576605205,-0.538909434,0.021,0.03,1
A930012L18Rik,0.576605205,-0.53170731,0.021,0.03,1
Nxn,0.576689806,0.100761361,0.412,0.433,1
Bst2,0.576741759,-0.291675873,0.663,0.616,1
Tmem132b,0.577194609,-0.235110633,0.043,0.03,1
Gm43573,0.577194609,-0.533930129,0.032,0.043,1
Gm39469,0.577384729,-0.188626923,0.39,0.415,1
Ctbs,0.577423834,-0.598959025,0.027,0.037,1
Fem1a,0.577677668,-0.146716426,0.636,0.622,1
Lancl1,0.577740411,-0.14591045,0.775,0.75,1
Tsen2,0.578007868,-0.285685787,0.171,0.189,1
Zfp37,0.578095658,-0.266890798,0.38,0.378,1
Clk1,0.57836866,-0.145726198,0.604,0.604,1
Tnfaip8l2,0.578823436,-0.4256276,0.016,0.024,1
Gm10563,0.578823436,-0.405782472,0.016,0.024,1
Gm26953,0.578823436,-0.483805758,0.016,0.024,1
Klhl35,0.578823436,-0.314422103,0.016,0.024,1
AI429214,0.578823436,-0.743353901,0.016,0.024,1
B230317F23Rik,0.578823436,-0.429985481,0.016,0.024,1
Adra2a,0.578823436,-0.310327228,0.016,0.024,1
Metrnl,0.578843372,0.181176321,0.364,0.311,1
Utp23,0.578990884,0.131884678,0.187,0.159,1
Tmprss11d,0.579236975,-0.501358036,0.021,0.03,1
Gm10320,0.579236975,-0.617100279,0.021,0.03,1
Glp1r,0.579236975,-0.713378434,0.021,0.03,1
Car11,0.57927915,0.106067759,0.594,0.543,1
Tbc1d25,0.5793108,-0.316448707,0.251,0.262,1
Stox1,0.579397691,-0.557221465,0.043,0.03,1
E030042O20Rik,0.579397691,-0.478663421,0.032,0.043,1
Cenpa,0.579397691,-0.458886851,0.032,0.043,1
AC150683.1,0.579397691,-0.28111418,0.032,0.043,1
Gm26542,0.579558001,-0.873018117,0.053,0.067,1
Gm47113,0.57981257,-0.498980942,0.027,0.037,1
Pgpep1l,0.580009924,-0.200677317,0.07,0.085,1
Zfpm1,0.580009924,-0.281365145,0.07,0.085,1
Pheta1,0.580212092,-0.238158869,0.262,0.213,1
Ppat,0.580426728,0.451540617,0.257,0.226,1
Gm26693,0.580476698,-0.297727282,0.043,0.055,1
Tmtc3,0.580561646,-0.370742208,0.273,0.287,1
Ddx31,0.58124353,0.165291427,0.193,0.165,1
Zfp551,0.581314609,-0.489200513,0.053,0.067,1
Gm47512,0.581604711,-0.445403928,0.032,0.043,1
Hist1h3d,0.581604711,-0.530645733,0.032,0.043,1
4930505N22Rik,0.581675034,-0.916838912,0.064,0.079,1
Lbp,0.581804806,-0.435134271,0.016,0.024,1
A230083N12Rik,0.581804806,-0.343508879,0.016,0.024,1
Gm45250,0.581804806,-0.333087122,0.016,0.024,1
Gm33037,0.581804806,-0.177773768,0.016,0.024,1
Slc7a15,0.581804806,-0.370903612,0.016,0.024,1
C230013L11Rik,0.581804806,-0.173028781,0.016,0.024,1
Cyp2c23,0.581804806,-0.263953538,0.016,0.024,1
Stpg2,0.58187437,-0.565523789,0.021,0.03,1
Gm28809,0.58187437,-1.041718248,0.021,0.03,1
Crybg1,0.58187437,-0.59297843,0.021,0.03,1
Parpbp,0.58187437,-0.432884076,0.021,0.03,1
Hmgn2,0.581971264,-0.154196664,0.636,0.659,1
Tor1b,0.58202583,-0.166302085,0.428,0.427,1
Abcb10,0.582164667,-0.268124914,0.529,0.524,1
Gm13402,0.58220593,-0.534204972,0.027,0.037,1
Fiz1,0.582247176,-0.215967723,0.203,0.226,1
Gpatch2,0.582248924,-0.129081152,0.471,0.457,1
Rce1,0.582293898,0.531684426,0.299,0.268,1
Rbm27,0.582403856,0.114382415,0.717,0.64,1
Mrap2,0.582419349,-0.302167187,0.043,0.055,1
Abcb8,0.582754784,0.232547807,0.337,0.311,1
Gm19705,0.582954167,-1.311705556,0.037,0.049,1
Npy4r,0.583218272,0.302047217,0.102,0.085,1
Nop53,0.583265819,-0.141139997,0.738,0.713,1
B3gnt6,0.583316537,0.478581051,0.027,0.018,1
Ust,0.583471692,0.127779872,0.674,0.701,1
Ogfod2,0.583762902,0.191394194,0.406,0.372,1
Syf2,0.583769232,-0.240856457,0.813,0.78,1
Dtnbos,0.583815654,-0.451320804,0.032,0.043,1
Ptpre,0.583987156,-0.256770197,0.176,0.146,1
Ftx,0.584111132,0.107837697,0.294,0.274,1
Ctdp1,0.58418176,-0.491028404,0.176,0.189,1
Bckdhb,0.58421924,0.201495946,0.273,0.287,1
Tmem150b,0.58426706,-0.38373001,0.048,0.061,1
Gm10373,0.584307296,-0.321138139,0.112,0.128,1
Ackr1,0.584360131,0.190056225,0.813,0.768,1
Gm7854,0.584365029,-0.462897709,0.043,0.055,1
Gm29570,0.584517364,-0.47024079,0.021,0.03,1
Avp,0.584517364,-0.869877863,0.021,0.03,1
Gm12840,0.584517364,-0.513719761,0.021,0.03,1
4933408N05Rik,0.584517364,-0.351501396,0.021,0.03,1
Slc16a11,0.584603895,-0.420857946,0.027,0.037,1
Gm48166,0.584603895,-0.455239886,0.027,0.037,1
Pheta2,0.584603895,-0.675729171,0.027,0.037,1
Ppfibp1,0.584631351,-0.447648417,0.31,0.299,1
Gm28960,0.584793334,-0.293685238,0.016,0.024,1
Gm13625,0.584793334,0.706219576,0.016,0.024,1
Clic5,0.584793334,-0.382280976,0.016,0.024,1
Prxl2a,0.584804327,0.102673225,0.69,0.616,1
St8sia6,0.585020501,-0.666220777,0.037,0.049,1
Zfp950,0.585253684,-0.13987297,0.631,0.604,1
Mdm4,0.585605277,-0.17846252,0.636,0.616,1
Tmem91,0.586030503,-0.807737138,0.032,0.043,1
C030013C21Rik,0.586030503,-0.397842858,0.032,0.043,1
Coq5,0.586043355,-0.117145951,0.428,0.427,1
Ngrn,0.586089865,0.105975853,0.781,0.768,1
Zfp784,0.586115477,-0.421791534,0.048,0.061,1
Lyz2,0.586119231,0.28967578,0.027,0.018,1
4930553P18Rik,0.586274632,-0.260374446,0.07,0.085,1
Atraid,0.586621003,-0.129647526,0.706,0.659,1
Spire1,0.586671794,0.16441484,0.733,0.659,1
Cox15,0.586992041,0.284121613,0.219,0.189,1
Prkcq,0.587006442,-0.470844705,0.027,0.037,1
Efcab8,0.587006442,-0.456779979,0.027,0.037,1
Gm45609,0.587006442,-0.418400756,0.027,0.037,1
Defb30,0.587006442,-0.48753393,0.027,0.037,1
Lsm7,0.587058588,0.212708403,0.936,0.909,1
Agbl1,0.587165929,-0.118047346,0.021,0.03,1
Gm49417,0.587165929,-0.409669895,0.021,0.03,1
Urm1,0.587709129,0.123646432,0.786,0.774,1
Mmp28,0.58778898,-0.309504965,0.016,0.024,1
Tdrp,0.587891314,-0.205967319,0.444,0.415,1
Cep350,0.588082801,-0.256850277,0.62,0.585,1
Faxc,0.58811345,-0.160730604,0.481,0.506,1
Dzip1,0.588201921,-0.125224816,0.219,0.232,1
Gm5432,0.588249243,-0.180700448,0.032,0.043,1
Gm49961,0.588249243,-0.400658172,0.032,0.043,1
Hist1h4a,0.588265437,-0.366315221,0.043,0.055,1
Hist1h4d,0.588743195,0.156338084,0.299,0.262,1
Wnt6,0.588845288,0.208399823,0.118,0.098,1
Tacr3,0.588928156,0.346195571,0.027,0.018,1
Tnfsf13os,0.588928156,0.287674773,0.027,0.018,1
Gm35558.1,0.588928156,0.282530186,0.027,0.018,1
Zswim6,0.58903175,-0.145176216,0.572,0.573,1
Gm48619,0.589163349,-0.314132947,0.037,0.049,1
St18,0.589195492,0.186539808,0.471,0.451,1
Erich6,0.589321815,0.645918966,0.096,0.079,1
Gm50069,0.589413553,-0.449214813,0.027,0.037,1
Gm50115,0.589413553,-1.824395483,0.027,0.037,1
Cxcl10,0.589806176,-1.123045243,0.064,0.079,1
Nupr1,0.589820036,-0.725153976,0.021,0.03,1
Gm12031,0.589820036,-0.821133299,0.021,0.03,1
Itgae,0.589820036,-0.372098122,0.021,0.03,1
Cntnap3,0.589820036,-0.294204702,0.021,0.03,1
Cacng4,0.589820426,-0.381374912,0.048,0.061,1
Gabra5,0.590134782,-0.28887089,0.053,0.067,1
Gab1,0.590210078,-0.136207534,0.487,0.512,1
4932422M17Rik,0.590220141,-1.466952821,0.043,0.055,1
Bnipl,0.590471857,-0.411314389,0.032,0.043,1
Btbd11,0.590471857,-0.601287889,0.032,0.043,1
Pdpr,0.59053677,-0.410269491,0.203,0.213,1
Prkab1,0.590620117,0.152468295,0.123,0.104,1
Gm15862,0.590791704,0.190975914,0.016,0.024,1
Larp7,0.590814543,-0.160373265,0.556,0.561,1
Kcnd2,0.591239836,0.407792688,0.048,0.037,1
Sipa1,0.591585118,0.124466497,0.166,0.14,1
Ciapin1,0.591616727,-0.133999826,0.898,0.878,1
C430014B12Rik,0.591743278,0.52291456,0.027,0.018,1
Gm16740,0.591743278,0.342707835,0.027,0.018,1
Mlip,0.591743278,1.008809491,0.027,0.018,1
B830017H08Rik,0.591743278,0.331420393,0.027,0.018,1
Rexo5,0.591825206,-0.441773859,0.027,0.037,1
Gm26520,0.591825206,-0.455128159,0.027,0.037,1
Nme4,0.591877817,0.260532426,0.182,0.159,1
Bcas1,0.592177831,-0.412980973,0.043,0.055,1
D330050I16Rik,0.592280107,0.291649554,0.096,0.079,1
Zmat3,0.592449033,-0.144374015,0.834,0.829,1
Gm13307,0.592479659,-0.370773832,0.021,0.03,1
Gm45669,0.592479659,-0.872156729,0.021,0.03,1
Gm12068,0.592479659,-0.387780141,0.021,0.03,1
Coro6,0.592479659,-0.339066474,0.021,0.03,1
Mlc1,0.592479659,-0.504741655,0.021,0.03,1
3222401L13Rik,0.592479659,-0.352435508,0.021,0.03,1
Eno1b,0.592479659,-0.43259399,0.021,0.03,1
Kdm4d,0.592698328,-0.774280639,0.032,0.043,1
Trim62,0.592741603,-0.290496141,0.449,0.445,1
Fam126b,0.592906004,-0.120329756,0.77,0.799,1
Pxmp4,0.593112982,0.442000693,0.396,0.348,1
Pisd,0.5932274,-0.132094573,0.492,0.47,1
Gm1968,0.593319681,-0.339325458,0.037,0.049,1
Limd1,0.593409824,-0.526469833,0.299,0.256,1
Ggta1,0.593409824,-0.358551974,0.278,0.28,1
Hdac3,0.5934827,-0.225095772,0.578,0.537,1
Vill,0.59350148,0.39909564,0.075,0.061,1
Trip10,0.59350319,-0.273526784,0.182,0.189,1
Oga,0.593669536,-0.130025959,0.877,0.866,1
Fbxl21,0.593907752,-0.470197718,0.15,0.159,1
Ech1,0.593971836,0.103700729,0.738,0.665,1
Fstl5,0.593994981,-0.400036337,0.342,0.341,1
Ift140,0.594109298,0.194748427,0.342,0.305,1
Yipf2,0.594204544,0.166429487,0.257,0.238,1
Gm11496,0.59424138,-0.420119043,0.027,0.037,1
Kcnj9,0.594564565,0.43029153,0.027,0.018,1
Adh7,0.594564565,0.325408795,0.027,0.018,1
Gm3510,0.594564565,0.321199019,0.027,0.018,1
Nme3,0.594928641,-0.179904435,0.032,0.043,1
Prrg1,0.594928641,-0.428681965,0.032,0.043,1
Ube2g2,0.594987423,-0.135072107,0.62,0.616,1
Ovgp1,0.59514477,-0.444373479,0.021,0.03,1
Gm3248,0.59514477,-0.306240604,0.021,0.03,1
Kcnk18,0.59514477,-1.004258316,0.021,0.03,1
Gm48678,0.595397993,0.469080841,0.048,0.061,1
Ggn,0.595402871,-0.353209977,0.037,0.049,1
Poc1a,0.595402871,-0.138583777,0.037,0.049,1
Gm19426,0.595402871,0.272231116,0.048,0.037,1
Helz2,0.595686524,0.169811722,0.118,0.134,1
Itsn1,0.596005886,-0.209523479,0.535,0.53,1
2310039L15Rik,0.596102124,-0.946888283,0.043,0.055,1
Tmem255a,0.596314835,-0.240639098,0.059,0.073,1
Hectd3,0.596316777,-0.421177586,0.428,0.421,1
Clp1,0.596329218,-0.258954503,0.166,0.177,1
Zfp618,0.596506305,-0.317258561,0.396,0.39,1
Fastkd3,0.596718854,-0.241877264,0.273,0.28,1
4933431E20Rik,0.596758204,0.145064313,0.551,0.524,1
Prim1,0.596768525,-0.484431866,0.128,0.14,1
Itpr2,0.596840656,0.476186644,0.075,0.061,1
Zfp532,0.596988124,-0.478683801,0.444,0.421,1
Arhgef18,0.597134976,-0.252135233,0.471,0.451,1
Sema7a,0.597162779,-0.297152576,0.032,0.043,1
Man2b2,0.597262515,-0.268878562,0.048,0.061,1
Slc26a6,0.597262515,-0.285127906,0.048,0.061,1
Mustn1,0.597307207,0.118323388,0.07,0.055,1
Pus7l,0.597307207,0.166968937,0.07,0.055,1
Prex2,0.597347922,0.373406093,0.273,0.25,1
Gm16582,0.597391982,0.114725053,0.027,0.018,1
Sardh,0.597391982,0.52922677,0.027,0.018,1
Lrp8os3,0.597391982,0.221054154,0.027,0.018,1
Kcnh4,0.597391982,0.219767481,0.027,0.018,1
Gm40578,0.597391982,-0.451066024,0.027,0.018,1
Gm49169,0.597391982,0.182244557,0.027,0.018,1
Gm10353,0.597391982,0.226367728,0.027,0.018,1
9430091E24Rik,0.597489391,-0.227220376,0.037,0.049,1
Sp3os,0.597547891,-0.224053497,0.594,0.591,1
Plek,0.597802592,-0.401032723,0.134,0.146,1
Pycard,0.598068705,-0.271721656,0.043,0.055,1
Obsl1,0.59829427,-0.308519485,0.257,0.268,1
Dip2b,0.598579978,-0.106711704,0.738,0.768,1
Pstk,0.598580899,0.16654145,0.428,0.396,1
Bach1,0.59860922,0.132363966,0.39,0.348,1
Mrps17,0.598630086,0.109247677,0.909,0.89,1
Gm46620,0.599087207,-0.280746544,0.027,0.037,1
H2-Ab1,0.599400724,-0.384003009,0.032,0.043,1
Lzic,0.599542162,-0.246399545,0.193,0.207,1
Ggps1,0.599744798,-0.100068887,0.904,0.902,1
Ttf2,0.600024664,-0.221719038,0.209,0.22,1
Gm13270,0.600225496,0.142351799,0.027,0.018,1
Irf8,0.600225496,0.114607311,0.027,0.018,1
5430414B19Rik,0.600225496,0.223342054,0.027,0.018,1
Gm42064,0.600225496,0.550906004,0.027,0.018,1
Spty2d1,0.600260904,-0.119261331,0.513,0.549,1
Gm14488,0.600491339,-0.329694925,0.021,0.03,1
Lrrc39,0.600491339,-0.29261344,0.021,0.03,1
Usp4,0.600638998,-0.124546141,0.513,0.47,1
Ulk4,0.601014813,-0.237990248,0.155,0.171,1
Gm26608,0.601516818,-0.686007078,0.027,0.037,1
Gm42456,0.601516818,-0.140666472,0.027,0.037,1
Dynlt1c,0.601516818,-0.267261791,0.027,0.037,1
Tor1aip1,0.601656229,0.147517495,0.62,0.585,1
B4galt5,0.601656448,-0.100401555,0.781,0.78,1
1700001G11Rik,0.60167237,0.282281123,0.048,0.037,1
Rcn1,0.60173751,-0.229313616,0.273,0.287,1
Tmco3,0.60180372,-0.145534883,0.535,0.53,1
Lbhd1,0.601865385,0.22925,0.075,0.061,1
Gm12059,0.602393364,0.164293808,0.118,0.098,1
Mtmr10,0.602516773,0.202724402,0.219,0.189,1
Ccnd1,0.602542367,-0.193579894,0.07,0.055,1
Cyp4x1,0.6026467,-0.107863384,0.583,0.616,1
Spin2c,0.602871947,-0.245428789,0.048,0.061,1
Noc2l,0.603014608,-0.185054659,0.332,0.348,1
Gm49890,0.603065073,0.481645898,0.027,0.018,1
Dab2,0.603065073,0.230378486,0.027,0.018,1
Gm49494,0.603065073,0.18293595,0.027,0.018,1
Itga5,0.603065073,0.435688436,0.027,0.018,1
Gm50218,0.603065073,0.294460552,0.027,0.018,1
Milr1,0.603302009,-0.264031641,0.155,0.171,1
Wdr24,0.603454425,-0.212597843,0.241,0.201,1
Ly6e,0.603544523,1.064942243,0.075,0.061,1
Zfp326,0.603582971,0.163528552,0.439,0.457,1
Tmem88b,0.603768801,-0.344406069,0.037,0.049,1
1810062G17Rik,0.603768801,0.136006821,0.048,0.037,1
Cited2,0.603921185,-0.216098601,0.422,0.402,1
Maats1,0.603950865,-0.112916011,0.027,0.037,1
Kank3,0.604338773,-0.162134482,0.214,0.177,1
Zkscan2,0.604708346,-1.21945526,0.112,0.091,1
Tssc4,0.604722212,-0.151566712,0.465,0.457,1
Ndufaf7,0.604891185,-0.171798081,0.439,0.433,1
Gstm4,0.604931394,0.163331256,0.267,0.238,1
Mfsd5,0.605311692,-0.244377059,0.529,0.524,1
Abhd14a,0.605353671,0.181471873,0.61,0.561,1
Kirrel3os,0.605364213,-0.471315941,0.091,0.104,1
Naa60,0.605690942,-0.193642807,0.631,0.598,1
Acss3,0.605859515,-0.138148589,0.021,0.03,1
Gm38604,0.605859515,-0.245514417,0.021,0.03,1
Ppp1r1a,0.605859515,-0.190529347,0.021,0.03,1
Pnldc1,0.605859515,-0.194557346,0.021,0.03,1
Gm47096,0.605868508,0.220806414,0.048,0.037,1
Gns,0.605873444,-0.241651347,0.674,0.628,1
Mad2l1bp,0.606102464,0.18397628,0.246,0.213,1
Kcna4,0.606240308,-0.179250142,0.364,0.378,1
Kcnd3,0.606389326,-0.323835016,0.027,0.037,1
Ankrd26,0.606510839,-0.121395765,0.374,0.384,1
Hist1h2ap,0.606581573,-0.198965506,0.059,0.073,1
Sart3,0.60658334,-0.508756631,0.278,0.293,1
Yars,0.606713437,-0.149888462,0.567,0.567,1
Atf1,0.606721205,-0.37540615,0.294,0.287,1
Aars2,0.606869644,-0.334842784,0.251,0.262,1
Trim11,0.60761632,0.144149616,0.257,0.226,1
4833408A19Rik,0.607739839,-0.23216011,0.123,0.14,1
Arrdc1,0.607861404,-0.171182304,0.385,0.396,1
Kcnn2,0.60839025,-0.414817641,0.032,0.043,1
Nprl2,0.608443283,-0.343552819,0.337,0.323,1
Adprm,0.60855107,-0.309095593,0.38,0.384,1
Mtfr1,0.608582682,0.100525863,0.294,0.268,1
Man2c1os,0.608647963,0.359055232,0.08,0.067,1
Syt2,0.609019195,-0.172417189,0.684,0.701,1
Mical2,0.609047589,-0.386912122,0.278,0.287,1
Kcnip2,0.609554534,0.209173468,0.07,0.055,1
Magi3,0.609997221,-0.2197166,0.519,0.524,1
Vars,0.610482019,-0.269185489,0.316,0.317,1
Zfp85,0.610646981,-0.231029167,0.032,0.043,1
Miat,0.610782995,-0.199679683,0.615,0.591,1
Ap5m1,0.610872622,-0.390471099,0.396,0.348,1
D16Ertd472e,0.611052361,0.133380609,0.326,0.293,1
Pcgf6,0.611609079,-0.370188708,0.241,0.25,1
Carlr,0.611619836,0.110543041,0.027,0.018,1
Ppil6,0.611619836,0.281404953,0.027,0.018,1
Ropn1l,0.611619836,0.230347132,0.027,0.018,1
Pkdrej,0.611619836,0.113022473,0.027,0.018,1
Gm10817,0.611619836,-0.270552848,0.027,0.018,1
Sfmbt1,0.611653896,-0.118396083,0.545,0.561,1
Mettl18,0.611654649,-0.683390228,0.08,0.091,1
Setd1b,0.612612816,-0.211517451,0.791,0.787,1
Alpk2,0.612907419,-0.238654157,0.032,0.043,1
Spsb4,0.612923532,-0.179546983,0.594,0.561,1
Psme4,0.613339008,-0.135690806,0.717,0.689,1
Gm48226,0.613436776,-0.143079857,0.289,0.311,1
Aph1c,0.613591431,-0.133766425,0.118,0.134,1
Rbks,0.613596081,0.29208112,0.107,0.091,1
Gm28370,0.613663258,0.174557802,0.075,0.061,1
Gm28424,0.614483318,-0.143038328,0.027,0.018,1
Vdr,0.614483318,-1.255608367,0.027,0.018,1
Il33,0.614483318,-0.349145025,0.027,0.018,1
A430035B10Rik,0.614996506,-0.404661097,0.15,0.159,1
Gm28376,0.615049355,0.138936999,0.102,0.085,1
Nop2,0.615389975,-0.403042256,0.193,0.207,1
Tmem159,0.615723139,0.132380198,0.455,0.409,1
Chst5,0.616032828,-0.513531904,0.086,0.098,1
Tmem268,0.616051896,-0.301736853,0.048,0.061,1
Srp72,0.616304511,-0.10497332,0.872,0.829,1
Rpap2,0.616495838,-0.313183304,0.385,0.384,1
Best1,0.616546521,0.177947085,0.182,0.159,1
Usp1,0.616797036,-0.384179014,0.305,0.262,1
Fgd1,0.617007697,-0.126508298,0.203,0.226,1
Slco5a1,0.617352689,-0.224463306,0.027,0.018,1
Slc18a2,0.617352689,-0.127164125,0.027,0.018,1
Asphd1,0.617409183,0.164696092,0.417,0.384,1
Muc3a,0.617439341,-0.209463395,0.032,0.043,1
Nsun5,0.617516862,-0.152937659,0.214,0.183,1
Erich3,0.617556436,-0.18800019,0.348,0.354,1
Cacna1h,0.617892691,0.219739512,0.524,0.439,1
Btk,0.617894331,1.665335994,0.053,0.043,1
Mrpl22,0.618138223,-0.11664331,0.701,0.616,1
Xxylt1,0.618238919,-0.225232654,0.23,0.238,1
1110018N20Rik,0.618245906,-0.382881145,0.337,0.329,1
Mapkapk3,0.618750523,0.686690427,0.075,0.061,1
A730063M14Rik,0.619205774,0.240935515,0.096,0.079,1
Ppp4r1,0.619347743,0.123739904,0.551,0.512,1
Ift172,0.619454918,0.12661091,0.283,0.256,1
Sumf2,0.619465484,-0.199548496,0.15,0.165,1
Ahi1,0.619841643,-0.121678945,0.968,0.957,1
Pik3c2a,0.61984395,-0.162221679,0.578,0.555,1
Gm17435,0.619892618,0.428124989,0.053,0.043,1
Tmem198b,0.620166558,-0.119470207,0.096,0.11,1
Dctpp1,0.620925389,0.267509844,0.594,0.567,1
Snip1,0.62138217,0.210682826,0.251,0.226,1
Gm11906,0.621506471,-0.932259043,0.139,0.152,1
Ptprt,0.621598412,-0.151152696,0.326,0.28,1
Ttll5,0.621752852,0.126563852,0.62,0.555,1
Sptlc1,0.621962656,-0.240829072,0.412,0.433,1
2010315B03Rik,0.622061341,0.10205013,0.385,0.354,1
Wdr37,0.6224676,-0.233617398,0.802,0.829,1
Rsl1d1,0.622523621,-0.2093143,0.61,0.604,1
Gpr37,0.622995539,-0.252226551,0.096,0.11,1
Slc36a4,0.623041797,-0.115938945,0.663,0.671,1
Diaph3,0.623070835,-0.107276815,0.294,0.305,1
Irgm2,0.62316229,-0.255770592,0.187,0.201,1
Timm21,0.623410328,-0.106175648,0.332,0.293,1
Syt10,0.623856123,0.395231385,0.075,0.061,1
Slc26a7,0.623897614,0.304479288,0.053,0.043,1
Fam117a,0.624018353,-0.265920456,0.123,0.104,1
Sp110,0.624910969,-0.19605867,0.037,0.049,1
Spata33,0.625092329,-0.677961626,0.112,0.122,1
Ifi30,0.625627461,-0.471996799,0.166,0.177,1
Iffo1,0.625898091,-0.122054345,0.465,0.445,1
Kctd18,0.626329445,-0.322332732,0.241,0.262,1
Ash2l,0.626489599,-0.193228265,0.54,0.512,1
Ap5z1,0.62658748,-0.18460185,0.305,0.323,1
Sox6,0.627357684,-0.186962588,0.171,0.146,1
BC003965,0.627395223,-0.177893331,0.706,0.689,1
Ulk3,0.627923531,-0.29113732,0.209,0.22,1
AI427809,0.628513561,-0.296488979,0.102,0.116,1
Wdr19,0.628633917,-0.444799987,0.214,0.22,1
Plekhn1,0.629277491,0.113454311,0.267,0.232,1
Rab34,0.629554439,0.100833935,0.385,0.341,1
Dnal4,0.62983633,-0.23900786,0.396,0.384,1
Gm9195,0.629925977,0.3479735,0.043,0.055,1
Pcdha11.1,0.629925977,0.277289272,0.053,0.043,1
Aif1l,0.630033772,0.369281865,0.112,0.098,1
Slc35c1,0.63014015,-0.350680928,0.144,0.159,1
Nup153,0.630178701,-0.177874992,0.545,0.543,1
Gm35501,0.630546718,-0.325180426,0.128,0.14,1
Fn3krp,0.630967334,-0.374146794,0.086,0.098,1
Net1,0.631439898,0.23267771,0.112,0.098,1
Lrig1,0.631580465,-0.252953442,0.225,0.201,1
Gpr107,0.631724952,-0.166998649,0.524,0.506,1
Fcho1,0.631820197,0.11424493,0.332,0.28,1
Kpna6,0.631844818,-0.167902018,0.663,0.659,1
4933434E20Rik,0.631872004,0.177079348,0.765,0.768,1
Plppr5,0.631940948,0.186799893,0.053,0.043,1
Foxo6,0.632456358,0.598602994,0.118,0.14,1
Jph1,0.63285634,-0.140049502,0.299,0.323,1
Gnb5,0.632867097,0.12191644,0.882,0.841,1
Prpf39,0.633119845,-0.265273602,0.299,0.244,1
Gm28913,0.633454212,0.325372791,0.086,0.073,1
Crlf2,0.633646862,-0.252821352,0.401,0.409,1
Pkd2l2,0.634227333,-0.531548411,0.118,0.128,1
Gm4951,0.634350568,-0.671305961,0.091,0.104,1
Mdk,0.634744316,0.1056137,0.187,0.165,1
Snrk,0.635175201,-0.204842493,0.877,0.86,1
Mest,0.635547434,0.278691332,0.155,0.134,1
Sdf2l1,0.635645962,0.134669255,0.369,0.36,1
Gtf2ird2,0.635770687,-0.181220796,0.283,0.293,1
Tox2,0.635815218,-1.07889351,0.091,0.104,1
Slc2a9,0.635815218,-0.282768097,0.091,0.104,1
Plxdc1,0.635839352,0.484781742,0.075,0.061,1
Hspa1a,0.635891858,-0.244874989,0.251,0.22,1
Npb,0.636267959,-0.384198575,0.08,0.091,1
Atg2a,0.636396447,-0.209179687,0.39,0.384,1
E330011O21Rik,0.636548466,-0.575358594,0.08,0.067,1
Luzp2,0.63697093,0.271645283,0.85,0.805,1
Syvn1,0.636981165,-0.281429823,0.31,0.311,1
Nadk,0.636982491,0.334373811,0.604,0.549,1
Aasdh,0.637007094,-0.41672328,0.171,0.183,1
Pdrg1,0.637023577,0.188187221,0.743,0.689,1
Opcml,0.637030437,-0.103374563,0.738,0.762,1
Tmem231,0.63736188,0.106959118,0.235,0.25,1
Snrnp70,0.637981074,-0.2104418,0.743,0.744,1
Tmem86a,0.638017348,0.183126805,0.107,0.091,1
Cryz,0.638109907,-0.220886617,0.267,0.274,1
Ptger1,0.638392491,-0.311660082,0.283,0.287,1
Usp38,0.638687165,-0.208696108,0.374,0.378,1
Sbspon,0.638720742,0.445612934,0.011,0.006,1
Nr5a2,0.638720742,0.76821544,0.011,0.006,1
Gm28694,0.638720742,0.203559235,0.011,0.006,1
Tnfsf4,0.638720742,0.315939056,0.011,0.006,1
Dnah14,0.638720742,0.34001394,0.011,0.006,1
Ptgs1,0.638720742,0.294566621,0.011,0.006,1
Smtnl1,0.638720742,0.203891989,0.011,0.006,1
Ism1,0.638720742,0.210552063,0.011,0.006,1
1200007C13Rik,0.638720742,0.293710696,0.011,0.006,1
Gm16796,0.638720742,0.336668748,0.011,0.006,1
Gucy1a1,0.638720742,0.390093255,0.011,0.006,1
She,0.638720742,0.413499605,0.011,0.006,1
Tuft1,0.638720742,0.159362674,0.011,0.006,1
Chia1,0.638720742,0.159072165,0.011,0.006,1
Gm12500,0.638720742,0.10139604,0.011,0.006,1
Gm12530,0.638720742,0.345779471,0.011,0.006,1
Gm11266,0.638720742,0.145638233,0.011,0.006,1
Rxfp2,0.638720742,0.113390598,0.011,0.006,1
Gm3294,0.638720742,0.126379836,0.011,0.006,1
8030453O22Rik,0.638720742,0.249637822,0.011,0.006,1
Atoh8,0.638720742,0.342678391,0.011,0.006,1
Klk10,0.638720742,0.148266156,0.011,0.006,1
Sox1ot,0.638720742,0.15139308,0.011,0.006,1
Tex15,0.638720742,0.179603833,0.011,0.006,1
Mboat4,0.638720742,0.295732053,0.011,0.006,1
4930555F03Rik,0.638720742,0.168576391,0.011,0.006,1
Zglp1,0.638720742,0.241955943,0.011,0.006,1
Ankdd1a,0.638720742,0.340902455,0.011,0.006,1
D430036J16Rik,0.638720742,0.191764499,0.011,0.006,1
5930403N24Rik,0.638720742,0.32826686,0.011,0.006,1
4930467K11Rik,0.638720742,0.280467274,0.011,0.006,1
Cdk1,0.638720742,0.106382155,0.011,0.006,1
Gm16222,0.638720742,0.843598882,0.011,0.006,1
Col6a1,0.638720742,0.281652618,0.011,0.006,1
Ccdc105,0.638720742,0.28038048,0.011,0.006,1
Bpifc,0.638720742,0.117450197,0.011,0.006,1
Gm47578,0.638720742,0.173648491,0.011,0.006,1
D930020B18Rik,0.638720742,0.253541727,0.011,0.006,1
Flt4,0.638720742,0.333058418,0.011,0.006,1
Slc2a4,0.638720742,0.236641979,0.011,0.006,1
Car4,0.638720742,1.161168645,0.011,0.006,1
Hsf5,0.638720742,0.146405766,0.011,0.006,1
Gfap,0.638720742,0.28521694,0.011,0.006,1
Gm34868,0.638720742,0.185758175,0.011,0.006,1
Aoah,0.638720742,0.687568194,0.011,0.006,1
Gm47360,0.638720742,0.202377528,0.011,0.006,1
Stab1,0.638720742,2.016934057,0.011,0.006,1
Anxa8,0.638720742,0.257587748,0.011,0.006,1
Otx2os1,0.638720742,0.105903007,0.011,0.006,1
Gm2245,0.638720742,0.19210657,0.011,0.006,1
Tmem44,0.638720742,0.30366154,0.011,0.006,1
Gm35692,0.638720742,0.508518998,0.011,0.006,1
Slc22a7,0.638720742,0.210193102,0.011,0.006,1
Rfx2,0.638720742,0.216651019,0.011,0.006,1
Gtf2a1l,0.638720742,0.172295789,0.011,0.006,1
Pcdhga10,0.638720742,0.100831502,0.011,0.006,1
Gm15336,0.638720742,2.295082431,0.011,0.006,1
Myo5b,0.638720742,0.119383307,0.011,0.006,1
Gm50203,0.638720742,0.194422446,0.011,0.006,1
Fmr1nb,0.638720742,0.279471115,0.011,0.006,1
Xlr4a,0.638720742,0.439825843,0.011,0.006,1
Eda2r,0.638720742,0.122905913,0.011,0.006,1
Rs1,0.638720742,0.636751054,0.011,0.006,1
Cerkl,0.63874879,-0.496083178,0.091,0.104,1
Bcap31,0.638978221,0.164483099,0.84,0.835,1
Nid1,0.638990094,0.243194117,0.166,0.146,1
Gtf3c3,0.639962883,-0.325861908,0.561,0.561,1
Tafa2,0.64002808,0.753085151,0.043,0.055,1
4933424G05Rik,0.64002808,0.205778536,0.053,0.043,1
Eri1,0.640195737,-0.302018234,0.294,0.287,1
Shq1,0.640217703,-0.364773915,0.091,0.104,1
Lyplal1,0.640561263,-0.371677667,0.299,0.25,1
Prmt1,0.640724451,0.145535481,0.722,0.671,1
Atp13a2,0.640804638,0.114806107,0.856,0.878,1
Gm4013,0.640929111,-0.411540856,0.08,0.091,1
Prps2,0.641074679,-0.216285073,0.439,0.415,1
Sike1,0.641476987,-0.161313433,0.658,0.652,1
Ankrd54,0.641651411,0.298464583,0.182,0.207,1
Tex261,0.641826833,0.159292304,0.866,0.841,1
Wdr55,0.642277533,-0.189260193,0.176,0.195,1
Ncapd3,0.642432013,0.204005546,0.23,0.25,1
Zfp36l2,0.642487173,-0.12793483,0.225,0.244,1
Clk4,0.642750212,-0.332707381,0.428,0.427,1
Mcph1,0.642924006,-0.10090223,0.487,0.488,1
Ears2,0.643024804,-0.319207916,0.086,0.098,1
Nipsnap1,0.643260719,-0.107925983,0.888,0.896,1
Pou3f3,0.643453498,0.275401235,0.011,0.006,1
Gm15391,0.643453498,0.120353792,0.011,0.006,1
Rab7b,0.643453498,0.148529254,0.011,0.006,1
Slamf1,0.643453498,0.226524252,0.011,0.006,1
Cnih3,0.643453498,0.131692329,0.011,0.006,1
Dpp4,0.643453498,0.16487236,0.011,0.006,1
Ttc30a2,0.643453498,0.188568029,0.011,0.006,1
Dusp2,0.643453498,0.334291786,0.011,0.006,1
4930519P11Rik,0.643453498,0.115514439,0.011,0.006,1
Myh7b,0.643453498,0.129944764,0.011,0.006,1
Lpin3,0.643453498,0.346242476,0.011,0.006,1
Hist2h3b,0.643453498,0.105284781,0.011,0.006,1
Gm11413,0.643453498,0.126209608,0.011,0.006,1
Foxd2,0.643453498,0.122895282,0.011,0.006,1
Cdc20,0.643453498,0.16808028,0.011,0.006,1
Epha2,0.643453498,0.198025955,0.011,0.006,1
Fgfr3,0.643453498,0.34651676,0.011,0.006,1
Gm15788,0.643453498,0.191662493,0.011,0.006,1
1700081B01Rik,0.643453498,0.392969971,0.011,0.006,1
Gimap1,0.643453498,0.12870137,0.011,0.006,1
Gm45169,0.643453498,0.129982242,0.011,0.006,1
Grm5,0.643453498,0.397705033,0.011,0.006,1
Gm31749,0.643453498,0.178552607,0.011,0.006,1
Gm40493,0.643453498,0.138831283,0.011,0.006,1
4831440D22Rik,0.643453498,0.135364885,0.011,0.006,1
Cngb1,0.643453498,0.456435685,0.011,0.006,1
Gm31717,0.643453498,0.115144837,0.011,0.006,1
1300017J02Rik,0.643453498,0.129174874,0.011,0.006,1
Mfsd4b5,0.643453498,0.482433028,0.011,0.006,1
Rsph14,0.643453498,0.22488892,0.011,0.006,1
A230004M16Rik,0.643453498,0.100716553,0.011,0.006,1
Gm12185,0.643453498,0.108686304,0.011,0.006,1
1700007J10Rik,0.643453498,0.404987791,0.011,0.006,1
Cfap97d1,0.643453498,0.152538676,0.011,0.006,1
Adam4,0.643453498,0.397862796,0.011,0.006,1
Hist1h2ai,0.643453498,0.369282116,0.011,0.006,1
Depdc1b,0.643453498,0.100811771,0.011,0.006,1
Gm26791,0.643453498,0.480810336,0.011,0.006,1
Gm17025,0.643453498,0.116217587,0.011,0.006,1
BC106179,0.643453498,0.15909371,0.011,0.006,1
C030010L15Rik,0.643453498,0.427327607,0.011,0.006,1
H2-Q6,0.643453498,0.111847312,0.011,0.006,1
Plekhh2,0.643453498,0.109864423,0.011,0.006,1
Cep55,0.643453498,0.197782163,0.011,0.006,1
Sytl4,0.643453498,0.270903134,0.011,0.006,1
Ccne1,0.6437174,-0.129205863,0.262,0.232,1
Zbed4,0.643982691,-0.176140878,0.219,0.232,1
Slc25a17,0.643989151,-0.123485082,0.636,0.61,1
Fzd4,0.644087819,0.386089027,0.053,0.043,1
Scnn1a,0.644159138,-0.548234912,0.155,0.134,1
Mrpl49,0.644244929,-0.15806061,0.684,0.652,1
4833418N02Rik,0.644710899,0.598831755,0.059,0.049,1
Samd4b,0.645067395,0.169422275,0.813,0.774,1
Parp1,0.645170997,-0.110911788,0.845,0.854,1
Tpp1,0.645213957,-0.396370119,0.561,0.524,1
Hilpda,0.645463243,-0.136537965,0.257,0.22,1
Fahd2a,0.645855082,0.259101569,0.406,0.366,1
Rorb,0.646121687,0.231184764,0.053,0.043,1
Gm31087,0.646293124,-0.29675667,0.075,0.085,1
Slc25a38,0.6466427,-0.266613867,0.38,0.366,1
Harbi1,0.647132633,-0.239110547,0.187,0.201,1
Ldah,0.647467783,-0.12922198,0.567,0.555,1
Ier5,0.647570933,0.675948752,0.096,0.085,1
B130034C11Rik,0.647622123,0.21299203,0.102,0.085,1
Ddr1,0.648002327,0.216461137,0.508,0.427,1
Pck2,0.648193714,-0.13656517,0.604,0.591,1
Gm28323,0.648200762,-0.265404523,0.011,0.006,1
Aox2,0.648200762,-0.101533315,0.011,0.006,1
Gm9530,0.648200762,-0.186499127,0.011,0.006,1
Gm13490,0.648200762,-0.133023155,0.011,0.006,1
Fibin,0.648200762,-0.213159601,0.011,0.006,1
Gm37245,0.648200762,-0.245287144,0.011,0.006,1
Pdzk1,0.648200762,-0.151941714,0.011,0.006,1
Gm40123,0.648200762,-0.355609732,0.011,0.006,1
Gm12649,0.648200762,-0.128851579,0.011,0.006,1
Tmem61,0.648200762,-0.382125967,0.011,0.006,1
Gm2479,0.648200762,-0.161118984,0.011,0.006,1
Gm15708,0.648200762,-0.135716627,0.011,0.006,1
Fgf23,0.648200762,-0.156976474,0.011,0.006,1
Sct,0.648200762,-0.194591558,0.011,0.006,1
Gm26713,0.648200762,-0.173397923,0.011,0.006,1
4930471E19Rik,0.648200762,-0.231370983,0.011,0.006,1
E230016K23Rik,0.648200762,-0.100246891,0.011,0.006,1
Gm11491,0.648200762,-0.204681742,0.011,0.006,1
Scn4a,0.648200762,-0.134280784,0.011,0.006,1
Gm11769,0.648200762,-0.482097906,0.011,0.006,1
Cap2,0.648200762,-1.150425687,0.011,0.006,1
Cxcl14,0.648200762,-0.26587267,0.011,0.006,1
Gm32913,0.648200762,-0.54229456,0.011,0.006,1
Gp5,0.648200762,-0.275706223,0.011,0.006,1
2810407A14Rik,0.648200762,-0.14932331,0.011,0.006,1
Gm9573,0.648200762,-0.105109786,0.011,0.006,1
Gm30018,0.648200762,-0.152321748,0.011,0.006,1
Cyp2c65,0.648200762,-0.110568212,0.011,0.006,1
Gm14812,0.648200762,-0.113979996,0.011,0.006,1
Dis3l,0.648301108,-0.139251046,0.209,0.213,1
Aldh9a1,0.64831647,-0.177883625,0.455,0.421,1
Bicd2,0.648429354,-0.113591595,0.658,0.652,1
Zfp160,0.648564036,-0.540419195,0.235,0.238,1
Khnyn,0.648615357,-0.437536092,0.342,0.335,1
Mmachc,0.648639562,0.489228822,0.246,0.213,1
Tarsl2,0.648728274,-0.129798797,0.39,0.402,1
Kyat1,0.648773801,0.172732231,0.134,0.116,1
Gm28729,0.648775812,0.253907345,0.032,0.024,1
Cenpw,0.649080511,-0.103902666,0.267,0.232,1
Triobp,0.64910174,0.207708019,0.155,0.134,1
Gbp7,0.649190149,0.263021939,0.455,0.402,1
Gm26658,0.649933265,-1.267830753,0.123,0.104,1
Pyroxd1,0.650124087,0.120506539,0.209,0.183,1
9-Mar,0.650560337,-0.158495669,0.278,0.287,1
Mad2l1,0.650854968,-0.376233261,0.15,0.159,1
Plaat1,0.651109359,-0.805623495,0.107,0.091,1
Hfe,0.651724479,-0.111009159,0.246,0.213,1
Fxyd5,0.651902919,0.242672916,0.508,0.482,1
1700084C06Rik,0.65223913,-0.54811088,0.053,0.043,1
Tapbpl,0.652276334,-0.105899169,0.241,0.207,1
Itpkb,0.652364315,-0.12108169,0.46,0.463,1
Pank2,0.65240464,0.194440087,0.583,0.549,1
Pcp4,0.652876717,0.562854269,0.652,0.567,1
St5,0.653227022,-0.517110162,0.332,0.329,1
Tctn1,0.65342786,-0.163141262,0.08,0.091,1
Apool,0.653735431,-0.13186006,0.209,0.177,1
Ap3m1,0.653876165,-0.260282254,0.701,0.665,1
Ncoa6,0.653901224,-0.150266243,0.561,0.53,1
Dnal1,0.654077515,-0.188210411,0.278,0.293,1
Guca1a,0.654116549,0.176010997,0.112,0.098,1
Thap12,0.654531658,-0.281693569,0.422,0.372,1
9430065F17Rik,0.654793961,-0.274290226,0.128,0.14,1
Zfp273,0.654863265,-0.165637869,0.075,0.061,1
Hfm1,0.654883777,0.157551552,0.08,0.067,1
Sorcs2,0.655544782,0.264745073,0.112,0.098,1
Slc27a4,0.655607017,-0.169134872,0.69,0.652,1
Prkcb,0.655906831,-0.135211325,0.856,0.86,1
Gm49032,0.655992189,-0.706226442,0.075,0.085,1
Ildr2,0.65668945,0.324766863,0.032,0.024,1
Rerg,0.65668945,0.262805287,0.032,0.024,1
Rnaseh2a,0.657542184,0.273268759,0.374,0.335,1
Dand5,0.657932601,-0.161604084,0.406,0.402,1
2810408I11Rik,0.658346836,-0.194925015,0.075,0.061,1
Zranb3,0.658523707,-0.219917256,0.182,0.189,1
Zswim4,0.659150325,-0.321563273,0.289,0.256,1
Gm49741,0.659238247,0.772099213,0.086,0.073,1
Tgif2,0.659335967,0.234408652,0.032,0.024,1
Prss12,0.659335967,0.234706088,0.032,0.024,1
Shisa2,0.659335967,0.209057449,0.032,0.024,1
Gm49173,0.659335967,0.174318943,0.032,0.024,1
Prelid2,0.659343615,-0.213535399,0.166,0.14,1
Pcid2,0.659662423,-0.229381219,0.332,0.317,1
Bccip,0.66075049,-0.213849998,0.481,0.451,1
Pkn1,0.660804448,-0.147955658,0.674,0.677,1
Dpp9,0.660833272,-0.112229658,0.797,0.805,1
Xlr5a,0.660836012,-0.53193001,0.118,0.128,1
Snupn,0.661519082,0.132151546,0.337,0.305,1
Tnni3k,0.661603866,-0.423065741,0.07,0.079,1
Mtss2,0.661773018,0.125437221,0.567,0.506,1
Kctd15,0.661986756,0.232268373,0.032,0.024,1
Igfals,0.661986756,0.217734006,0.032,0.024,1
Dnajc17,0.662124499,-0.249889766,0.225,0.232,1
Cavin2,0.662181825,-0.251530905,0.209,0.213,1
Rtl6,0.662323533,-0.119108089,0.476,0.445,1
Onecut1,0.662866401,-0.4764459,0.08,0.091,1
Gm49003,0.662866401,-1.143960908,0.08,0.091,1
Zfp362,0.662931733,-0.239339606,0.283,0.299,1
Pank4,0.662995162,-0.316596906,0.15,0.159,1
Cdk9,0.663053947,-0.160334739,0.727,0.726,1
Wnk2,0.663187132,-0.174892954,0.294,0.305,1
Gm31356,0.664544119,1.116439053,0.053,0.043,1
Rnaset2b,0.664624429,-0.244311787,0.096,0.11,1
Ccnd2,0.664974206,0.112037824,0.08,0.067,1
Zfp7,0.664974206,-1.277122509,0.08,0.067,1
Snhg16,0.665401117,-1.425794953,0.091,0.104,1
Armt1,0.665401843,-0.353470369,0.209,0.213,1
Zfp52,0.665410852,-0.526696909,0.235,0.201,1
Alad,0.665751062,0.394205126,0.198,0.207,1
Mat2a,0.665906712,-0.123819388,0.947,0.957,1
Gsta3,0.666661924,-0.168849313,0.07,0.079,1
Retreg3,0.666831773,-0.147302298,0.39,0.354,1
Pmf1,0.667291282,-0.219938782,0.193,0.207,1
Slfn5,0.667301032,0.555874221,0.032,0.024,1
Gm26533,0.667301032,0.169540501,0.032,0.024,1
Dapk3,0.667443215,-0.116920262,0.62,0.561,1
Dhx37,0.667532904,-0.493171115,0.16,0.171,1
Mrpl3,0.667598288,0.143472048,0.717,0.652,1
Zfp263,0.667665602,-0.102515074,0.155,0.171,1
Rad1,0.667703399,0.204795642,0.257,0.226,1
Trim21,0.66812799,-0.614487793,0.166,0.183,1
Pi4k2b,0.668351778,-0.143802961,0.166,0.177,1
Gk5,0.668353719,0.294399591,0.283,0.28,1
6230400D17Rik,0.668719348,-0.390928885,0.16,0.171,1
Jag1,0.668841878,-0.112256135,0.075,0.061,1
Pik3r4,0.669221202,-0.233485983,0.412,0.384,1
Mast2,0.669329949,0.260675543,0.802,0.762,1
Nup210,0.669727651,0.842076585,0.16,0.14,1
Ccdc32,0.669836871,-0.10603587,0.781,0.762,1
Gm44214,0.669964463,0.155419459,0.032,0.024,1
Ccdc103,0.669964463,0.330684533,0.032,0.024,1
Alpl,0.669985159,0.428529639,0.059,0.049,1
Epha10,0.670042419,0.191992586,0.08,0.067,1
Dnajc28,0.670042419,0.229241895,0.08,0.067,1
Rab29,0.670053176,-0.284797423,0.134,0.146,1
Pde11a,0.670649744,0.461082622,0.075,0.085,1
Gm15886,0.67073095,-0.21845312,0.053,0.043,1
Runx2,0.67073095,-0.175097121,0.053,0.043,1
Spata5,0.670751371,0.12384321,0.513,0.47,1
Camta2,0.670810757,-0.10709347,0.802,0.756,1
Dusp15,0.670838505,-0.162728262,0.305,0.323,1
Hes6,0.671024708,-0.172498434,0.417,0.415,1
Rps6kc1,0.671883087,-0.140710153,0.444,0.433,1
St3gal2,0.672043721,0.101997017,0.561,0.549,1
Mtln,0.672054552,-0.10371494,0.963,0.951,1
Txndc12,0.672521793,0.228114068,0.38,0.354,1
Gal3st3,0.67263205,0.200594078,0.032,0.024,1
Dcx,0.67263205,-0.31263731,0.032,0.024,1
Smim8,0.672795588,0.144734777,0.84,0.811,1
Sostdc1,0.673794748,-0.101236057,0.289,0.256,1
Nup88,0.673992444,-0.108492025,0.503,0.494,1
Ivns1abp,0.674100264,-0.103251322,0.722,0.64,1
Naa15,0.674201179,-0.107180546,0.877,0.811,1
Pwp2,0.674526712,-0.172291259,0.225,0.238,1
Ifngr1,0.674542723,-0.224462772,0.182,0.195,1
Psmg2,0.674580925,-0.836032332,0.31,0.317,1
Slu7,0.674932352,-0.137816237,0.599,0.573,1
6820408C15Rik,0.675303763,0.110821548,0.032,0.024,1
Hs3st1,0.675311153,-0.525681135,0.144,0.152,1
Imp4,0.675986385,-0.28677496,0.332,0.293,1
Dennd6b,0.676213828,0.585658418,0.166,0.152,1
Uap1,0.676227911,0.10466341,0.797,0.762,1
Def8,0.676449419,-0.140251115,0.701,0.665,1
Zfp280b,0.676455165,-0.183808597,0.316,0.311,1
Mtag2,0.676663173,-0.231783599,0.086,0.098,1
Swap70,0.676663173,-0.240817661,0.086,0.098,1
Ftsj3,0.676684583,-0.269380484,0.209,0.22,1
9430015G10Rik,0.676823437,-0.120637897,0.08,0.067,1
Smim1,0.676959127,0.10842141,0.658,0.701,1
Gm19265,0.67711704,-0.448981353,0.102,0.11,1
1810024B03Rik,0.677252398,0.194430308,0.139,0.122,1
Cep290,0.677471042,-0.120033725,0.476,0.402,1
Styxl1,0.677637558,-0.513910794,0.064,0.073,1
Gask1b,0.677764919,0.14283672,0.096,0.11,1
Prc1,0.677833171,-0.354693733,0.102,0.085,1
Gm6277,0.677839344,0.159443212,0.059,0.049,1
Slc45a1,0.677857666,-0.128947263,0.594,0.604,1
Rps6kb2,0.677935778,0.1969801,0.198,0.177,1
Sema6d,0.678449538,0.144560551,0.877,0.811,1
AI854703,0.678792255,-0.263476576,0.299,0.287,1
Eif4enif1,0.679141097,0.220073154,0.652,0.585,1
Tsacc,0.679272167,-0.175154405,0.294,0.293,1
Mfn1,0.680179466,-0.209458539,0.545,0.543,1
Insyn1,0.680182586,-0.206396583,0.422,0.415,1
Rdh5,0.680336662,-0.102004859,0.155,0.134,1
Wnt2b,0.68049199,-0.288071446,0.075,0.085,1
Pop1,0.68049199,-0.316431601,0.075,0.085,1
Tmem81,0.680659452,0.304652489,0.032,0.024,1
4930429D17Rik,0.680659452,-0.181443089,0.032,0.024,1
Inafm2,0.680775527,0.170759122,0.503,0.451,1
6330418K02Rik,0.680962236,-0.330803421,0.225,0.232,1
Mettl25,0.680970329,-0.334873476,0.305,0.256,1
Kctd12,0.681091941,-0.23825707,0.053,0.043,1
Kat14,0.681102074,-0.205249561,0.316,0.317,1
Pelo,0.681187102,-0.223234576,0.316,0.305,1
Lmf1,0.681810333,-0.403407856,0.246,0.244,1
Cep97,0.682081298,0.147537658,0.278,0.244,1
Gm9887,0.682137725,0.190716151,0.086,0.073,1
Tctn3,0.682137725,0.13272891,0.086,0.073,1
Dlgap3,0.682858281,-0.160736063,0.476,0.451,1
Zfp791,0.683343368,-0.135181811,0.032,0.024,1
F730043M19Rik,0.683409878,-0.334374276,0.091,0.104,1
Usp27x,0.683600982,-0.481939377,0.214,0.22,1
Polr2e,0.683664031,-0.206049673,0.781,0.75,1
Gm15688,0.683784973,-0.302539732,0.075,0.085,1
Mettl9,0.683837819,-0.105008889,0.561,0.524,1
Cdo1,0.684018217,-0.545686041,0.316,0.305,1
Fig4,0.684081486,-0.116236007,0.439,0.427,1
Fen1,0.684624742,0.172048818,0.193,0.177,1
Ggnbp1,0.684705951,-0.486119312,0.075,0.061,1
Mapk14,0.684902788,-0.122297879,0.759,0.78,1
Dynlt1a,0.684918948,0.784997135,0.091,0.104,1
A130014A01Rik,0.68525331,-0.43443077,0.059,0.067,1
Kcnq4,0.68557726,-0.172724947,0.096,0.079,1
Gm4681,0.685728697,0.114392191,0.059,0.049,1
Rai2,0.686024496,-0.153788159,0.209,0.177,1
Ttll9,0.686031292,-0.226874623,0.032,0.024,1
Pm20d2,0.686031292,-0.207573399,0.032,0.024,1
Kdm8,0.686031292,0.134760737,0.032,0.024,1
Zxdb,0.686369109,-0.108152965,0.267,0.232,1
Plekhf2,0.686369109,-0.120967839,0.246,0.256,1
Itgb3,0.686477402,-0.131164095,0.075,0.061,1
Gm15663,0.687083981,-0.269957674,0.075,0.085,1
Vsnl1,0.687257796,-0.244330252,0.128,0.14,1
Rims2,0.687865269,0.144397432,0.834,0.811,1
AW209491,0.688168656,0.123027486,0.385,0.348,1
Crocc,0.688250577,-0.601517727,0.064,0.073,1
Arsk,0.688295444,-0.251328432,0.08,0.091,1
Wdr89,0.688355431,-0.400687698,0.267,0.268,1
Gdap1l1,0.688452904,-0.100892204,0.652,0.677,1
Chkb,0.688506362,-0.385014702,0.348,0.335,1
Gm10767,0.68906162,-0.137281191,0.086,0.098,1
Zfp202,0.689089588,-0.103175973,0.193,0.171,1
Vstm4,0.689686326,0.247057449,0.059,0.049,1
Prr3,0.689721755,0.136850136,0.348,0.323,1
Gm49027,0.689761042,-0.395917528,0.171,0.177,1
Rnf167,0.689821057,-0.122130532,0.647,0.659,1
Calcb,0.690432567,-0.270703726,0.658,0.671,1
Zfp141,0.690650975,-0.369141139,0.225,0.226,1
Parp11,0.691155599,-0.258788197,0.385,0.384,1
Gm42567,0.691419045,-0.13625659,0.032,0.024,1
Fzd1,0.691419045,-0.120947113,0.032,0.024,1
9930012K11Rik,0.691513452,-0.256795966,0.053,0.043,1
Haus1,0.691520461,-0.182644267,0.332,0.293,1
Cwf19l1,0.692115403,0.287027162,0.182,0.165,1
Per2,0.692176151,-0.191345433,0.08,0.067,1
Sec22a,0.692373209,-0.154905193,0.396,0.384,1
Fam178b,0.693652461,-0.177683064,0.059,0.049,1
Spon1,0.6936538,0.183365856,0.294,0.311,1
Ddx10,0.693791378,-0.196165026,0.535,0.524,1
4930444A19Rik,0.693925482,0.368983195,0.037,0.03,1
Eid3,0.694118812,-0.20048574,0.032,0.024,1
Gm46332,0.694118812,-0.269518856,0.032,0.024,1
Ntng1,0.694483149,0.402017594,0.128,0.146,1
Plin3,0.694997997,-0.454566424,0.187,0.189,1
Actr6,0.695078693,-0.220393219,0.471,0.47,1
Exosc2,0.695488633,-0.273517731,0.198,0.207,1
Hat1,0.695674922,0.199590856,0.294,0.28,1
Lias,0.696149323,-0.106323759,0.695,0.652,1
E230029C05Rik,0.696177901,-0.177982603,0.219,0.226,1
Gm20707,0.696822467,-0.120496782,0.032,0.024,1
Prkcz,0.696911671,-0.112119849,0.743,0.756,1
Plagl1,0.697026457,-0.139483312,0.251,0.268,1
Pcdhb21,0.697322346,-0.210866161,0.07,0.079,1
Hsf4,0.697764009,0.153894266,0.321,0.299,1
Adgrb3,0.698019277,0.123842962,0.444,0.451,1
Ssc5d,0.698210206,-0.341058694,0.059,0.067,1
Spata7,0.698274587,0.119238457,0.374,0.366,1
Ankrd37,0.698396176,-0.31733874,0.182,0.189,1
Cyp46a1,0.698415797,-0.177104706,0.086,0.098,1
Vcpkmt,0.698813444,-0.264219955,0.118,0.128,1
Gm26594,0.698878318,1.150882617,0.037,0.03,1
Washc3,0.699031788,-0.16245881,0.551,0.512,1
Kif18a,0.699040858,-0.464402432,0.07,0.079,1
Gpd1,0.699297185,-0.267238212,0.102,0.085,1
BC055324,0.699529978,-0.150520325,0.032,0.024,1
Adamts14,0.699529978,-0.198129259,0.032,0.024,1
Zmat4,0.699617402,0.445527405,0.059,0.049,1
Lpcat3,0.700287448,-0.14281242,0.551,0.488,1
Ppp6r3,0.700410864,-0.128610124,0.583,0.543,1
Lrrc42,0.701171036,-0.102029322,0.406,0.415,1
Pigm,0.701334392,-0.267192695,0.23,0.232,1
Pcdhb7,0.701544149,-0.134230027,0.086,0.098,1
Cbx4,0.701672912,-0.113072552,0.428,0.433,1
Acsl4,0.701799736,-0.11731956,0.861,0.829,1
Rassf1,0.70188127,0.128679513,0.385,0.354,1
Gm44646,0.701888929,0.659552562,0.112,0.098,1
Lrp12,0.702145454,-0.275344374,0.508,0.494,1
2310011J03Rik,0.70233666,-0.12457509,0.743,0.671,1
Unc13b,0.702767194,-0.106141811,0.487,0.5,1
Snx24,0.702868716,-0.170940701,0.326,0.323,1
G2e3,0.70327717,-0.327373249,0.241,0.244,1
Tbc1d1,0.703356327,-0.218358569,0.112,0.098,1
Hid1,0.703806949,-0.12765731,0.663,0.659,1
Slitrk5,0.703968252,0.252003187,0.337,0.323,1
Golt1b,0.704086813,-0.18535329,0.481,0.5,1
Zfp507,0.704215999,0.11427368,0.273,0.25,1
Flt3,0.704232366,-0.12281536,0.064,0.055,1
Ccl25,0.705001823,-0.160291463,0.182,0.159,1
Elk4,0.705104934,-0.294629569,0.348,0.335,1
Cat,0.705109951,-0.113562701,0.866,0.866,1
Medag,0.706450024,-0.288370059,0.123,0.134,1
Nudt16l1,0.706591697,-0.145673145,0.706,0.707,1
Zbtb41,0.706748804,-0.209932694,0.551,0.518,1
Plce1,0.707279179,0.230369749,0.722,0.683,1
Tefm,0.707540432,-0.402960146,0.096,0.104,1
Gm11508,0.707799549,-0.219557617,0.123,0.134,1
Tmed9,0.708005004,-0.156627837,0.802,0.768,1
Gm16973,0.708044592,0.247739013,0.064,0.055,1
Fgfr1op,0.708127709,-0.134585456,0.561,0.537,1
Srd5a1,0.70819667,-0.298415426,0.176,0.183,1
Tmem267,0.708557034,0.262237662,0.353,0.372,1
Etv3,0.70861714,-0.136918053,0.374,0.323,1
Zkscan4,0.70882235,0.209830281,0.037,0.03,1
Mapk4,0.709070387,0.119995366,0.176,0.159,1
Polr3gl,0.709135737,-0.148897426,0.503,0.476,1
Iqank1,0.709367056,-0.767926067,0.15,0.128,1
Calb1,0.709384062,-0.278021338,0.07,0.079,1
Zfp68,0.70939085,0.110194867,0.358,0.378,1
Col23a1,0.709659971,-0.394748451,0.064,0.073,1
Daglb,0.70993287,-0.518924257,0.326,0.323,1
Tspo,0.710341839,0.138269508,0.257,0.238,1
Gm4419,0.710366121,-0.418639305,0.053,0.061,1
Slc35d1,0.710452717,0.120772151,0.364,0.323,1
Hnrnpll,0.710549157,-0.121373417,0.524,0.524,1
9230111E07Rik,0.711316211,0.237293121,0.037,0.03,1
Gspt2,0.711370203,-0.123845855,0.401,0.396,1
Ppp1r12c,0.71194402,-0.243208972,0.717,0.683,1
Rangrf,0.712287222,-0.100933924,0.187,0.165,1
S100pbp,0.712344296,0.163714289,0.572,0.567,1
Cdc16,0.712351912,0.113756997,0.433,0.402,1
Catspere2,0.712368403,-0.128401195,0.283,0.287,1
Nmnat1,0.712825315,-0.3980193,0.134,0.14,1
Phf10,0.712989378,-0.120940715,0.471,0.451,1
Pibf1,0.713051997,-0.140427395,0.455,0.433,1
Mpp3,0.713126323,-0.316163724,0.059,0.067,1
Zkscan14,0.713224811,-0.131568974,0.102,0.085,1
Abcb9,0.713345576,-0.261634563,0.342,0.317,1
Tmem238,0.713457763,-0.136214744,0.364,0.317,1
Adgb,0.713494884,0.514723973,0.107,0.116,1
Sdhaf2,0.713632635,-0.156757061,0.658,0.64,1
Pkd1l2,0.713813165,0.377691598,0.037,0.03,1
Hs1bp3,0.713882849,0.114952719,0.294,0.311,1
P3h4,0.714060581,-0.134225672,0.193,0.207,1
1700030J22Rik,0.714107745,-0.123712589,0.086,0.098,1
Ipcef1,0.714278925,-0.614236083,0.053,0.061,1
Carmil1,0.71434284,-0.351896952,0.455,0.427,1
Lysmd1,0.714828572,0.206998476,0.406,0.384,1
Sord,0.715149005,-0.151492309,0.583,0.543,1
Zfp418,0.715258189,-0.443457908,0.053,0.061,1
Tet1,0.715485117,0.168670387,0.171,0.152,1
Zcchc7,0.716090423,-0.135749065,0.684,0.646,1
Dhtkd1,0.716238156,-0.63769331,0.053,0.061,1
Ccnj,0.716309553,-0.229736094,0.07,0.079,1
Fkbp10,0.716313187,0.402257206,0.037,0.03,1
Pecam1,0.716313187,0.77410772,0.037,0.03,1
Akap1,0.716397387,0.279554179,0.267,0.256,1
Zfp319,0.716399517,-0.508183246,0.251,0.213,1
Fam160b2,0.716551449,-0.157605281,0.588,0.53,1
Ddx28,0.716622679,-0.11493942,0.139,0.152,1
Ntn3,0.716712661,-0.319600776,0.118,0.128,1
5430416N02Rik,0.716979191,-0.101578895,0.257,0.232,1
Ass1,0.717230052,-0.109805834,0.979,0.988,1
Gm31508,0.717622452,-0.252076295,0.059,0.049,1
Shc4,0.717644408,-0.272577496,0.128,0.14,1
Phykpl,0.717823576,-0.28716477,0.107,0.116,1
Trabd,0.718001994,-0.35627441,0.492,0.488,1
Gm45435,0.718124783,-0.516341591,0.096,0.104,1
Gm14066,0.718199256,-0.434944054,0.053,0.061,1
Cherp,0.718627729,-0.375004009,0.316,0.329,1
1700113A16Rik,0.718714311,-0.300959032,0.075,0.085,1
Gm26569,0.718768835,-0.491639092,0.112,0.122,1
AV039307,0.718770339,0.240490173,0.07,0.061,1
Fmnl2,0.718953798,-0.111732999,0.872,0.884,1
Spata1,0.719159128,0.307606014,0.144,0.134,1
Gm5,0.719239508,-0.196695433,0.182,0.189,1
Asrgl1,0.719909728,-0.124522844,0.578,0.555,1
Gm31107,0.720181026,-0.161290766,0.203,0.177,1
Kif24,0.720452541,0.219879257,0.064,0.073,1
Unc93b1,0.720580714,-0.145430739,0.171,0.183,1
Wrnip1,0.720620821,-0.173229491,0.487,0.488,1
Ankrd24,0.721115555,-0.183273209,0.54,0.537,1
Crispld1,0.721322342,0.251519617,0.037,0.03,1
Col15a1,0.721322342,0.225030539,0.037,0.03,1
Gm26910,0.721322342,0.16814695,0.037,0.03,1
Jagn1,0.721330483,0.120159418,0.722,0.689,1
Rnft2,0.721470932,-0.470457189,0.262,0.256,1
Cntrob,0.721537275,-0.267874629,0.203,0.207,1
Nubp2,0.722287371,-0.208865478,0.492,0.445,1
Lrrc17,0.722458765,-0.527682955,0.15,0.159,1
Tmem143,0.722502855,-0.412852159,0.283,0.256,1
Hsd17b12,0.722901058,-0.107211408,0.759,0.762,1
Ankrd34a,0.722999664,-0.57055988,0.043,0.049,1
Shld2,0.723008511,-0.275049501,0.257,0.262,1
2900009J06Rik,0.723013835,-0.379681137,0.112,0.122,1
Aph1b,0.723203567,-0.1180801,0.348,0.348,1
Gtf3c1,0.723353634,-0.15672743,0.765,0.695,1
Slc30a6,0.723493297,-0.70221475,0.257,0.256,1
Smg8,0.723635202,-0.24763941,0.203,0.177,1
Maff,0.723681477,-0.177248642,0.257,0.226,1
1700008J07Rik,0.723831425,0.2366654,0.037,0.03,1
Miga2,0.723892466,-0.163154848,0.444,0.427,1
Slc2a1,0.724014473,0.113270087,0.23,0.207,1
Gfod2,0.724174173,0.107296587,0.551,0.518,1
Glb1l,0.724386217,-0.128194868,0.059,0.067,1
Mtx3,0.725387418,-0.154598054,0.305,0.305,1
Hdac1,0.72543243,-0.370060001,0.545,0.506,1
Irs1,0.725437388,0.183681737,0.086,0.073,1
Dusp5,0.726135674,0.301499902,0.07,0.061,1
Usp18,0.726268755,-0.437169509,0.059,0.067,1
Gm48091,0.72634348,0.330905063,0.037,0.03,1
Erbb2,0.72634348,0.650252665,0.037,0.03,1
Rnf144b,0.72634348,0.357206029,0.037,0.03,1
Tmem136,0.726352475,-0.332072586,0.182,0.183,1
Map4k3,0.726497371,-0.185762242,0.652,0.628,1
Fam83h,0.727275756,-0.316315175,0.123,0.104,1
Bcl9l,0.727627937,-0.273571401,0.262,0.256,1
Umps,0.727779674,0.485722868,0.171,0.152,1
Stac2,0.72785511,-0.261854559,0.193,0.201,1
Ikzf5,0.727943052,-0.342155162,0.551,0.5,1
Csf2ra,0.727990698,-0.243417221,0.396,0.378,1
Paqr5,0.728032396,-1.421938212,0.053,0.061,1
Dpm1,0.728095537,0.302690923,0.791,0.768,1
2900005J15Rik,0.728224276,-0.137208514,0.176,0.183,1
Pus10,0.728246486,-0.368111208,0.155,0.159,1
Plppr2,0.728596442,0.143407854,0.615,0.585,1
9330160F10Rik,0.728733793,-0.245216049,0.091,0.079,1
Ttc38,0.729432513,-0.186703784,0.305,0.299,1
Rdh11,0.729456186,-0.228015088,0.594,0.585,1
1810062O18Rik,0.7294892,-0.101812287,0.064,0.073,1
Nfkb2,0.729514224,-0.795878666,0.123,0.134,1
Aldh1l1,0.730004469,-0.603501652,0.053,0.061,1
Gas8,0.730101284,-0.13484383,0.283,0.293,1
Olfml1,0.730116896,0.144919704,0.037,0.03,1
Krr1,0.730529301,-0.165658585,0.337,0.341,1
Mfsd4a,0.730840972,0.176249577,0.374,0.36,1
4833422C13Rik,0.73086361,-1.053413446,0.107,0.116,1
Lmntd1,0.731376402,0.205376892,0.037,0.03,1
Mphosph10,0.731872396,-0.234091668,0.305,0.299,1
Nusap1,0.731978328,-0.255349056,0.053,0.061,1
Ptrh2,0.732154096,-0.192221306,0.497,0.439,1
Usp50,0.732189479,-0.234846748,0.428,0.415,1
Fam135a,0.732206164,0.49010674,0.449,0.415,1
Pitrm1,0.733080248,-0.249099592,0.337,0.348,1
3110070M22Rik,0.733354355,-0.536001926,0.048,0.055,1
Ak5,0.733566476,-0.300183646,0.144,0.152,1
Zfp335os,0.733724572,-0.224865329,0.07,0.079,1
Cdk5rap2,0.73380409,0.200669702,0.305,0.28,1
Itprid2,0.733903939,0.196168501,0.487,0.482,1
Cep44,0.73394701,-0.100343795,0.16,0.171,1
Smarcal1,0.734368327,-0.190074731,0.225,0.195,1
Tfpt,0.734513657,0.512878478,0.374,0.36,1
Cln5,0.734958278,-0.179472322,0.385,0.372,1
Zfp324,0.735075707,-0.732279822,0.15,0.159,1
Mcfd2,0.735152898,-0.192157186,0.578,0.543,1
Kcng3,0.735227849,-0.993860117,0.107,0.116,1
Gm45902,0.735432165,-0.493005298,0.048,0.055,1
Cyp51,0.7354865,0.179812871,0.807,0.835,1
Slc47a2,0.735706053,-0.232306961,0.059,0.067,1
Ap4b1,0.736055222,-0.260489152,0.219,0.22,1
Syce2,0.736420912,-0.184471077,0.037,0.03,1
Nexn,0.736526104,-0.178112842,0.176,0.183,1
Tmem115,0.736604141,0.105697719,0.283,0.262,1
Yipf4,0.737080842,-0.11045619,0.834,0.805,1
Ngly1,0.737128644,-0.129997436,0.545,0.524,1
Qtrt2,0.737395346,-0.45767786,0.246,0.238,1
Cd109,0.7374016,-0.398100074,0.102,0.11,1
Lrrc75a,0.737412443,-0.151553582,0.257,0.262,1
9630014M24Rik,0.737556302,0.286377958,0.23,0.226,1
Fntb,0.737590321,0.112019557,0.524,0.494,1
Tmc3,0.737708886,-0.365725381,0.128,0.14,1
Ccdc9,0.738500278,-0.256395914,0.246,0.25,1
Sppl3,0.738643887,-0.134955561,0.765,0.701,1
Sgsh,0.738894155,-0.578656472,0.102,0.11,1
Lmbr1l,0.738901845,-0.111579058,0.198,0.177,1
Phf1,0.738946431,-0.164698218,0.642,0.634,1
Pgm3,0.73957047,0.297088023,0.203,0.183,1
Ascc3,0.739621316,-0.170475852,0.636,0.573,1
Dnah7b,0.739891396,-0.345184354,0.053,0.061,1
Dus2,0.740142793,-0.179886226,0.15,0.159,1
Gm26843,0.74019899,0.297968222,0.091,0.079,1
Ccl1,0.740382892,-0.167498253,0.064,0.073,1
Pcdhb6,0.74050361,0.638166942,0.043,0.037,1
Aar2,0.740534051,-0.140960505,0.444,0.427,1
Gm16201,0.740833037,0.116891404,0.433,0.463,1
Mfsd12,0.740974029,-0.132084027,0.214,0.189,1
Fam114a1,0.741670497,-1.001160123,0.123,0.104,1
Gm16867,0.741677164,-0.348980383,0.048,0.055,1
Rbmxl1,0.741708907,-0.287246051,0.481,0.482,1
Itpripl2,0.741778149,-0.209745207,0.615,0.616,1
Dmrtc1a,0.741841666,-0.183289853,0.091,0.079,1
Gm44997,0.741874011,-0.287652463,0.053,0.061,1
Zfp386,0.742030746,-0.203770754,0.364,0.335,1
Shisa7,0.742518739,-0.373866907,0.096,0.104,1
Incenp,0.742520547,0.429356061,0.118,0.104,1
Tgfbr2,0.742673998,-0.114885754,0.064,0.055,1
Tle6,0.743102743,-0.361011744,0.086,0.091,1
Katna1,0.743232163,-0.104584911,0.246,0.244,1
Ccnq,0.743712925,-0.118089828,0.358,0.354,1
Zfp92,0.743870294,-0.102046094,0.219,0.226,1
Gm42902,0.744008963,-0.277224387,0.037,0.03,1
Gm43154,0.744008963,-0.142867488,0.037,0.03,1
AI504432,0.744413929,-0.437302646,0.209,0.213,1
Pld3,0.744537147,0.212335847,0.642,0.646,1
Armh3,0.744571063,-0.39860689,0.481,0.463,1
Tpbgl,0.7452363,-0.153559508,0.176,0.189,1
3110082I17Rik,0.745425254,0.159998822,0.326,0.305,1
Amd1,0.745487821,-0.161349983,0.54,0.5,1
Serpinb8,0.745844371,-0.264639045,0.053,0.061,1
Pate2,0.745849997,-0.466612477,0.048,0.055,1
5730522E02Rik,0.745916907,-0.164832884,0.198,0.177,1
Itih5,0.746357928,0.213670639,0.262,0.238,1
1700086P04Rik,0.746543889,-0.22040526,0.037,0.03,1
Klkb1,0.746543889,-0.194125037,0.037,0.03,1
Nipsnap3b,0.746635923,-0.140105251,0.829,0.805,1
Pcnx4,0.746678754,0.122482057,0.679,0.646,1
Abcc10,0.747674542,0.104104544,0.064,0.073,1
Mob3c,0.747832092,-0.225086475,0.053,0.061,1
Gm37529,0.747939221,-0.271411179,0.048,0.055,1
Nfkbiz,0.748514884,0.129644165,0.385,0.36,1
Gng11,0.748915787,-0.442065074,0.139,0.146,1
Gm35021,0.748985269,0.438283782,0.059,0.067,1
Zscan20,0.74908156,-0.102777464,0.037,0.03,1
Gm26787,0.74908156,-2.222575818,0.037,0.03,1
Yes1,0.749836301,-0.26139159,0.39,0.396,1
Kcnh1,0.749917932,0.342108358,0.043,0.037,1
Lyst,0.750060676,0.12939907,0.743,0.738,1
8430429K09Rik,0.750076098,-0.121113981,0.246,0.25,1
Timm50,0.750775498,0.194040896,0.417,0.372,1
Mlh1,0.751169651,-0.762577178,0.182,0.183,1
Ccnl2,0.751200225,0.255072256,0.572,0.567,1
Fbxw17,0.75128387,0.176566151,0.492,0.463,1
Polr3b,0.751349437,-0.160618032,0.374,0.378,1
Rftn1,0.751473433,-0.165650914,0.273,0.238,1
Gm16731,0.751621951,-0.287478318,0.037,0.03,1
Gm20635,0.751621951,-0.320905824,0.037,0.03,1
Gm48383,0.751812556,-0.682842513,0.053,0.061,1
Hoxd8,0.752073208,0.453950273,0.016,0.012,1
Trpc3,0.752073208,0.209132593,0.016,0.012,1
Mcoln2,0.752073208,0.668035228,0.016,0.012,1
Gm13257,0.752073208,0.160126258,0.016,0.012,1
Gm13201,0.752073208,1.200173313,0.016,0.012,1
Rbakdn,0.752073208,0.175203778,0.016,0.012,1
Gm20404,0.752073208,0.351950737,0.016,0.012,1
C1rl,0.752073208,0.373502449,0.016,0.012,1
Sox5os2,0.752073208,0.187516821,0.016,0.012,1
Gm47956,0.752073208,0.110639223,0.016,0.012,1
Abca13,0.752073208,0.138623866,0.016,0.012,1
Gm4131,0.752073208,0.259074848,0.016,0.012,1
Dsc2,0.752073208,0.168945754,0.016,0.012,1
Fam234b,0.752084401,-0.160277334,0.471,0.433,1
Dnajc9,0.75254791,-0.104141387,0.529,0.445,1
Mab21l2,0.753093539,-0.189851791,0.219,0.189,1
Xlr3b,0.753158175,-0.199230758,0.064,0.073,1
BC065397,0.7540223,-0.278005059,0.134,0.14,1
Prox2,0.754165037,-0.156132219,0.037,0.03,1
Zfp267,0.754222394,0.150654338,0.385,0.378,1
Pigw,0.754241479,-0.145639975,0.086,0.073,1
Rad51,0.7546392,-0.531363296,0.037,0.043,1
Nqo1,0.754912982,-0.177765509,0.16,0.171,1
Slc25a25,0.754940239,-0.104698779,0.722,0.701,1
Hnrnpf,0.755672398,-0.174256164,0.909,0.896,1
4933423P22Rik,0.755975357,0.128937705,0.016,0.012,1
Pla2g4e,0.755975357,0.478599429,0.016,0.012,1
Gm12703,0.755975357,0.414414215,0.016,0.012,1
Gm13052,0.755975357,0.139542159,0.016,0.012,1
Gm16001,0.755975357,0.186987166,0.016,0.012,1
Kctd14,0.755975357,0.140337657,0.016,0.012,1
Cited1,0.755975357,0.340143363,0.016,0.012,1
A230072E10Rik,0.755975357,0.134790948,0.016,0.012,1
Ang,0.756314503,-0.492120543,0.048,0.055,1
Rhbdf2,0.756677881,-0.123514299,0.091,0.079,1
Htr6,0.756710791,-0.191653895,0.037,0.03,1
Slc12a7,0.756746682,0.199388677,0.075,0.067,1
Adck1,0.757526113,-0.459975782,0.364,0.366,1
Txnrd2,0.757710207,-0.184538297,0.503,0.476,1
Gm50410,0.757714167,-0.114505774,0.07,0.061,1
Creb5,0.758067602,-0.330829804,0.262,0.226,1
Zkscan7,0.758238555,-0.191885575,0.064,0.055,1
Neurod1,0.758309112,-0.3239539,0.182,0.183,1
Supt16,0.758868502,-0.233770273,0.759,0.75,1
Mpv17l,0.759639503,-0.105759502,0.631,0.604,1
Cybrd1,0.759793224,-0.141436913,0.053,0.061,1
Prpf40a,0.759827471,-0.11060265,0.77,0.713,1
Gm28501,0.75988374,0.164515739,0.016,0.012,1
Pifo,0.75988374,0.202388592,0.016,0.012,1
Rflna,0.75988374,0.426443636,0.016,0.012,1
Mm2pr,0.75988374,0.145575305,0.016,0.012,1
Tmem40,0.75988374,1.457704299,0.016,0.012,1
Gpr26,0.75988374,0.133845653,0.016,0.012,1
Eps8l2,0.75988374,0.19540124,0.016,0.012,1
Gm4890,0.75988374,0.101988137,0.016,0.012,1
C2cd4a,0.75988374,0.102121317,0.016,0.012,1
Gm38163,0.75988374,0.115892719,0.016,0.012,1
Rspo3,0.75988374,0.159604234,0.016,0.012,1
Zfp433,0.75988374,0.110171443,0.016,0.012,1
Castor1,0.75988374,0.379083372,0.016,0.012,1
Slc36a2,0.75988374,0.292423009,0.016,0.012,1
Grap,0.75988374,0.456838945,0.016,0.012,1
Tmem95,0.75988374,0.197411576,0.016,0.012,1
Syk,0.75988374,0.100335238,0.016,0.012,1
1700087M22Rik,0.75988374,0.240734507,0.016,0.012,1
C1qtnf6,0.75988374,0.192468297,0.016,0.012,1
Has1,0.75988374,0.122059862,0.016,0.012,1
Wfikkn1,0.75988374,0.176383709,0.016,0.012,1
Gm49871,0.75988374,0.158330856,0.016,0.012,1
Gm20544,0.75988374,0.153618261,0.016,0.012,1
Stk10,0.760191181,-1.074462807,0.064,0.055,1
Nck2,0.760321144,1.070346534,0.091,0.098,1
Cep104,0.760454923,0.123690882,0.444,0.421,1
Fyb2,0.760473944,-2.071401308,0.043,0.049,1
Exo5,0.760615555,-0.202550093,0.209,0.183,1
Bloc1s4,0.760680766,0.278633132,0.396,0.372,1
Acadvl,0.760898947,-0.363453386,0.433,0.433,1
Ccdc138,0.760986693,-0.434086898,0.262,0.244,1
Lockd,0.761810202,-0.207258611,0.037,0.03,1
Rpia,0.762298151,-0.326890565,0.155,0.159,1
Gm46404,0.762298151,-0.576500729,0.155,0.159,1
Pdss1,0.762379586,-0.322657787,0.209,0.213,1
Reck,0.763061493,-0.42654258,0.107,0.116,1
Rpgrip1l,0.763354276,-0.126005638,0.299,0.293,1
Usp21,0.763428623,0.163603672,0.102,0.091,1
Spata17,0.763798263,-0.402168658,0.016,0.012,1
Knl1,0.763798263,0.180168665,0.016,0.012,1
Fam229a,0.763798263,0.703919949,0.016,0.012,1
Rbp7,0.763798263,0.157575133,0.016,0.012,1
Saa1,0.763798263,-0.153998437,0.016,0.012,1
Fli1,0.763798263,0.141628352,0.016,0.012,1
Gm11629,0.763798263,0.174334948,0.016,0.012,1
Morc1,0.763798263,0.472017406,0.016,0.012,1
C430042M11Rik,0.763798263,0.565661737,0.016,0.012,1
AA986860,0.763950174,0.114096802,0.075,0.067,1
Tctn2,0.764413936,0.240792198,0.102,0.11,1
A330074K22Rik,0.764739816,0.156612057,0.139,0.128,1
Fbxo10,0.764853261,0.261452456,0.39,0.396,1
Pigc,0.76531262,-0.191648767,0.251,0.25,1
Efnb2,0.765795606,-0.164032005,0.053,0.061,1
Gm9844,0.76621913,-0.165875676,0.401,0.396,1
Mfsd7a,0.766482197,-0.691230628,0.037,0.043,1
Gnb3,0.766482197,0.31602546,0.043,0.037,1
Arg2,0.766482197,0.606324148,0.037,0.043,1
Gm30054,0.766482197,-0.51253673,0.037,0.043,1
Hps5,0.76657744,-0.124005791,0.299,0.299,1
Ap4m1,0.766777742,-0.260323599,0.171,0.171,1
Zkscan6,0.766925625,-0.467679441,0.166,0.14,1
3300002I08Rik,0.767094475,-0.144037772,0.305,0.268,1
Gm46440,0.767148707,-0.424719917,0.043,0.049,1
9430038I01Rik,0.767456687,0.405983096,0.38,0.366,1
Ephb6,0.76755964,0.549990552,0.075,0.067,1
Gm20743,0.767718834,-0.106853193,0.016,0.012,1
Sh2b2,0.767718834,-0.103771752,0.016,0.012,1
Card11,0.767718834,0.151785368,0.016,0.012,1
Gm16193,0.767718834,1.755432217,0.016,0.012,1
Kcnk13,0.767718834,0.399391441,0.016,0.012,1
Fshr,0.767718834,0.185567539,0.016,0.012,1
Rasgrp2,0.767718834,0.215956819,0.016,0.012,1
Ntng2,0.767799548,-0.239910025,0.053,0.061,1
Rmdn2,0.767879282,0.234908744,0.385,0.354,1
Bivm,0.768212515,-0.32052304,0.257,0.256,1
Gm6938,0.768857457,-0.465595234,0.037,0.043,1
Arrdc2,0.769160584,-0.522008627,0.086,0.091,1
Wdr18,0.769345859,-0.163382011,0.556,0.494,1
Khk,0.770051226,-0.170792604,0.497,0.451,1
Utp4,0.770327622,-0.230413559,0.214,0.22,1
Zkscan1,0.770585758,-0.157673531,0.658,0.659,1
Hlcs,0.770946315,-0.192825135,0.508,0.476,1
A430073D23Rik,0.771234889,0.12883292,0.043,0.037,1
Rftn2,0.771315312,0.182370378,0.128,0.116,1
Myo7a,0.771349151,-0.172684785,0.086,0.073,1
Gm37328,0.771645357,-0.163221281,0.016,0.012,1
Tnc,0.771645357,-0.104316283,0.016,0.012,1
A3galt2,0.771645357,-0.105696957,0.016,0.012,1
4833413G10Rik,0.771645357,-0.109670574,0.016,0.012,1
Gm45159,0.771645357,-0.119482954,0.016,0.012,1
Trim30a,0.771645357,-0.35567066,0.016,0.012,1
Ppp1r3b,0.771645357,-0.147717333,0.016,0.012,1
Nrgn,0.771645357,-0.236492427,0.016,0.012,1
Ccl4,0.771645357,-0.124141022,0.016,0.012,1
5033421B08Rik,0.771645357,-0.283361134,0.016,0.012,1
Lrrc14b,0.771645357,-0.166065232,0.016,0.012,1
Myh11,0.771645357,-0.453398686,0.016,0.012,1
1700102H20Rik,0.771645357,-0.294965317,0.016,0.012,1
AC163347.1,0.771645357,-0.171983118,0.016,0.012,1
Gm6787,0.771645357,-0.140131146,0.016,0.012,1
A630012P03Rik,0.771645357,-0.1564846,0.016,0.012,1
Tmem132a,0.771923736,0.217710878,0.257,0.232,1
Arntl,0.771998834,-0.246034981,0.214,0.213,1
Ptpn3,0.772367154,-0.101477679,0.69,0.677,1
Gm11423,0.773150316,-0.173490741,0.048,0.055,1
Spata6,0.77338868,-0.189718555,0.39,0.335,1
Dera,0.773483991,-0.550785722,0.112,0.098,1
Tmem18,0.773728642,-0.161286764,0.337,0.317,1
Acrbp,0.773840791,0.145003834,0.043,0.049,1
Fbxo5,0.773840791,-0.74629262,0.043,0.049,1
Shroom1,0.773840791,-0.258585702,0.043,0.049,1
Eml3,0.773894517,0.898755036,0.15,0.14,1
Wdr59,0.774622452,-0.234227397,0.455,0.415,1
Slc18b1,0.774741148,-0.258872627,0.305,0.299,1
C1qtnf2,0.774793644,0.133966314,0.075,0.067,1
5930430L01Rik,0.774896827,0.395598449,0.091,0.085,1
A230083G16Rik,0.775262502,-0.174519058,0.048,0.055,1
Calcoco1,0.775432239,-0.112880283,0.422,0.421,1
Gm37335,0.775577739,-0.259341337,0.016,0.012,1
Gm26670,0.775577739,-0.17118118,0.016,0.012,1
Rbm38,0.775577739,-0.288106364,0.016,0.012,1
Rad54b,0.775577739,-0.117338026,0.016,0.012,1
Wdr95,0.775577739,-0.102778051,0.016,0.012,1
Vmn1r4,0.775577739,-0.269700897,0.016,0.012,1
2610300M13Rik,0.775577739,-0.592536185,0.016,0.012,1
Vmn1r88,0.775577739,-0.11635203,0.016,0.012,1
Gm1715,0.775577739,-0.83302285,0.016,0.012,1
Trhde,0.775577739,-0.168869897,0.016,0.012,1
Gm805,0.775577739,-0.360615135,0.016,0.012,1
AK157302,0.775577739,-0.240407343,0.016,0.012,1
Gm40932,0.775577739,-0.239271807,0.016,0.012,1
Gm50335,0.775577739,-0.197835093,0.016,0.012,1
Pld1,0.775717302,-0.203774461,0.086,0.091,1
6030443J06Rik,0.775777462,-0.168640042,0.316,0.305,1
Sycp2,0.775996184,0.139282801,0.043,0.037,1
Adamts3,0.775996184,-0.349876094,0.037,0.043,1
Gm49041,0.775996184,-0.133935422,0.043,0.037,1
Sarm1,0.776038148,0.300374293,0.316,0.28,1
Slc19a3,0.776075253,-0.297666019,0.043,0.049,1
Fam98b,0.776216004,-0.250991094,0.572,0.537,1
Chaf1a,0.776229567,-0.346154641,0.091,0.098,1
Tmem120a,0.77631794,-0.111702561,0.406,0.36,1
Ccdc127,0.776722199,-0.271027466,0.802,0.811,1
Zdhhc6,0.777601426,-0.195767634,0.326,0.329,1
Myl6b,0.777847781,-0.167487019,0.07,0.079,1
Zfp772,0.777848091,-0.153252297,0.166,0.177,1
Morrbid,0.778380005,-0.322561567,0.037,0.043,1
Gm15728,0.778380005,-0.121102219,0.043,0.037,1
Chek1,0.778380005,-0.437868606,0.037,0.043,1
Gm14582,0.778380005,-0.503753792,0.037,0.043,1
Gk,0.778506943,-0.185066419,0.385,0.335,1
Efcab1,0.778683544,-0.157295068,0.321,0.317,1
4930509H03Rik,0.779001698,-0.341143238,0.086,0.091,1
Ttll11,0.779204306,-0.206077481,0.54,0.537,1
Trappc5,0.779221184,-0.131404543,0.631,0.573,1
Jade1,0.779401501,-0.198833987,0.578,0.524,1
Nphp4,0.779422788,-0.187512183,0.091,0.098,1
Lrriq1,0.779688965,-0.215556225,0.176,0.183,1
C030006K11Rik,0.779780138,0.135901301,0.16,0.146,1
Dph2,0.779832336,0.250141394,0.08,0.073,1
Itpka,0.779855384,-0.180294945,0.053,0.061,1
Mok,0.779933872,-0.350159797,0.091,0.079,1
Rps6kl1,0.780015208,0.178485089,0.337,0.293,1
Gm43305,0.780174017,0.302579949,0.134,0.146,1
Apbb3,0.780202416,-0.147498732,0.492,0.488,1
Tada3,0.780363554,-0.471361792,0.545,0.482,1
Cdk12,0.780548474,0.115962728,0.674,0.622,1
Rbpms,0.780549725,-0.225872416,0.043,0.049,1
Gramd1c,0.780549725,-0.303065311,0.043,0.049,1
Gm47814,0.780765913,-0.104118878,0.043,0.037,1
Eml5,0.780994654,-0.33112008,0.353,0.299,1
Vps37d,0.781021272,0.192237135,0.273,0.262,1
Exosc7,0.781269249,-0.135378975,0.529,0.512,1
Gm26885,0.781421356,-0.652461032,0.155,0.159,1
C230037L18Rik,0.781472519,-0.203706997,0.203,0.183,1
Ror1,0.78204725,0.149133648,0.075,0.067,1
Pggt1b,0.782739498,-0.142765488,0.503,0.494,1
Gulp1,0.782771168,0.219255036,0.203,0.207,1
Gm14393,0.783153887,-0.344911675,0.037,0.043,1
Npas4,0.783153887,-0.553490242,0.037,0.043,1
2900045O20Rik,0.783285046,-0.247543105,0.112,0.122,1
Tmem216,0.783343362,-0.278822314,0.139,0.146,1
B130024G19Rik,0.783727735,-0.149078473,0.048,0.055,1
Erbin,0.783803484,-0.154737845,0.513,0.518,1
4732471J01Rik,0.783825957,-0.120638416,0.449,0.402,1
Vkorc1l1,0.783855345,0.103576641,0.765,0.768,1
Trank1,0.783889046,0.388822789,0.262,0.28,1
Ppip5k2,0.784746351,-0.369334578,0.556,0.518,1
Rarg,0.784912941,-0.574495121,0.214,0.22,1
Map3k14,0.784995068,-0.154597403,0.193,0.195,1
Angptl4,0.785031476,-0.294193511,0.043,0.049,1
Gpn1,0.785132196,-0.213787721,0.449,0.433,1
Man2b1,0.785368463,0.140038158,0.193,0.177,1
Mettl7a1,0.785697128,0.11036132,0.316,0.287,1
Zfp689,0.785914014,0.324233234,0.086,0.079,1
Glce,0.786325589,-0.314840535,0.422,0.415,1
Ezr,0.786393319,-0.125572107,0.412,0.372,1
Ctso,0.786543812,-0.179154387,0.166,0.146,1
Gm4221,0.786763217,-0.61107562,0.08,0.085,1
Eif2b2,0.786863494,-0.127538071,0.348,0.354,1
Aldh16a1,0.7871469,-0.451408077,0.112,0.098,1
Gm46430,0.787302037,-0.153089162,0.198,0.183,1
Rasd1,0.787763486,-0.170803535,0.096,0.085,1
Hs3st6,0.787810212,-0.122868805,0.07,0.061,1
Heyl,0.787935947,0.156589367,0.043,0.037,1
Cand2,0.787935947,-0.529998049,0.037,0.043,1
Tars2,0.788279838,-0.139631387,0.326,0.329,1
Slf1,0.7882997,0.102365649,0.278,0.256,1
Ctc1,0.7882997,-0.290001581,0.267,0.268,1
Bbs7,0.788646482,-0.191921577,0.289,0.28,1
Bysl,0.788702025,0.115954426,0.46,0.421,1
Rhobtb3,0.788789573,0.169054994,0.455,0.445,1
Lyrm1,0.788976159,0.134945169,0.476,0.433,1
Ttf1,0.789379007,-0.148032686,0.176,0.183,1
Cxcl1,0.790036593,-1.193910885,0.032,0.037,1
Rnf128,0.790036593,-0.49140183,0.032,0.037,1
6530409C15Rik,0.79020149,-0.441231348,0.166,0.177,1
Acacb,0.79032999,-0.129614299,0.043,0.037,1
Rnf17,0.79032999,0.311087004,0.037,0.043,1
Gm49722,0.79032999,-0.167167702,0.043,0.037,1
Nudt7,0.790334142,-0.162137872,0.305,0.305,1
Capg,0.791140912,1.483226706,0.075,0.067,1
Wdr25,0.791716032,-0.108392815,0.112,0.098,1
1700101I11Rik,0.792012082,-0.251175844,0.123,0.11,1
Stam,0.792072549,-0.164049519,0.85,0.823,1
Mapk9,0.792321391,-0.134900034,0.877,0.878,1
5-Sep,0.792533162,-0.252392678,0.406,0.409,1
Vmn1r90,0.792616963,-0.669590746,0.032,0.037,1
Bend3,0.792616963,-0.353903068,0.032,0.037,1
Cenpf,0.792726014,-0.253361396,0.037,0.043,1
Mks1,0.792726014,-0.631213344,0.043,0.037,1
Gnb1l,0.793058861,-0.958502747,0.144,0.146,1
Srsf10,0.793549493,0.101257973,0.834,0.805,1
Gpc4,0.794016252,-0.11443284,0.043,0.049,1
Adam1a,0.794016252,0.185895726,0.048,0.043,1
Gm19409,0.794269892,0.172417762,0.096,0.085,1
Tnfrsf1b,0.794569746,0.663406643,0.144,0.128,1
Nadsyn1,0.795123996,-0.163772689,0.043,0.037,1
Cenpu,0.795123996,-0.451583763,0.043,0.037,1
Gm42997,0.795199605,-0.321413934,0.032,0.037,1
4933431K23Rik,0.795199605,-0.331453176,0.032,0.037,1
Uts2b,0.795199605,-0.769836465,0.032,0.037,1
Nek9,0.795263428,-0.18773774,0.733,0.713,1
Rufy1,0.795694121,-0.472610089,0.305,0.299,1
Eif4a3,0.795891905,-0.29149411,0.529,0.524,1
Abitram,0.795965996,-0.193025485,0.241,0.238,1
Abca3,0.796190131,0.143072995,0.872,0.811,1
Ankrd36,0.796266774,0.402180698,0.048,0.043,1
Nme7,0.796500734,0.18889324,0.487,0.488,1
Lman1,0.796634023,-0.16999288,0.519,0.476,1
Igfbp4,0.796873586,-0.187819624,0.385,0.348,1
Gps2,0.796930289,-0.127663648,0.674,0.659,1
Ell2,0.797067707,-0.310115341,0.305,0.293,1
Mogat1,0.797523915,-0.72371823,0.043,0.037,1
Col9a2,0.797523915,-0.258447815,0.037,0.043,1
Tuba1c,0.797523915,-0.205926213,0.043,0.037,1
Gm26749,0.797523915,-1.63965859,0.037,0.043,1
Gm20632,0.797784494,-0.55787949,0.032,0.037,1
Fyb,0.797784494,-0.305905982,0.032,0.037,1
Polr3f,0.797831555,-0.248885234,0.289,0.28,1
Lyrm2,0.798323597,0.106625461,0.866,0.848,1
Atpaf1,0.798682078,-0.164208108,0.481,0.463,1
Zfp865,0.798699832,-0.822714039,0.305,0.299,1
Mcee,0.799176281,-0.285065516,0.818,0.805,1
Qpct,0.79929877,-0.567493943,0.027,0.03,1
D2hgdh,0.799352509,-0.108326851,0.262,0.238,1
Eme2,0.799549153,-0.219947006,0.064,0.055,1
Mcat,0.799581201,-0.276700752,0.16,0.159,1
Stard13,0.799696163,-0.106505737,0.904,0.872,1
Oard1,0.799819438,0.142567745,0.567,0.537,1
Chn2,0.79992575,-0.544754296,0.043,0.037,1
Atg9b,0.800371602,-0.437163882,0.032,0.037,1
Scfd1,0.800553726,-0.104729659,0.524,0.47,1
Dhx58,0.800572781,-0.268776286,0.139,0.122,1
Mthfd2l,0.800691993,-0.256555788,0.497,0.482,1
Celsr3,0.801009977,-0.245552569,0.428,0.366,1
Simc1,0.801537358,-0.299137338,0.176,0.183,1
Peli2,0.802061107,-0.11862585,0.241,0.22,1
Tmem123,0.802116243,-0.155392604,0.209,0.213,1
Mir670hg,0.802329479,-0.418646716,0.043,0.037,1
Nod1,0.80241467,-0.889014237,0.166,0.165,1
Dhx34,0.802423022,0.207087683,0.096,0.085,1
St8sia2,0.802960902,-2.224472597,0.032,0.037,1
Ttc41,0.802960902,-0.184930633,0.032,0.037,1
F13a1,0.802960902,-0.665609916,0.032,0.037,1
Cxcl12,0.803028444,1.737574095,0.048,0.043,1
Eif4ebp2,0.803358447,-0.108885895,0.487,0.463,1
4930570G19Rik,0.803389073,-0.242746135,0.209,0.207,1
Dcun1d2,0.804712187,-0.131850594,0.513,0.488,1
Plscr1,0.804735079,-0.327728546,0.037,0.043,1
Actr8,0.805355774,-0.443994703,0.449,0.409,1
Adamts17,0.805749592,-0.100258874,0.075,0.067,1
Hepacam,0.806200157,-0.374079739,0.107,0.11,1
Ttc27,0.806261818,-0.237218213,0.262,0.25,1
Sirt1,0.806914833,-0.409220265,0.337,0.341,1
Synj2,0.806967508,-0.137397814,0.15,0.159,1
2900052L18Rik,0.80714253,-0.177610456,0.043,0.037,1
Gm14827,0.80714253,-0.138947978,0.037,0.043,1
Lin28b,0.807370214,-0.270945187,0.369,0.341,1
Hk2,0.807544464,0.131878534,0.048,0.043,1
Adamts20,0.807544464,0.104827657,0.048,0.043,1
Bgn,0.807652165,-0.231614761,0.102,0.091,1
Mroh7,0.807788723,-0.901470699,0.027,0.03,1
Gm47715,0.807788723,-0.605800485,0.027,0.03,1
Otub2,0.80799143,-0.628213173,0.219,0.195,1
Cgn,0.808145968,-0.113717867,0.032,0.037,1
Mcm5,0.808145968,-0.315187586,0.032,0.037,1
Zfp78,0.808732335,-0.275876617,0.086,0.091,1
Tmem39b,0.808829928,-0.265917553,0.182,0.159,1
Rilpl2,0.809277883,-0.1833152,0.16,0.165,1
Chuk,0.809454651,-0.344355675,0.54,0.518,1
Cav1,0.809551809,0.68222499,0.037,0.043,1
Fbxo47,0.809551809,-0.599739687,0.043,0.037,1
Mss51,0.809551809,-0.281899916,0.037,0.043,1
Zfp446,0.809681238,0.329659173,0.15,0.14,1
Lypd1,0.809861359,-0.112868123,0.198,0.183,1
Tnpo1,0.810041466,-0.128195759,0.679,0.64,1
Nxt2,0.810128691,-0.125590995,0.369,0.36,1
Tnnt2,0.8106238,-0.545140937,0.027,0.03,1
Gstt3,0.8106238,-0.425297045,0.027,0.03,1
Tmem98,0.8106238,-0.347599741,0.027,0.03,1
4930586N03Rik,0.8106238,-0.383394737,0.027,0.03,1
Tekt4,0.8106238,-0.518103598,0.027,0.03,1
Gm49980,0.810640371,-0.321156182,0.08,0.085,1
Gm26810,0.81074168,-0.236804217,0.032,0.037,1
Iah1,0.810850851,0.133402701,0.61,0.549,1
Gm10862,0.811551458,-0.229555031,0.091,0.098,1
Gale,0.812142731,-0.114917353,0.455,0.402,1
Golga5,0.812240119,0.146058542,0.348,0.335,1
9430060I03Rik,0.813339475,-0.234442486,0.032,0.037,1
Zfp786,0.813339475,-0.171077554,0.032,0.037,1
Gm19792,0.813461362,-0.413273574,0.027,0.03,1
Xrcc1,0.814244073,0.12365223,0.203,0.195,1
Lrriq3,0.814375764,-0.146896406,0.037,0.043,1
Eln,0.814375764,-0.135756096,0.037,0.043,1
Fbn2,0.814375764,-0.355778693,0.037,0.043,1
Daxx,0.814412229,-0.111146274,0.422,0.396,1
Kctd5,0.814487361,-0.116441111,0.503,0.47,1
Mrps30,0.81459736,0.192520228,0.358,0.341,1
Szt2,0.815047776,-0.359177481,0.176,0.171,1
Gm4673,0.81506358,0.177147945,0.08,0.073,1
Cdkn2aip,0.81508789,-0.139440423,0.203,0.207,1
Cfap74,0.815293959,-0.520106659,0.107,0.11,1
Nop9,0.815417032,-0.142605539,0.209,0.189,1
Gm43016,0.815939325,-0.216925976,0.032,0.037,1
Gm19938,0.816301375,-0.291006824,0.027,0.03,1
Cfap100,0.816301375,-0.374860816,0.027,0.03,1
Ntn4,0.816301375,-0.389290663,0.027,0.03,1
Mecom,0.816595626,0.127087933,0.048,0.043,1
Adra1a,0.816790396,-0.385312464,0.043,0.037,1
Timm8a1,0.817072533,0.126376627,0.711,0.628,1
Tmem200c,0.817089068,-0.130821428,0.289,0.268,1
Ino80b,0.817365101,-0.175983917,0.61,0.573,1
Pcdhga5,0.817509673,0.311462475,0.021,0.018,1
Mfsd8,0.817715708,-0.159757128,0.225,0.207,1
Lmo2,0.817835781,0.564972697,0.053,0.049,1
Sh3d21,0.819143803,-0.590092941,0.027,0.03,1
Myl2,0.819143803,-0.767653068,0.027,0.03,1
Adamts12,0.819143803,-0.513577798,0.027,0.03,1
Pkp3,0.819206768,-0.383933743,0.037,0.043,1
Chml,0.819554382,-0.190083578,0.385,0.348,1
Abcb4,0.819909357,-0.153542806,0.39,0.384,1
Gm12454,0.820749792,-0.154906135,0.16,0.165,1
Glyat,0.820893896,0.681000799,0.021,0.018,1
Gm28791,0.82114508,-0.134080154,0.032,0.037,1
Pbld2,0.821345834,-0.367172511,0.07,0.073,1
Mob3a,0.821650418,-0.258534704,0.369,0.348,1
Tek,0.821988609,-0.339305559,0.027,0.03,1
Card14,0.821988609,-0.32687324,0.027,0.03,1
Pcdhga7,0.821988609,-1.854279588,0.027,0.03,1
Bend5,0.822005978,-0.377677112,0.102,0.091,1
Gm16268,0.822037922,-0.312747718,0.086,0.091,1
Msc,0.822298227,-0.223240759,0.241,0.213,1
BC034090,0.823045196,-0.340622932,0.075,0.079,1
Gne,0.823145088,-0.202796402,0.369,0.341,1
Vta1,0.823327717,-0.117220757,0.61,0.555,1
Prpf6,0.824183112,0.152927376,0.588,0.561,1
Vwa8,0.824217971,-0.141031639,0.374,0.366,1
Det1,0.824495651,0.522917528,0.091,0.098,1
Kank1,0.824531966,-0.135348238,0.225,0.232,1
Lamb3,0.824835758,-1.087925056,0.027,0.03,1
Tafa4,0.824835758,-0.436617858,0.027,0.03,1
Map3k21,0.824835758,-0.27034831,0.027,0.03,1
Rcor2,0.825608893,0.144200772,0.203,0.189,1
Pex10,0.825934846,-0.238686897,0.107,0.11,1
Pou3f2,0.825995949,0.100634642,0.187,0.171,1
Prima1,0.826085069,-0.208331161,0.08,0.085,1
Sned1,0.826419711,0.207155952,0.053,0.049,1
Hps4,0.826535004,-0.202107935,0.449,0.396,1
S100a4,0.826668206,-0.14740944,0.439,0.421,1
Acad11,0.826763648,-0.198597991,0.187,0.189,1
Catsper2,0.826804109,-0.562341124,0.096,0.098,1
Mau2,0.826929971,-0.168374944,0.476,0.445,1
Usp36,0.826945524,-0.100336667,0.267,0.262,1
Gm10451,0.827277043,-0.426099932,0.021,0.024,1
Sephs2,0.827460507,-0.233419072,0.278,0.28,1
Ghr,0.827648292,-0.106953716,0.353,0.341,1
Adcy10,0.827672295,0.182793685,0.021,0.018,1
Gm13822,0.827672295,1.706479483,0.021,0.018,1
Panct2,0.827685213,-0.266952095,0.027,0.03,1
Disp1,0.827685213,-0.249791077,0.027,0.03,1
Gm3892,0.827685213,-0.290001347,0.027,0.03,1
Gpr182,0.827685213,-0.251243736,0.027,0.03,1
Ormdl3,0.8277021,0.552204788,0.353,0.335,1
Pip5k1a,0.827885894,-0.111675183,0.674,0.61,1
Lbr,0.828575212,-0.127309399,0.38,0.354,1
Nudcd1,0.828615064,-0.300146053,0.353,0.341,1
Ppm1f,0.828761834,-0.219532595,0.417,0.378,1
Kti12,0.828780812,-0.10938894,0.193,0.195,1
Ercc6,0.829106915,0.311061853,0.166,0.152,1
Zfp369,0.829173054,-0.170018669,0.267,0.268,1
9330020H09Rik,0.829265847,-0.168476986,0.08,0.073,1
Fyco1,0.829524096,0.179009052,0.203,0.195,1
Gm13778,0.829631769,-0.290693698,0.075,0.067,1
Agpat5,0.829635983,-0.120784262,0.615,0.585,1
Rgcc,0.829682359,-0.371237389,0.46,0.402,1
Nfxl1,0.82977987,-0.22665958,0.112,0.116,1
Rbm10,0.829789577,0.318821857,0.337,0.335,1
Dusp10,0.83018142,-0.145149729,0.198,0.183,1
Gm17056,0.830456005,-0.437616816,0.021,0.024,1
Lncenc1,0.830456005,-0.528644346,0.021,0.024,1
Olfr1124,0.830536938,-0.167944355,0.027,0.03,1
Dact1,0.830536938,-0.426479721,0.027,0.03,1
Neto1,0.830536938,-0.360595587,0.027,0.03,1
Supt7l,0.830908822,-0.66994695,0.182,0.177,1
Derl2,0.830968081,-0.100871668,0.529,0.47,1
Rfx4,0.831066348,0.568093221,0.021,0.018,1
Gm12299,0.831066348,0.118558226,0.021,0.018,1
Gm2350,0.831066348,0.101601889,0.021,0.018,1
Stard3,0.831282664,0.432721491,0.278,0.256,1
Fam53b,0.831530568,-0.247487176,0.198,0.195,1
Arc,0.831580036,0.344134894,0.032,0.037,1
Cep112,0.831736517,-0.229765138,0.155,0.159,1
Zfp775,0.831753703,-0.150445744,0.144,0.146,1
Ccdc148,0.831753733,-0.306200252,0.144,0.146,1
Galk2,0.832047136,0.117173715,0.406,0.409,1
1110017D15Rik,0.832051038,-0.36137609,0.086,0.091,1
Eipr1,0.832424135,0.261929208,0.572,0.53,1
Fgfbp3,0.832493479,-0.537388572,0.048,0.043,1
Bbs2,0.832581095,-0.213466387,0.171,0.171,1
Gorab,0.832702143,-0.110046166,0.166,0.171,1
Ercc6l2,0.832751277,-0.170251359,0.396,0.39,1
Eng,0.83287136,0.210629139,0.053,0.049,1
Nif3l1,0.832968277,0.314027575,0.321,0.305,1
Arhgef6,0.833010363,-0.120350157,0.406,0.366,1
Asb13,0.83320827,-0.208358506,0.166,0.177,1
Akr1b10,0.83321166,-0.164047724,0.102,0.091,1
Gm33732,0.833390897,-0.160813282,0.027,0.03,1
Arhgap19,0.833390897,-0.408770358,0.027,0.03,1
Slc7a11,0.833637744,-0.430577708,0.021,0.024,1
Podnl1,0.833637744,-0.42517931,0.021,0.024,1
4933415A04Rik,0.834193497,-0.1100124,0.032,0.037,1
Gm12184,0.834193497,0.400400275,0.032,0.037,1
Arsg,0.83426782,-0.329625754,0.166,0.152,1
Pcdhb19,0.834301788,-0.167308042,0.134,0.14,1
Cd34,0.834463555,0.181073342,0.021,0.018,1
Olfr56,0.834463555,0.181593733,0.021,0.018,1
Ccdc120,0.83467844,-0.429492641,0.118,0.104,1
Tmem51,0.834724253,0.518764631,0.059,0.055,1
Blm,0.835562175,-0.174270669,0.182,0.165,1
C130036L24Rik,0.835744315,-0.298094824,0.112,0.116,1
Ifi47,0.836247053,-0.478919959,0.027,0.03,1
Gm19605,0.836247053,-0.218887623,0.027,0.03,1
Gm43674,0.836419622,-0.426609242,0.096,0.098,1
AW011738,0.836637015,-0.116731315,0.123,0.128,1
Gm9774,0.836822209,-0.338998242,0.021,0.024,1
Ttc39aos1,0.836822209,-0.292802688,0.021,0.024,1
Gm10101,0.836822209,-0.289655731,0.021,0.024,1
Krt7,0.836822209,-0.394503447,0.021,0.024,1
Efcab5,0.837048639,-0.144260239,0.048,0.043,1
Gm29771,0.837691242,0.139232191,0.471,0.463,1
A930006K02Rik,0.837718006,-0.308512777,0.118,0.122,1
Abcf1,0.837837883,-0.119306506,0.904,0.884,1
Tmem72,0.837863854,-0.143533879,0.021,0.018,1
Gm34590,0.837863854,0.101162453,0.021,0.018,1
Brwd3,0.838459332,-0.421684384,0.283,0.287,1
Fras1,0.838506746,0.473997223,0.102,0.098,1
Intu,0.838741729,-0.144407703,0.086,0.091,1
Rab20,0.839328279,-0.750777154,0.048,0.043,1
Cip2a,0.839328279,-0.251168287,0.048,0.043,1
1700124L16Rik,0.840009351,-0.369388133,0.021,0.024,1
Zfp114,0.840009351,-0.383415994,0.021,0.024,1
Klk1b27,0.840009351,-0.382251975,0.021,0.024,1
Atp10a,0.840009351,-0.272767031,0.021,0.024,1
Gm44777,0.840009351,-0.534337228,0.021,0.024,1
Jak3,0.840009351,-0.281985773,0.021,0.024,1
Gm1123,0.840009351,-0.230553009,0.021,0.024,1
Gm12089,0.840009351,-0.336698085,0.021,0.024,1
Gm11747,0.840009351,-0.318813885,0.021,0.024,1
Slc29a3,0.840113226,-0.179359638,0.396,0.354,1
Tfe3,0.840402962,-0.101563093,0.588,0.579,1
Zdhhc18,0.840597322,-0.169823757,0.786,0.738,1
Pde4a,0.841086835,-0.113493537,0.31,0.274,1
Ctxn2,0.841107162,-0.495543707,0.155,0.14,1
Igfbp7,0.841115683,0.798905423,0.134,0.128,1
Dnajc16,0.841215045,-0.214643945,0.219,0.201,1
Mroh8,0.841267184,0.115227399,0.021,0.018,1
Gm10282,0.841267184,0.155837348,0.021,0.018,1
Fam184a,0.841353759,0.160389741,0.257,0.244,1
Pcdhb16,0.84159736,-0.341232732,0.08,0.085,1
Arrb1,0.841872924,0.224751463,0.642,0.652,1
Acsf2,0.841965809,-0.167776686,0.027,0.03,1
Gm37305,0.842091483,-0.140834488,0.086,0.091,1
Gm26614,0.842559334,0.203785916,0.406,0.396,1
Comt,0.842841046,-0.135275507,0.824,0.817,1
Xpc,0.843025209,0.173985756,0.465,0.433,1
Sh3yl1,0.84304993,0.111903292,0.545,0.537,1
Hjurp,0.843104431,-0.210572171,0.31,0.293,1
Dctd,0.843199118,-0.667140807,0.021,0.024,1
BC043934,0.843199118,-0.300055367,0.021,0.024,1
Gm17201,0.843199118,-0.331180539,0.021,0.024,1
Gm47802,0.843199118,-0.331798538,0.021,0.024,1
Hrh2,0.843199118,-0.698120014,0.021,0.024,1
F830016B08Rik,0.843199118,0.35256551,0.021,0.024,1
Zfp809,0.843574388,-0.189824421,0.241,0.213,1
Efcab11,0.844106833,-0.456482753,0.064,0.067,1
Abhd13,0.844163743,-0.264349628,0.225,0.213,1
Tpx2,0.844417031,-0.426315932,0.075,0.079,1
Tmem41b,0.844582128,-0.164843668,0.711,0.695,1
Gm43728,0.844673483,-0.152008505,0.021,0.018,1
Mia,0.844673483,-0.489052082,0.021,0.018,1
Wnt5a,0.844673483,-0.171170356,0.021,0.018,1
Serpinb5,0.844828337,-1.125377694,0.027,0.03,1
Zfp59,0.844828337,-0.374261175,0.027,0.03,1
Tnfrsf13b,0.844828337,-0.126172799,0.027,0.03,1
Zfp317,0.844972943,-0.105704884,0.267,0.262,1
Gm12976,0.845032003,-0.202458032,0.118,0.122,1
Vps16,0.845107657,0.535961126,0.305,0.305,1
Mgrn1,0.845486648,-0.342591769,0.433,0.409,1
Chtf8,0.845787354,0.290936765,0.064,0.061,1
Sgo2a,0.846175219,-0.100221369,0.048,0.043,1
Lrrc55,0.846203428,-1.004785397,0.075,0.079,1
Gabrb2,0.846391459,1.740190484,0.021,0.024,1
4933433G19Rik,0.846391459,-0.364278672,0.021,0.024,1
Cds1,0.846440292,0.106953725,0.353,0.317,1
Gm4631,0.846771392,-0.286087671,0.102,0.104,1
Nop14,0.846990974,-0.212638529,0.529,0.506,1
AA387200,0.847037644,0.300487855,0.059,0.055,1
Tcea2,0.847037693,-0.256019328,0.497,0.457,1
Zfp651,0.847410717,-0.130948059,0.412,0.366,1
Kdelr2,0.847492913,-0.111385351,0.46,0.415,1
Sh3bp1,0.847692914,0.625642414,0.027,0.03,1
Ncan,0.84770125,-0.163233549,0.112,0.116,1
2310022B05Rik,0.847880262,-0.351788729,0.396,0.384,1
Gm1667,0.848082688,-0.203853046,0.021,0.018,1
1700093K21Rik,0.848082688,-0.122316028,0.021,0.018,1
Gm11627,0.848082688,-0.225647033,0.021,0.018,1
Dnaic2,0.848082688,-0.228317997,0.021,0.018,1
Gpr65,0.848082688,-0.236653541,0.021,0.018,1
Adgrv1,0.848082688,2.11895781,0.021,0.018,1
Pcdha9,0.848082688,-0.133017578,0.021,0.018,1
Syt12,0.848082688,-0.173705703,0.021,0.018,1
Lyn,0.848463975,0.104332286,0.235,0.238,1
Lurap1l,0.848488128,0.13334633,0.401,0.39,1
Snap23,0.849015679,-0.168411225,0.257,0.25,1
Lekr1,0.849184899,-0.164249084,0.262,0.262,1
Vav3,0.849586323,-0.247117597,0.021,0.024,1
Gm26756,0.849586323,-0.209852161,0.021,0.024,1
Gm20501,0.849586323,-0.283605555,0.021,0.024,1
F9,0.849586323,-0.273772811,0.021,0.024,1
Poglut2,0.849778586,0.340541683,0.075,0.079,1
Zfp54,0.849881997,-0.303974002,0.064,0.067,1
Traf3ip1,0.850658129,-0.140686968,0.171,0.159,1
Gm4924,0.850663966,-0.210136709,0.225,0.201,1
Nsmce4a,0.851101912,0.103576594,0.706,0.683,1
Lurap1,0.851107861,0.107679653,0.086,0.079,1
Rpusd2,0.851494738,-0.122275304,0.021,0.018,1
Ppp1r16b,0.851494738,-0.751580813,0.021,0.018,1
Iqgap3,0.851494738,-0.208813323,0.021,0.018,1
Gm12744,0.851494738,-0.17140062,0.021,0.018,1
Gm30108,0.851494738,-0.197866269,0.021,0.018,1
Acvrl1,0.851494738,-0.193163134,0.021,0.018,1
Gm49708,0.851494738,-0.25381243,0.021,0.018,1
Cdr1,0.851494738,-0.265318173,0.021,0.018,1
Flnb,0.852291429,-0.151249669,0.396,0.36,1
Zfp2,0.852388943,-0.105284145,0.492,0.463,1
Gm29264,0.852783659,-0.147329937,0.021,0.024,1
Gm47015,0.852783659,-0.166234527,0.021,0.024,1
1700081N11Rik,0.852783659,-0.352018489,0.021,0.024,1
Gm266,0.852783659,-0.140391212,0.021,0.024,1
Gm36445,0.852783659,-0.220401501,0.021,0.024,1
Csf2rb,0.852783659,0.221750001,0.021,0.024,1
D930030I03Rik,0.852783659,-0.154853017,0.021,0.024,1
Ascc1,0.852816936,-0.187083425,0.652,0.579,1
Gm48693,0.853033793,-0.302887577,0.048,0.043,1
Zfp119b,0.853033793,-0.267634056,0.048,0.043,1
Lrmda,0.85309596,0.137682552,0.187,0.171,1
1700003E16Rik,0.853356835,-0.173275401,0.075,0.079,1
Wrn,0.853561407,-0.118252092,0.433,0.415,1
Tyw1,0.853629563,-0.18198991,0.193,0.189,1
Zfp955b,0.853690357,-0.29531662,0.406,0.366,1
Tnfrsf22,0.853736606,-0.388077064,0.064,0.067,1
Mis18a,0.853914884,-0.102640173,0.235,0.232,1
Ptbp1,0.854017516,-0.486910826,0.187,0.177,1
Cep41,0.854124296,-0.691272618,0.214,0.213,1
Plvap,0.854283728,0.135947947,0.214,0.22,1
Nudt5,0.854294388,-0.221125824,0.406,0.409,1
Taf8,0.854544919,-0.294802141,0.128,0.128,1
Lhpp,0.854550476,-0.188026871,0.278,0.25,1
Slain1,0.854571678,-0.409721121,0.086,0.079,1
Sass6,0.854701293,0.571767809,0.219,0.207,1
Inpp1,0.85488277,0.106371128,0.61,0.573,1
Calr4,0.85490957,-0.213606023,0.021,0.018,1
Il16,0.85490957,-0.47720643,0.021,0.018,1
Gm33053,0.85490957,-0.854526019,0.021,0.018,1
Gm29562,0.85490957,-0.292610915,0.021,0.018,1
4930547E14Rik,0.85490957,-0.434983349,0.021,0.018,1
Scd3,0.85490957,-0.208166551,0.021,0.018,1
Lpar4,0.85490957,-0.836514346,0.021,0.018,1
Gm15201,0.85490957,-0.244388363,0.021,0.018,1
Iqcb1,0.855120109,0.15326212,0.588,0.543,1
Gm6598,0.855983417,-0.154899281,0.021,0.024,1
Enpp3,0.855983417,-0.163034587,0.021,0.024,1
F630042J09Rik,0.855983417,-0.10243827,0.021,0.024,1
Mst1r,0.856042508,-0.103585993,0.08,0.073,1
Gja1,0.856042508,-0.15917483,0.08,0.073,1
Sec63,0.856092743,-0.16640953,0.727,0.756,1
Rnf169,0.856161216,-0.102427024,0.396,0.39,1
Gmds,0.85621207,0.203318788,0.374,0.341,1
Coprs,0.856389081,-0.101057,0.904,0.854,1
Dnaic1,0.856531915,-0.539519882,0.016,0.018,1
Gm44081,0.856531915,-0.355537172,0.016,0.018,1
Gm10131,0.856531915,-0.490823021,0.016,0.018,1
F2rl3,0.856531915,-0.632854534,0.016,0.018,1
Gm30015,0.856531915,-0.507862738,0.016,0.018,1
Spdl1,0.856531915,-0.423746114,0.016,0.018,1
Gm5475,0.856531915,-0.449306376,0.016,0.018,1
Gm16008,0.856645569,-0.116132687,0.198,0.183,1
Pacs1,0.856684936,0.124070867,0.422,0.402,1
1700029J07Rik,0.857383664,-0.25294309,0.075,0.067,1
Slc25a13,0.85761239,-0.212798582,0.048,0.043,1
Gm10643,0.85761239,-0.311147603,0.048,0.043,1
1700112J16Rik,0.857763278,-1.366005157,0.102,0.104,1
9230116N13Rik,0.857833886,-0.31629127,0.08,0.073,1
Mmp24,0.857860753,-0.106703118,0.508,0.463,1
Ikzf4,0.858057995,-0.184614242,0.16,0.146,1
Dbf4,0.858311971,-0.731684853,0.07,0.073,1
Gm4869,0.858327122,-0.316616617,0.021,0.018,1
Tex26,0.858327122,-0.19501097,0.021,0.018,1
Gm36236,0.858327122,-0.407866492,0.021,0.018,1
Tm6sf1,0.858623397,0.101275593,0.615,0.585,1
Zfp553,0.859059884,-0.117870754,0.187,0.195,1
Ooep,0.859170989,1.621609667,0.027,0.03,1
Gm13373,0.859185543,1.774051823,0.021,0.024,1
Tbc1d2,0.859185543,-0.101731126,0.021,0.024,1
Wnt4,0.859185543,0.252610511,0.021,0.024,1
3300002A11Rik,0.859185543,1.502737928,0.021,0.024,1
Nfe2l3,0.859240474,-0.321045841,0.075,0.067,1
Polr1b,0.859525044,-0.667606415,0.064,0.067,1
Tap2,0.859802711,0.256073889,0.187,0.183,1
Kcnt2,0.860219487,-0.464785277,0.016,0.018,1
Gm12473,0.860219487,-0.397044874,0.016,0.018,1
Papolb,0.860219487,-0.395924697,0.016,0.018,1
4921507P07Rik,0.860219487,-0.465977882,0.016,0.018,1
Gm45356,0.860219487,-0.278319362,0.016,0.018,1
Gm16322,0.860219487,-0.304343853,0.016,0.018,1
Capsl,0.860219487,-0.305293538,0.016,0.018,1
Gm48956,0.860219487,-0.796793043,0.016,0.018,1
Gm20468,0.860219487,-0.31263229,0.016,0.018,1
Slc35g1,0.860219487,-0.278144217,0.016,0.018,1
Fuca2,0.860273459,0.110077783,0.652,0.659,1
Gm2a,0.860398148,-0.139374485,0.369,0.354,1
Gtf2h3,0.860490527,-0.470230639,0.07,0.061,1
Doc2b,0.860953351,-0.12904199,0.053,0.049,1
Gm5820,0.860953351,-0.182825092,0.053,0.049,1
Taco1,0.860958046,-0.11520499,0.134,0.122,1
Ppp1r13b,0.861400155,-0.356009078,0.69,0.64,1
Rab11fip5,0.862099663,-0.154066128,0.481,0.457,1
Zfp874b,0.862260097,-0.31434742,0.358,0.329,1
Pax6os1,0.862389987,0.775334501,0.021,0.024,1
Rad51b,0.862389987,0.288446771,0.021,0.024,1
Zfp334,0.86274044,-0.193221063,0.144,0.146,1
Kcnh2,0.862889119,-0.224545643,0.364,0.317,1
Fancm,0.862934578,-0.195534134,0.15,0.152,1
1700086O06Rik,0.863039664,-0.161912033,0.631,0.604,1
Tgfa,0.863089896,0.928959496,0.091,0.085,1
Pars2,0.86312128,-0.128892721,0.053,0.049,1
Ap5b1,0.86312128,0.419698928,0.053,0.049,1
Tbc1d17,0.863124649,-0.181310565,0.364,0.348,1
Ap1g2,0.863388221,-0.400971544,0.064,0.067,1
Hist1h2ae,0.863508628,0.152619101,0.064,0.061,1
Klhl11,0.863517903,-0.226941814,0.134,0.134,1
Aldoc,0.863849886,-0.114069644,0.888,0.872,1
Slc40a1,0.86391011,-0.382081293,0.016,0.018,1
2810459M11Rik,0.86391011,-0.635777658,0.016,0.018,1
Trpm8,0.86391011,-0.89644914,0.016,0.018,1
Kif28,0.86391011,-1.238505021,0.016,0.018,1
Efna4,0.86391011,-0.269956011,0.016,0.018,1
Tas1r1,0.86391011,-0.683941086,0.016,0.018,1
Irs3,0.86391011,-0.364068662,0.016,0.018,1
Slc6a1,0.86391011,-0.363603222,0.016,0.018,1
Rbpms2,0.86391011,-0.340557413,0.016,0.018,1
Gm49733,0.86391011,-0.350939532,0.016,0.018,1
Gm17036,0.86391011,-0.32050551,0.016,0.018,1
2010320O07Rik,0.86391011,-0.801418766,0.016,0.018,1
Gldc,0.86391011,-0.30227235,0.016,0.018,1
Kif20b,0.86391011,-0.313882081,0.016,0.018,1
Smim9,0.86391011,-0.241356384,0.016,0.018,1
St3gal1,0.863931952,-0.119102174,0.086,0.091,1
Rad9a,0.864063581,0.259068405,0.176,0.165,1
Prmt6,0.86407508,-0.174023787,0.166,0.152,1
Tmem104,0.864103592,-0.300583074,0.316,0.311,1
Myorg,0.864111442,-0.404916321,0.08,0.085,1
Pus7,0.86412799,-0.142656276,0.267,0.268,1
Polm,0.864186413,-0.12631124,0.112,0.104,1
Hk1os,0.86419889,0.654365657,0.112,0.116,1
Grik3,0.864915115,0.211168373,0.107,0.104,1
Apcdd1,0.864921366,0.946315349,0.027,0.03,1
Ppih,0.865214947,-0.15440438,0.358,0.366,1
Fcsk,0.86529024,-0.118578333,0.053,0.049,1
Cped1,0.865596697,0.128605758,0.021,0.024,1
Ap3m2,0.865752715,0.155868086,0.439,0.427,1
Chst11,0.866058194,0.103567519,0.096,0.091,1
Mageh1,0.866093462,0.230392495,0.417,0.378,1
Trim12c,0.866134709,-0.127766684,0.374,0.366,1
Nrtn,0.866396131,-0.548988014,0.118,0.116,1
Inpp5b,0.866525637,-0.161417113,0.316,0.287,1
Zfp143,0.866854435,0.348396178,0.171,0.177,1
Ryk,0.866890147,-0.143549522,0.529,0.494,1
Mplkip,0.867043729,-0.159282202,0.487,0.482,1
Dtwd1,0.867049403,-0.113058525,0.15,0.134,1
Rnf34,0.867058102,-0.30770425,0.561,0.543,1
Cdc25b,0.867301709,0.132747321,0.086,0.091,1
Tdrd7,0.867385527,0.120389481,0.503,0.476,1
Serinc4,0.867603704,-0.269143994,0.016,0.018,1
Hist2h2bb,0.867603704,-0.168161795,0.016,0.018,1
Spaca1,0.867603704,-0.379108851,0.016,0.018,1
Csmd2os,0.867603704,-0.205055223,0.016,0.018,1
Gm15396,0.867603704,-0.351581578,0.016,0.018,1
Gm38250,0.867603704,-0.342519097,0.016,0.018,1
Bco1,0.867603704,-0.305787858,0.016,0.018,1
Gm32710,0.867603704,-0.411949966,0.016,0.018,1
Ripply2,0.867603704,-0.297712743,0.016,0.018,1
Gm19967,0.867603704,-0.303687652,0.016,0.018,1
Aanat,0.867603704,-0.348243991,0.016,0.018,1
Papln,0.867603704,-0.318800574,0.016,0.018,1
Gm4707,0.867603704,-0.262750639,0.016,0.018,1
Gm42937,0.86815247,-0.182067248,0.144,0.146,1
1700088E04Rik,0.869323404,-0.16294983,0.08,0.085,1
Cfap300,0.869707352,-1.045422211,0.059,0.055,1
Rptor,0.870221715,-0.127319457,0.588,0.518,1
Slc35d2,0.870338772,-0.279514304,0.107,0.11,1
Frmd5,0.870860796,-0.1433693,0.144,0.146,1
Nmi,0.871221023,-0.159682799,0.358,0.341,1
Coq6,0.871263586,-0.122253785,0.16,0.146,1
Ndst2,0.871291936,-0.394091126,0.075,0.079,1
Rgs5,0.871300191,-0.901495501,0.016,0.018,1
Gm14033,0.871300191,-0.202854706,0.016,0.018,1
4930417H01Rik,0.871300191,-0.20357887,0.016,0.018,1
Kcnn3,0.871300191,0.733753579,0.016,0.018,1
Hist2h2ac,0.871300191,-0.169125885,0.016,0.018,1
Exoc3l2,0.871300191,-0.951179636,0.016,0.018,1
Gm45740,0.871300191,-0.334653185,0.016,0.018,1
Gm17545,0.871300191,2.481802459,0.016,0.018,1
Megf11,0.871300191,-0.546139977,0.016,0.018,1
Fbxl22,0.871300191,-0.19971774,0.016,0.018,1
Arhgap18,0.871300191,-0.106030607,0.016,0.018,1
Prss57,0.871300191,-0.166076124,0.016,0.018,1
Gm47080,0.871300191,-0.557486251,0.016,0.018,1
Gm48163,0.871300191,-0.199978587,0.016,0.018,1
Gm2237,0.871300191,-0.299086352,0.016,0.018,1
Gm33906,0.871300191,-0.227496848,0.016,0.018,1
Tmem71,0.871300191,-0.224480194,0.016,0.018,1
Fam43a,0.871300191,-0.325713683,0.016,0.018,1
Orc3,0.871665959,-0.123468651,0.364,0.354,1
5430403G16Rik,0.871680233,-0.264827504,0.144,0.128,1
Tstd2,0.871763239,-0.271414005,0.417,0.402,1
Sh3tc2,0.871773847,-0.126241468,0.059,0.055,1
Eral1,0.871823351,-0.211357046,0.241,0.238,1
Ndc80,0.87193153,-0.13104033,0.086,0.079,1
Phc1,0.872108271,-0.187350809,0.139,0.14,1
Plagl2,0.872190511,-0.166607875,0.08,0.073,1
C2,0.872614647,0.217132969,0.096,0.091,1
Mbd6,0.872682697,0.105332063,0.46,0.445,1
Dnajc24,0.872841355,-0.15886965,0.38,0.36,1
Obscn,0.873035705,0.442419856,0.027,0.024,1
Nsrp1,0.87322112,-0.200372766,0.567,0.518,1
Lrrc4,0.873513413,-0.124147226,0.107,0.098,1
9330104G04Rik,0.873674251,-0.266254407,0.048,0.043,1
Npm3,0.87388209,0.155816957,0.187,0.183,1
Eef1akmt2,0.873944905,-0.230988429,0.39,0.372,1
BC037039,0.873976073,-0.172244198,0.053,0.049,1
Dcp1b,0.874637494,0.27406029,0.283,0.262,1
Rcsd1,0.874999491,-0.141686814,0.016,0.018,1
Mutyh,0.874999491,-0.19259396,0.016,0.018,1
Tsks,0.874999491,-0.158883656,0.016,0.018,1
Gm15991,0.874999491,-0.189645019,0.016,0.018,1
Gm29571,0.874999491,-0.151532259,0.016,0.018,1
Sox9,0.874999491,-0.133099458,0.016,0.018,1
Gm49497,0.874999491,2.003353758,0.016,0.018,1
Rhpn1,0.874999491,-0.202936324,0.016,0.018,1
Commd5,0.874999491,-0.270562688,0.016,0.018,1
Snai2,0.874999491,-0.562461447,0.016,0.018,1
Magee2,0.874999491,-0.219789912,0.016,0.018,1
Gm32647,0.875229907,0.250147914,0.021,0.024,1
Erp44,0.875595384,0.179924458,0.476,0.433,1
Slc39a1,0.875889706,0.553308622,0.118,0.122,1
Igfbp6,0.876070057,1.874196034,0.027,0.024,1
Dvl2,0.876149948,0.116945052,0.053,0.049,1
Dcn,0.876580804,0.799034612,0.091,0.085,1
Suox,0.876581172,-0.130143112,0.289,0.268,1
Rmdn3,0.876669865,-0.141073633,0.289,0.262,1
Pask,0.876679551,-0.289530214,0.059,0.061,1
Brinp1,0.876800497,0.180516838,0.594,0.622,1
Tmem17,0.877293556,-0.41409293,0.246,0.25,1
Agps,0.877579928,0.141731691,0.668,0.634,1
Baz2a,0.87782615,-0.177660613,0.615,0.61,1
Nudt15,0.877990868,-0.36172259,0.166,0.159,1
Glcci1,0.878122979,0.100027354,0.727,0.622,1
6030442K20Rik,0.878701524,-0.126790707,0.016,0.018,1
Sdc1,0.878701524,0.288460321,0.016,0.018,1
Esr2,0.878701524,0.216991526,0.016,0.018,1
4931429P17Rik,0.878701524,0.300264546,0.016,0.018,1
Btla,0.878701524,-0.119217456,0.016,0.018,1
Rhod,0.878701524,-0.109336322,0.016,0.018,1
Xlr3c,0.878701524,-0.139612907,0.016,0.018,1
Gm48420,0.878701996,-0.367813488,0.059,0.061,1
Usp39,0.879694715,-0.210329387,0.38,0.341,1
Gan,0.879723114,0.138521373,0.754,0.762,1
Gm17226,0.879997727,-0.409096767,0.091,0.091,1
Tex22,0.880048444,-0.339729093,0.059,0.055,1
Rnaset2a,0.880048444,-0.137901229,0.059,0.055,1
Gm38190,0.880500488,-0.351305555,0.053,0.049,1
Galnt16,0.880635188,-0.258393705,0.086,0.079,1
Hdhd5,0.881030372,-0.150356958,0.15,0.14,1
Zfp111,0.88118514,-0.123792396,0.08,0.073,1
Trafd1,0.881695504,-0.124280974,0.588,0.61,1
Psen1,0.88195399,-0.113572494,0.503,0.47,1
Phf6,0.882136457,0.109775572,0.706,0.671,1
Gm47350,0.882144186,0.35503585,0.027,0.024,1
Il20rb,0.882406212,0.123735569,0.016,0.018,1
Dgkeos,0.882406212,-0.115910544,0.016,0.018,1
Pole2,0.882406212,0.279976952,0.016,0.018,1
Gm13376,0.88274925,-0.609100907,0.059,0.061,1
Gm50107,0.88274925,-0.259498201,0.059,0.061,1
A530041M06Rik,0.882751325,-0.124365459,0.064,0.067,1
Clstn3,0.882832168,-0.304535511,0.348,0.341,1
Gmppa,0.883053619,-0.292182434,0.294,0.28,1
Trmt10c,0.883212524,-0.392416033,0.182,0.165,1
Ing2,0.883715512,-0.474049195,0.524,0.482,1
Gm10053,0.883878691,-0.412454217,0.193,0.189,1
Mthfd2,0.883987279,-0.218212676,0.642,0.628,1
Lrrc41,0.88409568,-0.139164375,0.642,0.567,1
Prtg,0.884379514,-0.216579127,0.07,0.073,1
Casp8ap2,0.884628562,-0.190494103,0.305,0.311,1
Mmp23,0.884836479,-0.229705605,0.096,0.098,1
Gm21691,0.885183875,0.117012692,0.027,0.024,1
Nfx1,0.885226384,-0.208269033,0.588,0.53,1
Clk2,0.885385789,-0.513279539,0.214,0.213,1
Afap1l2,0.885601828,0.179611713,0.139,0.134,1
Cxxc1,0.885844026,-0.129441303,0.39,0.384,1
Cyb5r4,0.885987035,-0.11888275,0.797,0.817,1
B3galnt2,0.886512377,-0.308866235,0.123,0.11,1
Sinhcaf,0.886599562,0.26629333,0.144,0.134,1
CK137956,0.886632751,-0.217849786,0.064,0.067,1
Selenon,0.886812936,0.177874151,0.321,0.323,1
Atxn7l1,0.886885868,-0.110997571,0.449,0.445,1
Naa25,0.887333271,-0.158866414,0.642,0.585,1
Golph3l,0.887455412,-0.195641794,0.348,0.335,1
Whamm,0.887584374,-0.124772143,0.278,0.256,1
Ccdc77,0.888087513,-0.186331029,0.139,0.128,1
D130020L05Rik,0.888107609,-0.108074683,0.128,0.116,1
Mms22l,0.888131977,-0.161700349,0.134,0.122,1
Caly,0.88820443,-0.132467706,0.374,0.366,1
Gchfr,0.88821782,-0.236613797,0.198,0.195,1
Klhl25,0.888225255,0.118809417,0.027,0.024,1
Ppp1r3e,0.888233027,0.10666671,0.62,0.579,1
A030005L19Rik,0.88826306,-0.417650108,0.011,0.012,1
Gm15445,0.88826306,-0.485950439,0.011,0.012,1
Gm16337,0.88826306,-0.485499439,0.011,0.012,1
Gm42869,0.88826306,-0.334858088,0.011,0.012,1
Gm43387,0.88826306,-0.352773857,0.011,0.012,1
Dennd2d,0.88826306,-0.277136887,0.011,0.012,1
Padi1,0.88826306,-0.454979126,0.011,0.012,1
Zfp600,0.88826306,-0.327039043,0.011,0.012,1
Mterf1b,0.88826306,-0.450455896,0.011,0.012,1
AI839979,0.88826306,-0.299709597,0.011,0.012,1
Actg2,0.88826306,-0.382714422,0.011,0.012,1
9330171B17Rik,0.88826306,-0.371399974,0.011,0.012,1
Gm44995,0.88826306,-0.562409232,0.011,0.012,1
Ccdc83,0.88826306,-1.542870545,0.011,0.012,1
Mfsd13b,0.88826306,-0.451896334,0.011,0.012,1
Gm45231,0.88826306,-0.530553052,0.011,0.012,1
Col12a1,0.88826306,-0.306410513,0.011,0.012,1
Cdcp1,0.88826306,-0.357641104,0.011,0.012,1
Gm29093,0.88826306,-0.39812225,0.011,0.012,1
Tmprss9,0.88826306,-0.358865057,0.011,0.012,1
B530045E10Rik,0.88826306,-0.369902866,0.011,0.012,1
Krt25,0.88826306,-0.345370218,0.011,0.012,1
Cdkl1,0.88826306,-0.618769343,0.011,0.012,1
Gm32635,0.88826306,-0.372967108,0.011,0.012,1
Hist1h2bb,0.88826306,-0.480125475,0.011,0.012,1
2010001K21Rik,0.88826306,-0.408234034,0.011,0.012,1
Gm32089,0.88826306,-0.366171597,0.011,0.012,1
Gm45645,0.88826306,-0.345480387,0.011,0.012,1
Serpine3,0.88826306,-0.38803831,0.011,0.012,1
4930517O19Rik,0.88826306,-0.268355436,0.011,0.012,1
Cldn10,0.88826306,-0.442226312,0.011,0.012,1
Prlr,0.88826306,-1.501931975,0.011,0.012,1
Gm48957,0.88826306,-0.328301142,0.011,0.012,1
Ip6k3,0.88826306,-0.541687577,0.011,0.012,1
Pcdha1,0.88826306,-0.509848733,0.011,0.012,1
Pcdhga2,0.88826306,-0.383768898,0.011,0.012,1
Magix,0.88826306,-0.484382568,0.011,0.012,1
Cybb,0.88826306,-0.314055483,0.011,0.012,1
P2ry10b,0.88826306,-0.401997485,0.011,0.012,1
Gm49785,0.88857449,-0.24223969,0.064,0.067,1
Kcng2,0.88857449,-0.191260737,0.064,0.067,1
Nifk,0.888582446,0.166037902,0.599,0.598,1
Zscan18,0.888703455,0.427528821,0.316,0.299,1
Gm43696,0.888838946,-0.248712168,0.123,0.122,1
Gm35248,0.889225424,0.241814035,0.064,0.061,1
Zfp354a,0.889926809,-0.111556677,0.166,0.171,1
Rab9,0.890166404,-0.195456413,0.759,0.671,1
Adam32,0.890410034,0.450016721,0.059,0.055,1
Ror2,0.890410034,0.173316408,0.059,0.055,1
Atg7,0.890781334,0.207877138,0.396,0.396,1
Cemip,0.891268281,0.209806875,0.027,0.024,1
Mocos,0.891319932,-0.192343844,0.118,0.11,1
Polg,0.891673853,-0.130711935,0.358,0.329,1
Plcl1,0.891775098,-0.17139915,0.299,0.299,1
Colq,0.891917609,-0.18125758,0.246,0.226,1
Fkbp5,0.891957559,-0.203361488,0.449,0.415,1
Fn1,0.892795621,-0.30321303,0.011,0.012,1
1700012E03Rik,0.892795621,-0.347259229,0.011,0.012,1
Nostrin,0.892795621,-0.38008253,0.011,0.012,1
Hpdl,0.892795621,-0.73029138,0.011,0.012,1
Gm13031,0.892795621,-0.242978294,0.011,0.012,1
2510017J16Rik,0.892795621,-0.579110227,0.011,0.012,1
Rassf6,0.892795621,-0.305205623,0.011,0.012,1
Far2os2,0.892795621,-0.216661752,0.011,0.012,1
Gm44699,0.892795621,-0.24497288,0.011,0.012,1
Gm17077,0.892795621,-0.266784901,0.011,0.012,1
Clec11a,0.892795621,-0.284742404,0.011,0.012,1
Gm15880,0.892795621,-0.258825234,0.011,0.012,1
Gm11175,0.892795621,-0.244787756,0.011,0.012,1
Iqch,0.892795621,-0.291310141,0.011,0.012,1
Lrig3,0.892795621,-0.960588964,0.011,0.012,1
Tespa1,0.892795621,-0.652740472,0.011,0.012,1
Rskr,0.892795621,-0.245022297,0.011,0.012,1
Tnfaip2,0.892795621,-0.695320501,0.011,0.012,1
Gm47882,0.892795621,-0.290048518,0.011,0.012,1
Gm49357,0.892795621,-0.233901911,0.011,0.012,1
Gm34934,0.892795621,-0.213358865,0.011,0.012,1
A730061H03Rik,0.892795621,-0.292262723,0.011,0.012,1
Mir17hg,0.892795621,-0.272418276,0.011,0.012,1
Cdh9,0.892795621,-0.470839511,0.011,0.012,1
Fbxo43,0.892795621,-0.267196268,0.011,0.012,1
Recql4,0.892795621,-0.203635534,0.011,0.012,1
Zdhhc23,0.892795621,-0.23491477,0.011,0.012,1
Lrfn2,0.892795621,-0.603858531,0.011,0.012,1
Pcdhb15,0.892795621,-0.233105009,0.011,0.012,1
Trpm6,0.892795621,-0.662258702,0.011,0.012,1
Papss2,0.892795621,-0.299514065,0.011,0.012,1
Gm35867,0.892795621,-2.709048428,0.011,0.012,1
Rgn,0.892795621,-0.277278978,0.011,0.012,1
Rhbdf1,0.892880557,-0.30469476,0.059,0.061,1
Smg9,0.893113743,-0.234010017,0.289,0.28,1
Gm10814,0.893339224,-0.13526018,0.091,0.091,1
Nek7,0.893464815,0.130891113,0.952,0.909,1
5330438D12Rik,0.893834012,-0.396615239,0.305,0.293,1
2810032G03Rik,0.893939809,-0.119520428,0.144,0.146,1
Lca5,0.894077065,0.625965037,0.16,0.159,1
Echdc1,0.894223757,0.171152846,0.652,0.659,1
Calcrl,0.894312909,0.508098105,0.027,0.024,1
4930549G23Rik,0.894341567,0.407667673,0.086,0.091,1
Ston2,0.894341845,0.429505044,0.118,0.11,1
Cep76,0.894403675,-0.204897942,0.064,0.067,1
Atat1,0.894528271,0.292139193,0.23,0.213,1
Slc9a3r2,0.894888559,-0.186990745,0.551,0.5,1
Ddx20,0.895463995,-0.124270174,0.08,0.085,1
Nacc1,0.895763961,-0.184002484,0.695,0.64,1
Zfp956,0.895793602,-0.266171159,0.144,0.14,1
Gramd1a,0.895873588,-0.315425807,0.497,0.457,1
Stk11ip,0.896129406,-0.306271495,0.358,0.341,1
Armcx6,0.89634802,-0.276359972,0.064,0.067,1
Gas2l1,0.896427207,-0.133702311,0.69,0.677,1
Senp5,0.896573091,0.162441273,0.85,0.811,1
Med9os,0.896938075,0.821001096,0.059,0.061,1
Kdm4c,0.896969831,-0.16407677,0.422,0.396,1
Cage1,0.897229367,-0.33750993,0.193,0.177,1
Frg2f1,0.897242132,-0.133876819,0.134,0.134,1
Col19a1,0.897331686,0.538772359,0.011,0.012,1
Gm28535,0.897331686,-0.170720991,0.011,0.012,1
Tfcp2l1,0.897331686,-0.12981121,0.011,0.012,1
Brinp3,0.897331686,0.101996238,0.011,0.012,1
Gm38155,0.897331686,-0.184489841,0.011,0.012,1
Mcm10,0.897331686,-0.218888025,0.011,0.012,1
Fam166a,0.897331686,-0.279908839,0.011,0.012,1
Gm14471,0.897331686,-0.200275653,0.011,0.012,1
Gm13594,0.897331686,-0.359560655,0.011,0.012,1
Sdcbp2,0.897331686,-0.188491791,0.011,0.012,1
Zfp966,0.897331686,-0.194164468,0.011,0.012,1
Gm29797,0.897331686,-0.185168868,0.011,0.012,1
Ect2,0.897331686,-0.167726214,0.011,0.012,1
Oaz3,0.897331686,-0.217493062,0.011,0.012,1
Esrp1,0.897331686,-0.286920619,0.011,0.012,1
Lepr,0.897331686,-1.399139023,0.011,0.012,1
Gm16401,0.897331686,-0.138245301,0.011,0.012,1
Gm28563,0.897331686,-0.173734219,0.011,0.012,1
Gm15637,0.897331686,0.273729224,0.011,0.012,1
Cntn4,0.897331686,-0.153885046,0.011,0.012,1
Vmn1r181,0.897331686,-0.127794807,0.011,0.012,1
Rgs9bp,0.897331686,-0.221839834,0.011,0.012,1
Me3,0.897331686,-0.219849487,0.011,0.012,1
4933432K03Rik,0.897331686,-0.21162703,0.011,0.012,1
Gdf15,0.897331686,-0.278884941,0.011,0.012,1
Abcc12,0.897331686,-0.236799868,0.011,0.012,1
1700030M09Rik,0.897331686,-0.586917392,0.011,0.012,1
Cpne7,0.897331686,-0.165886463,0.011,0.012,1
Pdgfd,0.897331686,-0.321792778,0.011,0.012,1
4930500F10Rik,0.897331686,-0.272501666,0.011,0.012,1
4930459C07Rik,0.897331686,-0.897761209,0.011,0.012,1
Etv4,0.897331686,-0.101766322,0.011,0.012,1
Platr19,0.897331686,-0.254357196,0.011,0.012,1
Gm32151,0.897331686,-0.171883236,0.011,0.012,1
Ecm2,0.897331686,-0.107860698,0.011,0.012,1
Gm48952,0.897331686,-0.170681081,0.011,0.012,1
I730030J21Rik,0.897331686,-0.356472447,0.011,0.012,1
Npff,0.897331686,-0.288420422,0.011,0.012,1
Csta2,0.897331686,-0.155551425,0.011,0.012,1
Gm49795,0.897331686,-0.324235438,0.011,0.012,1
Olfr1564,0.897331686,-0.189443549,0.011,0.012,1
Gypc,0.897331686,-0.199939061,0.011,0.012,1
Cdc25c,0.897331686,-1.146154882,0.011,0.012,1
Csf1r,0.897331686,-0.209347445,0.011,0.012,1
Casp7,0.897331686,-0.199705478,0.011,0.012,1
1700013H16Rik,0.897331686,-0.221404441,0.011,0.012,1
Taf7l,0.897331686,-0.195038628,0.011,0.012,1
Gm49291,0.897359095,0.696745536,0.027,0.024,1
Rinl,0.897538365,0.167508008,0.102,0.098,1
Rdh14,0.897897431,-0.101222408,0.631,0.622,1
Morn5,0.89809963,0.809014072,0.091,0.098,1
Rlbp1,0.898292989,-0.255296234,0.064,0.067,1
Pgap1,0.898639894,0.177744328,0.545,0.494,1
Sae1,0.899340105,0.184872997,0.807,0.793,1
Serhl,0.899509254,-0.452170653,0.316,0.311,1
Hcn3,0.899589633,-0.244573951,0.433,0.378,1
Map3k9,0.899651954,-0.446084206,0.182,0.171,1
Vmac,0.899822541,-0.280220182,0.257,0.238,1
Naa10,0.899856272,-0.17122896,0.529,0.506,1
Exoc2,0.899862286,0.172637995,0.701,0.671,1
Kcnk5,0.900120711,-0.153773066,0.053,0.049,1
Zfp276,0.900274066,-0.513723742,0.091,0.085,1
Tmco4,0.90039023,0.681512709,0.112,0.116,1
Tulp2,0.900406795,-1.577182991,0.027,0.024,1
Bmper,0.900406795,-0.181519979,0.027,0.024,1
2610027K06Rik,0.900406795,-0.145987123,0.027,0.024,1
Meak7,0.900766853,-0.19878815,0.139,0.128,1
D930028M14Rik,0.900797238,0.478929798,0.198,0.201,1
Glb1,0.900892977,-0.120697596,0.385,0.372,1
Zfp583,0.900893053,-0.171787632,0.267,0.25,1
Cxcl16,0.901211065,-0.130826959,0.107,0.11,1
Slc25a11,0.90134505,-0.120508259,0.914,0.866,1
Rfx1,0.901821609,-0.305719483,0.144,0.134,1
Rfx8,0.901871109,-0.158741567,0.011,0.012,1
Tmem37,0.901871109,-0.161721908,0.011,0.012,1
Slc30a10,0.901871109,0.221475021,0.011,0.012,1
Dlx1,0.901871109,-0.123901043,0.011,0.012,1
Oprl1,0.901871109,0.191545333,0.011,0.012,1
Hemgn,0.901871109,0.343809393,0.011,0.012,1
Gm10399,0.901871109,0.818118845,0.011,0.012,1
Mesp2,0.901871109,-0.166375525,0.011,0.012,1
Gsg1l,0.901871109,0.387942189,0.011,0.012,1
A830035O19Rik,0.901871109,-0.144852252,0.011,0.012,1
Gm48099,0.901871109,-0.132698178,0.011,0.012,1
Fam135b,0.901871109,0.193968521,0.011,0.012,1
Gpihbp1,0.901871109,0.212397723,0.011,0.012,1
Gm27151,0.901871109,0.407656769,0.011,0.012,1
Rnaseh2b,0.902076608,-0.608311177,0.23,0.207,1
Pnpla7,0.902759009,-0.116552696,0.107,0.11,1
4933421O10Rik,0.902916485,-0.230004294,0.214,0.207,1
1700034H15Rik,0.903455963,-0.130318472,0.027,0.024,1
Gm33051,0.903455963,-0.179800128,0.027,0.024,1
Gm26638,0.903455963,-0.201968917,0.027,0.024,1
Pxylp1,0.903455963,-0.347086948,0.027,0.024,1
Pbld1,0.903455963,-0.12067696,0.027,0.024,1
Ikzf3,0.903455963,-0.5314928,0.027,0.024,1
Gm48342,0.903455963,-0.116588138,0.027,0.024,1
Dok2,0.903455963,-0.423314211,0.027,0.024,1
Gm960,0.90366659,-0.134827054,0.091,0.085,1
Gm19710,0.903695648,-0.267647277,0.053,0.055,1
Efna2,0.904293531,-0.13074732,0.134,0.134,1
Dnah3,0.904514998,0.7361304,0.086,0.091,1
Dcun1d3,0.904561846,0.2729332,0.46,0.445,1
Elp6,0.904625536,0.46671293,0.257,0.244,1
Ddx19a,0.904759542,-0.10214434,0.214,0.201,1
Ptar1,0.905847903,-0.342647534,0.487,0.451,1
Slc25a42,0.905860804,-0.199900299,0.16,0.159,1
Pkd1,0.906081687,0.213157815,0.385,0.384,1
Ints1,0.906121263,-0.233538312,0.358,0.36,1
Gm26620,0.906413742,-0.105726117,0.011,0.012,1
Slpi,0.906413742,0.882018235,0.011,0.012,1
Gm26673,0.906413742,0.111967663,0.011,0.012,1
Gm39043,0.906413742,-0.122286617,0.011,0.012,1
Plk1,0.906413742,0.669246379,0.011,0.012,1
Zg16,0.906413742,0.816271868,0.011,0.012,1
Ptcra,0.906413742,0.760955141,0.011,0.012,1
Gm50207,0.906413742,0.437307391,0.011,0.012,1
Slc13a3,0.906506557,-0.291531581,0.027,0.024,1
BC030343,0.906506557,-0.13230393,0.027,0.024,1
4930527F14Rik,0.906506557,-0.180650565,0.027,0.024,1
Traf3,0.90674651,-0.139709624,0.578,0.555,1
Aif1,0.906828651,-0.175335149,0.086,0.079,1
Teddm2,0.906959196,0.119160256,0.07,0.067,1
Plpbp,0.907137313,-0.122968408,0.492,0.463,1
Dmap1,0.907593017,0.247434054,0.241,0.207,1
Tmem161b,0.908294945,-0.120884623,0.23,0.213,1
Csrnp1,0.90863733,-0.102975545,0.251,0.244,1
Lin52,0.908773798,-0.238759648,0.214,0.207,1
Nphp3,0.909115811,-0.329276332,0.086,0.085,1
Zfp867,0.90912639,-0.201059895,0.059,0.061,1
9930104L06Rik,0.9093475,-0.284740198,0.139,0.134,1
Gm26797,0.90955853,-0.533946139,0.027,0.024,1
Gm2824,0.90955853,-0.118194549,0.027,0.024,1
Gm26682,0.90955853,-0.16938813,0.027,0.024,1
Cyp2c55,0.90955853,-0.433259071,0.027,0.024,1
Tbc1d10b,0.909756944,0.142221291,0.77,0.695,1
Bcorl1,0.910288703,0.298295852,0.369,0.341,1
Apba3,0.91110484,-0.35303875,0.16,0.159,1
Nog,0.912080461,-0.888737947,0.086,0.079,1
Cfap206,0.912155464,-0.383214369,0.091,0.085,1
4833415N18Rik,0.912219723,-0.350466147,0.053,0.055,1
Rabl2,0.912451143,-0.12329658,0.374,0.341,1
Gm26512,0.912611838,-0.217041778,0.027,0.024,1
Tbl3,0.912652615,-0.257424363,0.241,0.232,1
Zfp942,0.913039196,-0.329938685,0.251,0.226,1
Iigp1,0.913170433,-0.595183723,0.193,0.183,1
Gm20033,0.913184579,-0.278418123,0.225,0.207,1
Klhdc9,0.913194065,-0.137021948,0.059,0.061,1
Abat,0.913253425,-0.13074739,0.209,0.195,1
Col4a4,0.913269063,-0.377869515,0.059,0.055,1
Emsy,0.913433969,-0.531456765,0.449,0.445,1
Adgrg2,0.91435236,-0.461708516,0.053,0.055,1
Unk,0.914540279,0.399676579,0.289,0.268,1
Plppr4,0.91491053,-0.688202273,0.209,0.201,1
Tmco6,0.914969221,-0.253830509,0.171,0.159,1
Cnnm1,0.91506906,-0.147290407,0.289,0.268,1
Cmtm6,0.915082575,-0.175840352,0.39,0.36,1
E4f1,0.91527478,0.648390647,0.235,0.244,1
Mettl5os,0.915351009,-0.282385261,0.059,0.055,1
6430571L13Rik,0.915351009,-0.144753676,0.059,0.055,1
Zbbx,0.915666437,-0.454059228,0.027,0.024,1
Gm31152,0.915666437,-0.410634649,0.027,0.024,1
Clec18a,0.915666437,-1.727625127,0.027,0.024,1
Ccng2,0.915699909,0.26509463,0.406,0.396,1
Chpf,0.916340348,-0.119597398,0.706,0.652,1
Fbxo16,0.916409895,-0.374848571,0.155,0.152,1
Bhlha9,0.917004719,-0.833513215,0.134,0.134,1
Kdm1b,0.917108951,-0.130917405,0.144,0.146,1
Shroom2,0.917264015,-0.259374837,0.059,0.061,1
Tbx2,0.917433536,-0.347428913,0.059,0.055,1
Tram1,0.9175048,0.224948205,0.588,0.53,1
Mtcp1,0.91861947,-0.337750153,0.053,0.055,1
Nuak2,0.918722282,-0.277599547,0.027,0.024,1
Lpxn,0.918722282,-0.668336922,0.027,0.024,1
Dus3l,0.918850137,0.25714068,0.305,0.299,1
Gm20337,0.918953836,-0.136839384,0.091,0.085,1
E230025N22Rik,0.918953836,0.80409247,0.091,0.085,1
Zfp60,0.919104979,-0.125030302,0.396,0.36,1
Thoc6,0.919231879,-0.291977399,0.39,0.354,1
Scn1a,0.91929981,-0.153549241,0.059,0.061,1
Spry1,0.919312081,0.382605955,0.032,0.03,1
Pcolce,0.919312081,0.247516071,0.032,0.03,1
Fadd,0.919312081,0.477884273,0.032,0.03,1
Cars2,0.919493528,-0.264871001,0.214,0.201,1
AC166172.1,0.91951663,-0.191132992,0.059,0.055,1
Gm45871,0.919783419,-0.138670094,0.155,0.146,1
Cdca8,0.919802161,-0.401170393,0.053,0.049,1
Igsf11,0.920542329,-0.318373318,0.144,0.14,1
Ssx2ip,0.920544705,-0.118566252,0.39,0.366,1
Gm46515,0.920753911,-0.246344767,0.053,0.055,1
Lyrm7,0.920866634,0.363085443,0.246,0.232,1
Uckl1,0.921211449,-0.150014779,0.251,0.232,1
Edem1,0.921549263,0.128968066,0.246,0.244,1
Mthfd1l,0.922327791,0.132530619,0.326,0.311,1
Leng1,0.922718805,0.109789698,0.353,0.335,1
Myo1d,0.922822626,-0.143186502,0.759,0.701,1
K230015D01Rik,0.92320304,-0.293794838,0.15,0.146,1
Hspbap1,0.923440293,-0.507849197,0.225,0.213,1
Pgm2,0.923462474,-1.028751384,0.091,0.091,1
Zfp395,0.92369016,-0.157927828,0.096,0.091,1
Gatm,0.924263857,-0.176280739,0.754,0.756,1
D10Wsu102e,0.924394636,-0.103946832,0.497,0.463,1
Tyk2,0.924409215,-0.130827421,0.155,0.152,1
5330439K02Rik,0.924487486,-0.135484038,0.15,0.152,1
Cdk5rap1,0.924558184,-0.152047407,0.15,0.146,1
Nckipsd,0.925816662,-0.114633807,0.572,0.549,1
Golga1,0.926140263,-0.125506445,0.636,0.604,1
3830408C21Rik,0.926159333,-0.509602954,0.139,0.134,1
Usp40,0.926181987,-0.187698161,0.289,0.268,1
4930488L21Rik,0.926198425,-0.100391529,0.139,0.128,1
Gm3448,0.926606863,-0.36875717,0.048,0.049,1
Pknox1,0.927072425,-0.439192507,0.406,0.378,1
Acad10,0.927488768,0.788710437,0.219,0.22,1
Oasl1,0.927634859,0.486915923,0.032,0.03,1
Gm32916,0.927634859,-2.741119874,0.032,0.03,1
Prodh,0.927688259,-0.116250584,0.128,0.128,1
Uprt,0.927854388,-0.143527511,0.059,0.055,1
Uqcrc2,0.928068103,0.168428604,0.872,0.841,1
Slc25a37,0.92819413,-0.296048683,0.326,0.305,1
Gm30489,0.928311178,0.197605418,0.086,0.091,1
Hmox1,0.928364939,-0.34749306,0.203,0.195,1
Rph3al,0.928411795,-0.163570238,0.155,0.152,1
Qrsl1,0.929079763,-0.106014161,0.289,0.274,1
Epc2,0.92909046,-0.196517062,0.594,0.591,1
Sh2d5,0.929193163,-0.266904331,0.118,0.11,1
Gm50240,0.929209957,-0.133231091,0.326,0.305,1
Oxld1,0.929262634,-0.123257396,0.46,0.445,1
Slc35b4,0.930180703,-0.130864215,0.535,0.512,1
Gm16083,0.930473678,-0.135958651,0.551,0.518,1
Zfp518a,0.930702434,0.376764995,0.278,0.274,1
E2f2,0.930710139,-0.144288069,0.209,0.207,1
Pdlim5,0.930754965,-0.165940273,0.588,0.543,1
Mrpl9,0.931495285,-0.151234341,0.567,0.512,1
Tor2a,0.931567967,-0.208997326,0.144,0.14,1
Nup37,0.931673148,-0.233875704,0.139,0.14,1
Rpl36a-ps1,0.931719446,-0.105600308,0.283,0.28,1
Tepsin,0.93223112,-0.234968894,0.118,0.11,1
4930588A03Rik,0.932567874,-0.181029366,0.091,0.085,1
Rbmx,0.932672483,-0.193919388,0.316,0.299,1
Thrsp,0.933187836,-0.118296726,0.032,0.03,1
Gm20559,0.933221238,0.108868406,0.374,0.372,1
Lmbr1,0.933281201,0.108724892,0.647,0.628,1
6720468P15Rik,0.933572017,-0.215450638,0.053,0.055,1
Slc9a7,0.933648699,-0.281220763,0.187,0.183,1
Ddx58,0.934692525,-0.247494621,0.492,0.433,1
Fam185a,0.935350272,0.349291382,0.064,0.067,1
4930503L19Rik,0.93542309,0.228114616,0.246,0.232,1
Slc30a1,0.935776473,0.300949045,0.214,0.207,1
Il11,0.935965562,1.648889277,0.032,0.03,1
Slco2a1,0.935965562,0.153925605,0.032,0.03,1
Nfatc2ip,0.936970084,-0.350020726,0.187,0.177,1
Lsamp,0.937074744,0.425813517,0.492,0.506,1
Nrcam,0.937278875,0.225413837,0.39,0.384,1
E430024P14Rik,0.937305255,-0.240170836,0.064,0.067,1
Cavin4,0.937848715,-0.276665676,0.053,0.055,1
Clba1,0.937934751,-0.243020162,0.144,0.134,1
Gm11290,0.93797561,-0.300250241,0.198,0.201,1
M6pr,0.938029372,-0.179516563,0.701,0.652,1
Gm45847,0.938280949,-0.140031811,0.166,0.165,1
Trim59,0.938288351,0.139212735,0.08,0.079,1
Mttp,0.938392736,-0.184574941,0.214,0.201,1
2310057M21Rik,0.938533184,-0.308107513,0.38,0.366,1
Rxfp1,0.938547526,-0.302547512,0.102,0.104,1
Gm45885,0.938744067,-0.183315226,0.032,0.03,1
A930016O22Rik,0.938759464,-0.466730696,0.123,0.122,1
Coasy,0.938814244,0.271112284,0.433,0.415,1
Slc17a5,0.940287769,0.387438626,0.487,0.518,1
Vwa1,0.940481027,-0.37524191,0.214,0.207,1
Greb1,0.94087478,-0.126452674,0.166,0.165,1
Ccnh,0.941241879,-0.251344844,0.487,0.451,1
Zfp607a,0.941523318,-0.117808983,0.032,0.03,1
Gm5441,0.941523318,-0.170667532,0.032,0.03,1
Tubd1,0.941599385,-1.102884735,0.139,0.134,1
Coq4,0.941797887,0.153069771,0.353,0.348,1
Emcn,0.942199581,0.969195666,0.037,0.037,1
Zxdc,0.942226653,-0.121040726,0.23,0.226,1
Zfp58,0.942285125,0.721885167,0.128,0.122,1
Gm38134,0.942383334,-0.3759521,0.048,0.049,1
Sfrp1,0.943275648,0.148510714,0.321,0.305,1
Trdmt1,0.943566541,-0.206913976,0.128,0.128,1
Cfap99,0.944240145,-0.198414902,0.118,0.116,1
Lef1,0.944303281,-0.134864272,0.032,0.03,1
Peg10,0.944303281,-0.27846439,0.032,0.03,1
Dnah2,0.944303281,-0.15665669,0.032,0.03,1
Farp1,0.944386531,-0.113461865,0.652,0.61,1
Osgepl1,0.944627089,-0.256947583,0.299,0.287,1
Ppt2,0.944806246,-0.151918615,0.326,0.299,1
H2-Eb1,0.945323164,-0.17730042,0.134,0.134,1
Ccn1,0.945389296,-0.139682516,0.337,0.329,1
Ago1,0.945489474,-0.1087525,0.214,0.201,1
E430024I08Rik,0.94579805,-0.802675632,0.171,0.165,1
Mapk1ip1,0.946499758,-0.153860654,0.401,0.354,1
Bbof1,0.947058849,-0.273856762,0.123,0.116,1
Drc1,0.947083923,-0.740771043,0.032,0.03,1
Gm50285,0.947083923,-0.154844361,0.032,0.03,1
Erich1,0.94730971,-0.257026319,0.332,0.311,1
Arfgap2,0.947895357,-0.115416414,0.487,0.476,1
Caskin2,0.947907081,-0.252024231,0.091,0.085,1
Slc30a7,0.948380602,0.40039874,0.396,0.384,1
Gm15738,0.948548039,-0.121978169,0.053,0.055,1
Mpst,0.949112796,-0.314852394,0.278,0.25,1
A330033J07Rik,0.949151968,-0.39591086,0.048,0.049,1
Setd1a,0.949165426,-0.16983574,0.406,0.39,1
Dclre1c,0.949369877,-0.103736972,0.171,0.171,1
Plekha8,0.949660867,0.106093314,0.246,0.238,1
Prpf4,0.949791257,-0.225266612,0.385,0.341,1
Wdr43,0.950124259,-0.100422528,0.476,0.445,1
Tspan9,0.950899613,-0.125657433,0.107,0.11,1
Mlx,0.950965905,0.132952592,0.46,0.457,1
Pigo,0.95140902,-0.237261654,0.048,0.049,1
AC171003.1,0.95140902,-0.294207905,0.048,0.049,1
Aimp2,0.951423603,-0.159882536,0.471,0.445,1
Ndufaf1,0.952159013,-0.107274215,0.497,0.439,1
Snhg18,0.952174412,-0.578419063,0.316,0.299,1
Traf2,0.952318996,-0.346252486,0.086,0.085,1
Farsa,0.952454076,-0.170462725,0.241,0.244,1
4933404O12Rik,0.952578892,0.14078291,0.08,0.079,1
Gm45051,0.952647107,-0.393082729,0.032,0.03,1
Nxpe4,0.953325795,0.28731764,0.476,0.488,1
Cdca4,0.953695904,-0.887086526,0.091,0.091,1
Ntrk3,0.953799378,0.336362444,0.155,0.152,1
Lrwd1,0.953959582,-0.193425174,0.128,0.122,1
Herc4,0.954017748,-0.116527814,0.513,0.47,1
Def6,0.954120711,-0.718891769,0.214,0.195,1
Phf7,0.954421056,-0.114951064,0.182,0.183,1
Slc16a9,0.95463332,-0.734542053,0.075,0.073,1
Gjc1,0.954972214,-0.113225751,0.053,0.055,1
Cdc42ep1,0.955028564,0.225527578,0.037,0.037,1
Stk17b,0.955527236,-0.203436128,0.102,0.098,1
Ints9,0.955632461,0.132225342,0.396,0.39,1
1700037C18Rik,0.955655022,0.974076037,0.139,0.134,1
Fkbp9,0.95613227,0.109246223,0.155,0.146,1
Zfp653,0.956449974,-0.22624475,0.171,0.159,1
Gm47962,0.956811421,-0.600487193,0.043,0.043,1
Gm49767,0.956811421,-0.291395602,0.043,0.043,1
Gm46633,0.956811421,0.332782703,0.043,0.043,1
Med12,0.956909061,-0.124212463,0.305,0.293,1
Nupr1l,0.95696941,-0.365058487,0.064,0.061,1
Golm1,0.957052431,0.366929269,0.171,0.171,1
Fbxl4,0.957317121,-0.213697806,0.412,0.39,1
Scrt1,0.957431693,-0.136820499,0.332,0.311,1
Dtx2,0.957701434,-0.755014752,0.134,0.128,1
Slc16a6,0.957942026,-0.274641201,0.08,0.079,1
Gm36033,0.958212599,-0.255894125,0.032,0.03,1
Insyn2b,0.958212599,-0.240529668,0.032,0.03,1
Zbtb40,0.958448192,-0.188029061,0.16,0.159,1
Lor,0.958679674,-0.140670117,0.07,0.067,1
Zfp566,0.958679674,-0.328618814,0.07,0.067,1
Gm10827,0.958679674,-0.119378068,0.07,0.067,1
Aurka,0.959208634,-1.657791414,0.043,0.043,1
Syndig1l,0.959436601,-0.201838522,0.364,0.36,1
Nutf2,0.95946728,-0.168016657,0.128,0.128,1
Ccdc141,0.959478302,-0.174959492,0.209,0.201,1
Rbm4,0.959542417,-0.16554065,0.278,0.256,1
Egfl8,0.959800675,-0.32504131,0.128,0.122,1
Dis3l2,0.960008845,0.194110536,0.481,0.47,1
Chmp1b,0.960051296,-0.15233371,0.679,0.622,1
Gemin5,0.960496581,-0.567721704,0.219,0.201,1
4931428F04Rik,0.960546148,-0.296700232,0.444,0.427,1
Efcab14,0.960692384,-0.128722071,0.717,0.646,1
Wdr81,0.960837069,-0.162665916,0.246,0.238,1
Mylpf,0.960996127,-0.309123893,0.032,0.03,1
Ppp1r3c,0.960996127,-0.226391872,0.032,0.03,1
Phrf1,0.961002645,0.193923683,0.412,0.421,1
Trim16,0.96126605,-0.370908661,0.235,0.226,1
C77080,0.962097282,-0.331996705,0.717,0.695,1
Lhfpl3,0.96268829,-0.179434202,0.139,0.134,1
Cys1,0.962699764,-0.305228748,0.048,0.049,1
Jazf1,0.962800781,-0.193235598,0.348,0.341,1
Cbll1,0.962929911,-0.121513465,0.62,0.549,1
Rpf1,0.963204817,-0.154824035,0.171,0.165,1
Gck,0.963265622,-0.444329427,0.091,0.085,1
Tmem167b,0.96338937,-0.110263212,0.449,0.427,1
Plod2,0.963460953,-0.228217883,0.096,0.091,1
Ptges,0.96378013,-0.384564078,0.032,0.03,1
1700007L15Rik,0.96378013,-0.321704309,0.032,0.03,1
Mcam,0.963943892,0.170964037,0.235,0.22,1
Arid3a,0.963943892,0.333747493,0.23,0.226,1
Capn11,0.964004144,-0.275688165,0.043,0.043,1
Mccc2,0.964244185,-0.380227641,0.171,0.159,1
Lama2,0.964399515,-0.161665596,0.219,0.213,1
D430040D24Rik,0.96444657,-0.220965739,0.086,0.085,1
1600010M07Rik,0.964504428,-0.712286233,0.155,0.152,1
Abcc1,0.964610781,0.149751832,0.54,0.543,1
Cables2,0.964723315,-0.122477264,0.396,0.354,1
Utp14a,0.96493302,-0.173674327,0.273,0.262,1
Pcsk9,0.964958884,-0.155863841,0.048,0.049,1
Urb2,0.965735587,-0.150177374,0.075,0.073,1
Rnf185,0.965914966,-0.101146182,0.299,0.28,1
Fgf18,0.966138789,-0.127115437,0.305,0.287,1
Cdh20,0.966179818,-0.28456093,0.086,0.085,1
Gins1,0.96624219,0.185371805,0.059,0.061,1
Kcnk1,0.966325832,-0.175689896,0.289,0.287,1
Gm5493,0.966564574,-0.293499815,0.032,0.03,1
1810034E14Rik,0.966700605,0.378102593,0.128,0.128,1
1190007I07Rik,0.966732572,-0.311002726,0.225,0.207,1
Brip1,0.967218285,-0.126526457,0.048,0.049,1
Trappc11,0.967640331,-0.165966564,0.556,0.512,1
Iqcc,0.9679659,-0.270987401,0.246,0.232,1
C8g,0.968800956,-0.539499812,0.043,0.043,1
Odf2,0.969041513,-0.126768397,0.433,0.402,1
Tmub1,0.969225969,0.107891692,0.412,0.396,1
Gm26728,0.969349426,-0.537776371,0.032,0.03,1
Hs6st3,0.969477949,-0.154419842,0.048,0.049,1
Pwwp2b,0.969613417,-0.135418021,0.262,0.238,1
Polr3e,0.969664065,-0.267340122,0.235,0.22,1
Otud1,0.970027594,-0.294509715,0.128,0.122,1
Oaf,0.970096358,-0.324403693,0.091,0.085,1
AC154200.1,0.970204528,-0.232091147,0.07,0.067,1
Rgs10,0.970206636,-0.123911323,0.722,0.701,1
Gjc3,0.970265622,-0.391152319,0.182,0.171,1
Acaa1a,0.970268106,-0.165133665,0.551,0.512,1
Rmst,0.970438444,-0.137285745,0.037,0.037,1
Top3a,0.970971694,-0.308773554,0.064,0.061,1
Ypel1,0.971023811,-0.111893711,0.326,0.311,1
Phf11b,0.971198458,-0.211418106,0.155,0.152,1
Zfp329,0.972087801,-0.183570483,0.69,0.616,1
Rrnad1,0.972204753,-0.102313934,0.299,0.28,1
Pld2,0.972259154,-0.10508543,0.257,0.238,1
1300002E11Rik,0.972690405,-0.193878751,0.519,0.5,1
Zfp967,0.973007986,0.922186552,0.037,0.037,1
Armc6,0.973211887,-0.134345579,0.364,0.323,1
Gm12258,0.973321441,0.157237111,0.209,0.207,1
Tnxb,0.973598898,-0.37222725,0.043,0.043,1
Gm11973,0.974041887,-0.381704965,0.08,0.079,1
2700062C07Rik,0.97409146,-0.190985342,0.369,0.354,1
Rpa2,0.974174175,-0.378628153,0.171,0.165,1
Rwdd3,0.974397351,-0.24988318,0.144,0.14,1
Fam129c,0.974848291,-0.29398881,0.086,0.085,1
Gm47133,0.974920218,-0.242777087,0.032,0.03,1
Nlrc3,0.974920218,-0.271399693,0.032,0.03,1
C530005A16Rik,0.975004971,-0.2091731,0.198,0.189,1
Nhej1,0.975355124,-0.156136431,0.139,0.134,1
Ccdc157,0.97538416,0.136866083,0.128,0.128,1
Cblb,0.975559823,-0.107272477,0.684,0.64,1
1700064M15Rik,0.975577809,-0.165527543,0.037,0.037,1
Lims2,0.975589326,-0.198942837,0.166,0.152,1
Gm49077,0.975998238,-0.231636226,0.043,0.043,1
Ube2t,0.97654195,-0.442333162,0.102,0.098,1
Zc3h8,0.977335653,-0.296949672,0.128,0.122,1
Zscan22,0.977707963,-0.566781451,0.182,0.165,1
Nagpa,0.977767787,-0.133035833,0.134,0.128,1
Parp12,0.977819826,-0.22458751,0.342,0.311,1
2410002F23Rik,0.978343781,0.203852653,0.396,0.366,1
Tle3,0.978397795,-0.275506971,0.043,0.043,1
D130040H23Rik,0.978718438,-0.516454048,0.23,0.22,1
Rps27rt,0.979710763,-0.287710345,0.358,0.335,1
Dtwd2,0.979813431,-0.346695181,0.07,0.067,1
St3gal6,0.980255074,-0.104469977,0.176,0.171,1
Zfp523,0.980313415,0.126362406,0.476,0.445,1
2900089D17Rik,0.980718188,-0.117867644,0.037,0.037,1
Tnfsf9,0.980718188,0.131400739,0.037,0.037,1
Fhit,0.981149162,-0.248340571,0.385,0.366,1
Gtf2f1,0.98153891,-0.118045044,0.556,0.567,1
Pter,0.981627505,0.180802463,0.102,0.104,1
Rfc2,0.981663591,-0.144461746,0.535,0.488,1
Aldh3b1,0.981725684,-0.566118359,0.096,0.091,1
Ddx55,0.981763152,0.237507404,0.294,0.299,1
Nup205,0.981997688,-0.292386949,0.187,0.183,1
Tbc1d23,0.982025826,0.109631425,0.561,0.579,1
Hinfp,0.982915899,-0.140169312,0.182,0.171,1
Uck1,0.983221859,-0.128034857,0.332,0.305,1
Arl5b,0.983801852,-0.140942719,0.465,0.415,1
Aph1a,0.983842749,0.144760497,0.503,0.506,1
St6galnac4,0.984083163,-0.150674821,0.144,0.14,1
Seh1l,0.984500314,-0.105539701,0.481,0.457,1
Brms1,0.984545437,-0.14395945,0.433,0.409,1
Gm27030,0.984982932,-0.489742381,0.064,0.061,1
Znrf3,0.98518499,0.120711343,0.235,0.226,1
Pih1d2,0.985301443,-0.11680364,0.048,0.049,1
Secisbp2,0.98557483,0.181282417,0.342,0.341,1
Mmrn2,0.985597552,0.777454635,0.043,0.043,1
Crygn,0.985859369,-0.531403401,0.037,0.037,1
Gm7932,0.986571654,-0.192919322,0.08,0.079,1
Asic2,0.98659988,-0.35198637,0.449,0.439,1
Gatc,0.986886394,-0.126875526,0.508,0.463,1
Kat2b,0.987044536,0.236166669,0.519,0.512,1
Dld,0.987255066,0.110004361,0.738,0.72,1
Ficd,0.987680045,-0.186218041,0.278,0.268,1
Anxa3,0.987997761,-0.286886084,0.043,0.043,1
Matk,0.987997761,1.453950165,0.043,0.043,1
Cenpi,0.987997761,-0.215348644,0.043,0.043,1
Spag4,0.988430192,-0.186575604,0.037,0.037,1
Psmc3ip,0.988430192,-0.473855252,0.037,0.037,1
Ptgr2,0.989372133,-0.103296639,0.455,0.433,1
Dcaf17,0.989474001,-0.1799349,0.294,0.28,1
Dcaf15,0.98980987,-0.216061825,0.209,0.195,1
Nwd1,0.989810427,-0.456909027,0.075,0.073,1
Zdhhc24,0.989848878,-0.236166901,0.38,0.372,1
Gm20109,0.990152332,-0.156785054,0.08,0.079,1
Zfp72,0.990682009,0.181582653,0.262,0.25,1
Haus3,0.991198407,0.773944283,0.182,0.177,1
9130604C24Rik,0.991663001,-0.252940607,0.075,0.073,1
Nme5,0.992455737,0.10194341,0.182,0.177,1
Ankrd45,0.992605955,0.241068536,0.599,0.598,1
Brd3os,0.993442273,-0.510569713,0.209,0.201,1
Zfp408,0.993515621,-0.154067264,0.075,0.073,1
Prr11,0.993515621,-0.503644267,0.075,0.073,1
Gm50012,0.993515621,-0.211863017,0.075,0.073,1
Flna,0.993788782,-0.116554015,0.241,0.232,1
Bicdl1,0.99518544,0.202774017,0.583,0.567,1
St6galnac2,0.995198952,-0.247048063,0.043,0.043,1
Cep95,0.995213606,-0.433752451,0.283,0.274,1
A730081D07Rik,0.995265024,-0.557145572,0.107,0.104,1
Gm28379,0.995368276,-0.253901436,0.075,0.073,1
Col11a1,0.995901921,-0.297421952,0.096,0.098,1
Ube2g1,0.996123753,-0.119436643,0.647,0.634,1
Zbtb14,0.996141248,-0.142564935,0.385,0.372,1
Hhat,0.996143277,-0.354527978,0.037,0.037,1
Aebp2,0.99683037,-0.117923397,0.508,0.457,1
Zcchc9,0.997013081,-0.173160279,0.711,0.677,1
Stard6,0.997115903,-0.140791246,0.07,0.067,1
Dnajc18,0.997406392,-0.199478072,0.642,0.604,1
Zfp467,0.997847756,-0.17815483,0.668,0.616,1
Mthfsd,0.998133145,-0.124472253,0.433,0.421,1
Disc1,0.998148902,-0.276949926,0.193,0.183,1
Cep68,0.998446684,-0.164407362,0.299,0.305,1
Hyal2,0.998491749,-0.296313648,0.118,0.116,1
Pls1,0.998714421,-1.03791475,0.037,0.037,1
Rbm46,0.99907365,-0.178324602,0.075,0.073,1
Arhgef37,0.999190985,-0.728962405,0.102,0.098,1
Serac1,0.999295749,0.113923891,0.139,0.134,1
Vrk3,0.999553742,-0.261939114,0.524,0.512,1
Shc3,1,-0.452952604,0.166,0.152,1
A830005F24Rik,1,-0.421246222,0.091,0.085,1
Casc1,1,-0.33513564,0.037,0.037,1
2310026I22Rik,1,-0.320071523,0.037,0.037,1
Sfxn2,1,0.106298014,0.043,0.043,1